sampleID,AJCC_Stage_nature2012,Age_at_Initial_Pathologic_Diagnosis_nature2012,CN_Clusters_nature2012,Converted_Stage_nature2012,Days_to_Date_of_Last_Contact_nature2012,Days_to_date_of_Death_nature2012,ER_Status_nature2012,Gender_nature2012,HER2_Final_Status_nature2012,Integrated_Clusters_no_exp__nature2012,Integrated_Clusters_unsup_exp__nature2012,Integrated_Clusters_with_PAM50__nature2012,Metastasis_Coded_nature2012,Metastasis_nature2012,Node_Coded_nature2012,Node_nature2012,OS_Time_nature2012,OS_event_nature2012,PAM50Call_RNAseq,PAM50_mRNA_nature2012,PR_Status_nature2012,RPPA_Clusters_nature2012,SigClust_Intrinsic_mRNA_nature2012,SigClust_Unsupervised_mRNA_nature2012,Survival_Data_Form_nature2012,Tumor_T1_Coded_nature2012,Tumor_nature2012,Vital_Status_nature2012,_INTEGRATION,_PANCAN_CNA_PANCAN_K8,_PANCAN_Cluster_Cluster_PANCAN,_PANCAN_DNAMethyl_BRCA,_PANCAN_DNAMethyl_PANCAN,_PANCAN_RPPA_PANCAN_K8,_PANCAN_UNC_RNAseq_PANCAN_K16,_PANCAN_miRNA_PANCAN,_PANCAN_mirna_BRCA,_PANCAN_mutation_PANCAN,_PATIENT,_cohort,_primary_disease,_primary_site,additional_pharmaceutical_therapy,additional_radiation_therapy,additional_surgery_locoregional_procedure,additional_surgery_metastatic_procedure,age_at_initial_pathologic_diagnosis,anatomic_neoplasm_subdivision,axillary_lymph_node_stage_method_type,axillary_lymph_node_stage_other_method_descriptive_text,bcr_followup_barcode,bcr_patient_barcode,bcr_sample_barcode,breast_cancer_surgery_margin_status,breast_carcinoma_estrogen_receptor_status,breast_carcinoma_immunohistochemistry_er_pos_finding_scale,breast_carcinoma_immunohistochemistry_pos_cell_score,breast_carcinoma_immunohistochemistry_prgstrn_rcptr_ps_fndng_scl,breast_carcinoma_primary_surgical_procedure_name,breast_carcinoma_progesterone_receptor_status,breast_carcinoma_surgical_procedure_name,breast_neoplasm_other_surgical_procedure_descriptive_text,cytokeratin_immunohistochemistry_staining_method_mcrmtstss_ndctr,days_to_additional_surgery_locoregional_procedure,days_to_additional_surgery_metastatic_procedure,days_to_birth,days_to_collection,days_to_death,days_to_initial_pathologic_diagnosis,days_to_last_followup,days_to_last_known_alive,days_to_new_tumor_event_additional_surgery_procedure,days_to_new_tumor_event_after_initial_treatment,disease_code,distant_metastasis_present_ind2,er_detection_method_text,er_level_cell_percentage_category,fluorescence_in_st_hybrdztn_dgnstc_prcdr_chrmsm_17_sgnl_rslt_rng,followup_case_report_form_submission_reason,form_completion_date,gender,her2_and_centromere_17_positive_finding_other_measuremnt_scl_txt,her2_erbb_method_calculation_method_text,her2_erbb_pos_finding_cell_percent_category,her2_erbb_pos_finding_fluorescence_n_st_hybrdztn_clcltn_mthd_txt,her2_immunohistochemistry_level_result,her2_neu_and_centromere_17_copy_number_analysis_npt_ttl_nmbr_cnt,her2_neu_breast_carcinoma_copy_analysis_input_total_number,her2_neu_chromosone_17_signal_ratio_value,her2_neu_metastatic_breast_carcinoma_copy_analysis_inpt_ttl_nmbr,histological_type,histological_type_other,history_of_neoadjuvant_treatment,hr2_n_nd_cntrmr_17_cpy_nmbr_mtsttc_brst_crcnm_nlyss_npt_ttl_nmbr,icd_10,icd_o_3_histology,icd_o_3_site,immunohistochemistry_positive_cell_score,informed_consent_verified,init_pathology_dx_method_other,initial_pathologic_diagnosis_method,initial_weight,is_ffpe,lab_proc_her2_neu_immunohistochemistry_receptor_status,lab_procedure_her2_neu_in_situ_hybrid_outcome_type,lost_follow_up,lymph_node_examined_count,margin_status,menopause_status,metastatic_breast_carcinm_ps_fndng_prgstrn_rcptr_thr_msr_scl_txt,metastatic_breast_carcinom_lb_prc_hr2_n_mmnhstchmstry_rcptr_stts,metastatic_breast_carcinoma_erbb2_immunohistochemistry_levl_rslt,metastatic_breast_carcinoma_estrogen_receptor_detection_mthd_txt,metastatic_breast_carcinoma_estrogen_receptor_status,metastatic_breast_carcinoma_estrogen_receptr_lvl_cll_prcnt_ctgry,metastatic_breast_carcinoma_her2_erbb_method_calculatin_mthd_txt,metastatic_breast_carcinoma_her2_erbb_pos_findng_cll_prcnt_ctgry,metastatic_breast_carcinoma_her2_neu_chromosone_17_signal_rat_vl,metastatic_breast_carcinoma_immunhstchmstry_r_pstv_fndng_scl_typ,metastatic_breast_carcinoma_immunohistochemistry_er_pos_cell_scr,metastatic_breast_carcinoma_immunohistochemistry_pr_pos_cell_scr,metastatic_breast_carcinoma_lab_proc_hr2_n_n_st_hybrdztn_tcm_typ,metastatic_breast_carcinoma_pos_finding_hr2_rbb2_thr_msr_scl_txt,metastatic_breast_carcinoma_progestern_rcptr_lvl_cll_prcnt_ctgry,metastatic_breast_carcinoma_progesterone_receptor_dtctn_mthd_txt,metastatic_breast_carcinoma_progesterone_receptor_status,metastatic_site_at_diagnosis,metastatic_site_at_diagnosis_other,methylation_Clusters_nature2012,miRNA_Clusters_nature2012,mtsttc_brst_crcnm_flrscnc_n_st_hybrdztn_dgnstc_prc_cntrmr_17_sgn,mtsttc_brst_crcnm_hr2_rbb_ps_fndng_flrscnc_n_st_hybrdztn_clcltn,mtsttc_brst_crcnm_mmnhstchmstry_prgstrn_rcptr_pstv_fndng_scl_typ,new_neoplasm_event_occurrence_anatomic_site,new_neoplasm_event_type,new_neoplasm_occurrence_anatomic_site_text,new_tumor_event_additional_surgery_procedure,new_tumor_event_after_initial_treatment,number_of_lymphnodes_positive_by_he,number_of_lymphnodes_positive_by_ihc,oct_embedded,other_dx,pathologic_M,pathologic_N,pathologic_T,pathologic_stage,pathology_report_file_name,patient_id,person_neoplasm_cancer_status,pgr_detection_method_text,pos_finding_her2_erbb2_other_measurement_scale_text,pos_finding_metastatic_brst_crcnm_strgn_rcptr_thr_msrmnt_scl_txt,pos_finding_progesterone_receptor_other_measurement_scale_text,positive_finding_estrogen_receptor_other_measurement_scale_text,postoperative_rx_tx,primary_lymph_node_presentation_assessment,progesterone_receptor_level_cell_percent_category,project_code,radiation_therapy,sample_type,sample_type_id,surgical_procedure_purpose_other_text,system_version,targeted_molecular_therapy,tissue_prospective_collection_indicator,tissue_retrospective_collection_indicator,tissue_source_site,tumor_tissue_site,vial_number,vital_status,year_of_initial_pathologic_diagnosis,_GENOMIC_ID_TCGA_BRCA_exp_HiSeqV2_exon,_GENOMIC_ID_TCGA_BRCA_exp_HiSeqV2_PANCAN,_GENOMIC_ID_TCGA_BRCA_RPPA_RBN,_GENOMIC_ID_TCGA_BRCA_mutation,_GENOMIC_ID_TCGA_BRCA_PDMRNAseq,_GENOMIC_ID_TCGA_BRCA_hMethyl450,_GENOMIC_ID_TCGA_BRCA_RPPA,_GENOMIC_ID_TCGA_BRCA_PDMRNAseqCNV,_GENOMIC_ID_TCGA_BRCA_mutation_curated_wustl_gene,_GENOMIC_ID_TCGA_BRCA_hMethyl27,_GENOMIC_ID_TCGA_BRCA_PDMarrayCNV,_GENOMIC_ID_TCGA_BRCA_miRNA_HiSeq,_GENOMIC_ID_TCGA_BRCA_mutation_wustl_gene,_GENOMIC_ID_TCGA_BRCA_miRNA_GA,_GENOMIC_ID_TCGA_BRCA_exp_HiSeqV2_percentile,_GENOMIC_ID_data/public/TCGA/BRCA/miRNA_GA_gene,_GENOMIC_ID_TCGA_BRCA_gistic2thd,_GENOMIC_ID_data/public/TCGA/BRCA/miRNA_HiSeq_gene,_GENOMIC_ID_TCGA_BRCA_G4502A_07_3,_GENOMIC_ID_TCGA_BRCA_exp_HiSeqV2,_GENOMIC_ID_TCGA_BRCA_gistic2,_GENOMIC_ID_TCGA_BRCA_PDMarray,sample_id,time_to_event,event_status,stage,pam50_subtype,high_risk
TCGA-A1-A0SK-01,Stage IIA,54.0,1.0,Stage IIA,594.0,967.0,Negative,FEMALE,Negative,2.0,2.0,2.0,Negative,M0,Negative,N0,967.0,1.0,Basal,Basal-like,Negative,Basal,-13.0,-6.0,followup,T_Other,T2,DECEASED,TCGA-A1-A0SK-01,Squamous,C4-BRCA/Basal,cluster 5,BRCA basal-like c8,BRCA basal-like c6,GBM-like c6,miRNA cluster 12,cluster 5,mutation cluster 5,TCGA-A1-A0SK,TCGA Breast Cancer (BRCA),breast invasive carcinoma,Breast,,,,,54.0,Right Upper Outer Quadrant,Sentinel lymph node biopsy plus axillary dissection,,TCGA-A1-A0SK-F15926,TCGA-A1-A0SK,TCGA-A1-A0SK-01A,Negative,Negative,,,,Other,Negative,Lumpectomy,surgical resection,,,,-20048.0,1164.0,967.0,0.0,,,,,,,,,,Scheduled Follow-up Submission,2011-9-7,FEMALE,,,,,0,,,,,"Other, specify",,No,,C50.9,8013/3,C50.9,,YES,,Excisional Biopsy,160.0,NO,Negative,,,4.0,Positive,Indeterminate (neither Pre or Postmenopausal),,,,,,,,,,,,,,,,,,,,5.0,5.0,,,,,,,,,0.0,,True,No,M0,N0 (i-),T2,Stage IIA,TCGA-A1-A0SK.13302EC6-6511-42FE-AA8B-C875B5384FFE.pdf,A0SK,WITH TUMOR,,,,,,,,,,,Primary Tumor,1,,6th,,NO,YES,A1,Breast,A,DECEASED,2007.0,a63583ca-0ef2-4417-b435-5f3a6951d0c2,a63583ca-0ef2-4417-b435-5f3a6951d0c2,TCGA-A1-A0SK-01A-21-A13A-20,TCGA-A1-A0SK-01A-12D-A099-09,TCGA-A1-A0SK-01,TCGA-A1-A0SK-01A-12D-A10P-05,8d8099ba-c207-473b-8ffc-e9610494386c,TCGA-A1-A0SK-01,TCGA-A1-A0SK-01A-12D-A099-09,,TCGA-A1-A0SK-01,,TCGA-A1-A0SK-01A-12D-A099-09,TCGA-A1-A0SK-01,a63583ca-0ef2-4417-b435-5f3a6951d0c2,TCGA-A1-A0SK-01,TCGA-A1-A0SK-01A-12D-A087-01,,TCGA-A1-A0SK-01A-12R-A084-07,a63583ca-0ef2-4417-b435-5f3a6951d0c2,TCGA-A1-A0SK-01A-12D-A087-01,TCGA-A1-A0SK-01,TCGA-A1-A0SK-01,32.233333333333334,1,Stage IIA,Basal,1
TCGA-A2-A04N-01,Stage IA,66.0,4.0,Stage I,3188.0,,Positive,FEMALE,Negative,3.0,3.0,3.0,Negative,M0,Negative,N0,3188.0,0.0,LumA,Luminal A,Positive,LumA,-5.0,-3.0,followup,T1,T1,LIVING,TCGA-A2-A04N-01,Kirc+,C3-BRCA/Luminal,cluster 2,BRCA non-CIMP c9,BRCA nonbasal-like c8,BRCA nonbasal-like c7,miRNA cluster 14,cluster 6,mutation cluster 4,TCGA-A2-A04N,TCGA Breast Cancer (BRCA),breast invasive carcinoma,Breast,,,,,66.0,Right,Other (specify),Sentinel lymph node biopsy plus non-sentinel lymph node biopsy,TCGA-A2-A04N-F59311,TCGA-A2-A04N,TCGA-A2-A04N-01A,,Positive,,,,,Positive,Lumpectomy,,YES,,,-24155.0,2850.0,,0.0,4354.0,,,,,,,,,,2014-5-8,FEMALE,,,,,,,,1.2,,Infiltrating Ductal Carcinoma,,No,,C50.9,8500/3,C50.9,,YES,,Fine needle aspiration biopsy,130.0,NO,,Negative,NO,6.0,Negative,Post (prior bilateral ovariectomy OR >12 mo since LMP with no prior hysterectomy),,,,,,,,,,,,,,,,,,,,2.0,6.0,,,,,,,,NO,0.0,0.0,True,No,M0,N0 (i-),T1c,Stage IA,TCGA-A2-A04N.45B4B99C-80E6-4AF4-8692-F7EE19D0467A.pdf,A04N,TUMOR FREE,,,,,,YES,,,,YES,Primary Tumor,1,,5th,YES,NO,YES,A2,Breast,A,LIVING,2002.0,71b60d53-513c-4da5-b095-39f913bd4f11,71b60d53-513c-4da5-b095-39f913bd4f11,TCGA-A2-A04N-01A-21-A13A-20,TCGA-A2-A04N-01A-11D-A10Y-09,TCGA-A2-A04N-01,,2ef34d44-4aa3-4b06-8029-f92c4b3a49a7,TCGA-A2-A04N-01,TCGA-A2-A04N-01A-11D-A10Y-09,TCGA-A2-A04N-01A-11D-A112-05,TCGA-A2-A04N-01,TCGA-A2-A04N-01,TCGA-A2-A04N-01A-11D-A10Y-09,,71b60d53-513c-4da5-b095-39f913bd4f11,,TCGA-A2-A04N-01A-11D-A111-01,TCGA-A2-A04N-01,TCGA-A2-A04N-01A-11R-A115-07,71b60d53-513c-4da5-b095-39f913bd4f11,TCGA-A2-A04N-01A-11D-A111-01,TCGA-A2-A04N-01,TCGA-A2-A04N-01,106.26666666666667,0,Stage IA,LumA,0
TCGA-A2-A04P-01,Stage IIIC,36.0,1.0,No_Conversion,547.0,547.0,Negative,FEMALE,Negative,2.0,2.0,2.0,Negative,M0,Positive,N3,547.0,1.0,Basal,Basal-like,Negative,Basal,-13.0,0.0,followup,T_Other,T2,DECEASED,TCGA-A2-A04P-01,High,C4-BRCA/Basal,cluster 5,BRCA basal-like c8,BRCA basal-like c6,BRCA basal-like c8,miRNA cluster 12,cluster 5,mutation cluster 3,TCGA-A2-A04P,TCGA Breast Cancer (BRCA),breast invasive carcinoma,Breast,YES,YES,NO,NO,36.0,Left,Axillary lymph node dissection alone,,TCGA-A2-A04P-F71021,TCGA-A2-A04P,TCGA-A2-A04P-01A,Positive,Negative,,,,Mastectomy NOS,Negative,Lumpectomy,,NO,,,-13238.0,2623.0,548.0,0.0,,,179.0,179,,,,<10%,,,2015-3-13,FEMALE,,,,,,,,1.3,,Infiltrating Ductal Carcinoma,,No,,C50.9,8500/3,C50.9,,YES,,Excisional Biopsy,250.0,NO,,Negative,NO,20.0,Positive,Pre (<6 months since LMP AND no prior bilateral ovariectomy AND not on estrogen replacement),,,,,Negative,,,,1.0,,,,Negative,,,,Negative,,,5.0,5.0,,,,"Other, specify",Locoregional Recurrence,Axilla,YES,YES,18.0,0.0,True,No,M0,N3c,T2,Stage IIIC,TCGA-A2-A04P.0E4B0EA9-14D1-4A82-814D-51CC2B9BA2B5.pdf,A04P,WITH TUMOR,,,,,,YES,,<10%,,YES,Primary Tumor,1,,6th,YES,NO,YES,A2,Breast,A,DECEASED,2003.0,357ba9f6-716c-4ef0-8ac8-41977397dbf5,357ba9f6-716c-4ef0-8ac8-41977397dbf5,TCGA-A2-A04P-01A-41-A13A-20,TCGA-A2-A04P-01A-31D-A128-09,TCGA-A2-A04P-01,,15a1aee0-d9cf-4122-9290-0d4bfaee159a,TCGA-A2-A04P-01,TCGA-A2-A04P-01A-31D-A128-09,TCGA-A2-A04P-01A-31D-A032-05,TCGA-A2-A04P-01,,TCGA-A2-A04P-01A-31D-A128-09,TCGA-A2-A04P-01,357ba9f6-716c-4ef0-8ac8-41977397dbf5,TCGA-A2-A04P-01,TCGA-A2-A04P-01A-31D-A036-01,,TCGA-A2-A04P-01A-31R-A034-07,357ba9f6-716c-4ef0-8ac8-41977397dbf5,TCGA-A2-A04P-01A-31D-A036-01,TCGA-A2-A04P-01,TCGA-A2-A04P-01,18.233333333333334,1,Stage IIIC,Basal,1
TCGA-A2-A04R-01,Stage IA,36.0,5.0,Stage I,2499.0,,Positive,FEMALE,Negative,,,,Negative,M0,Negative,N0,2499.0,0.0,LumB,Luminal B,Positive,,-10.0,-3.0,followup,T1,T1,LIVING,TCGA-A2-A04R-01,BRCA-LUAD+,C3-BRCA/Luminal,cluster 4,BRCA CIMP c7,,BRCA nonbasal-like c7,miRNA cluster 4,cluster 4,mutation c1uster 10,TCGA-A2-A04R,TCGA Breast Cancer (BRCA),breast invasive carcinoma,Breast,,,,,36.0,Left Upper Inner Quadrant,Sentinel node biopsy alone,,TCGA-A2-A04R-F59315,TCGA-A2-A04R,TCGA-A2-A04R-01A,,Positive,,,,,Positive,Lumpectomy,,YES,,,-13483.0,2233.0,,0.0,3709.0,,,,,,,60-69%,,,2014-5-8,FEMALE,,,,,2+,,,1.1,,Infiltrating Ductal Carcinoma,,No,,C50.9,8500/3,C50.9,,YES,,Core needle biopsy,160.0,NO,Equivocal,Negative,NO,1.0,Negative,Pre (<6 months since LMP AND no prior bilateral ovariectomy AND not on estrogen replacement),,,,,,,,,,,,,,,,,,,,4.0,4.0,,,,,,,,NO,0.0,0.0,True,No,M0,N0 (i-),T1,Stage IA,TCGA-A2-A04R.6A97C809-91BB-4E35-9E12-F5F2A58C9D35.pdf,A04R,TUMOR FREE,,,,,,YES,,80-89%,,YES,Primary Tumor,1,,6th,YES,NO,YES,A2,Breast,A,LIVING,2004.0,8801f107-f5d5-4ad5-877d-a5acb12596b3,8801f107-f5d5-4ad5-877d-a5acb12596b3,,TCGA-A2-A04R-01A-41D-A117-09,TCGA-A2-A04R-01,TCGA-A2-A04R-01A-41D-A10A-05,,TCGA-A2-A04R-01,TCGA-A2-A04R-01A-41D-A117-09,,TCGA-A2-A04R-01,,TCGA-A2-A04R-01A-41D-A117-09,TCGA-A2-A04R-01,8801f107-f5d5-4ad5-877d-a5acb12596b3,TCGA-A2-A04R-01,TCGA-A2-A04R-01A-41D-A107-01,,TCGA-A2-A04R-01A-41R-A109-07,8801f107-f5d5-4ad5-877d-a5acb12596b3,TCGA-A2-A04R-01A-41D-A107-01,TCGA-A2-A04R-01,TCGA-A2-A04R-01,83.3,0,Stage IA,LumB,0
TCGA-A2-A04T-01,Stage IIA,62.0,1.0,Stage IIA,2246.0,,Negative,FEMALE,Negative,,,,Negative,M0,Negative,N0,2246.0,0.0,Basal,Basal-like,Negative,Basal,-13.0,-12.0,followup,T_Other,T2,LIVING,TCGA-A2-A04T-01,High,C4-BRCA/Basal,cluster 5,BRCA basal-like c8,BRCA basal-like c6,BRCA basal-like c8,miRNA cluster 14,cluster 5,,TCGA-A2-A04T,TCGA Breast Cancer (BRCA),breast invasive carcinoma,Breast,,,,,62.0,Left Upper Inner Quadrant,Sentinel node biopsy alone,,TCGA-A2-A04T-F9343,TCGA-A2-A04T,TCGA-A2-A04T-01A,,Negative,,,,,Negative,Lumpectomy,,YES,,,-22707.0,1979.0,,0.0,2246.0,,,,,,,<10%,,,2011-3-17,FEMALE,,,,,2+,,,1.1,,Infiltrating Ductal Carcinoma,,No,,C50.9,8500/3,C50.9,,YES,,Core needle biopsy,200.0,NO,Equivocal,Negative,,3.0,Negative,Post (prior bilateral ovariectomy OR >12 mo since LMP with no prior hysterectomy),,,,,,,,,,,,,,,,,,,,5.0,5.0,,,,,,,,,0.0,0.0,True,No,M0,N0 (i-),T2,Stage IIA,TCGA-A2-A04T.24D42292-B875-4FAF-8C3A-9834414C3A01.pdf,A04T,TUMOR FREE,,,,,,,,<10%,,YES,Primary Tumor,1,,6th,YES,NO,YES,A2,Breast,A,LIVING,2004.0,79d7a589-60bd-4b4a-89c1-d557fe24c733,79d7a589-60bd-4b4a-89c1-d557fe24c733,TCGA-A2-A04T-01A-31-A13A-20,,TCGA-A2-A04T-01,,2724de89-78e5-4da5-b2d9-350a986a8abb,TCGA-A2-A04T-01,TCGA-A2-A04T-01A-21W-A050-09,TCGA-A2-A04T-01A-21D-A032-05,TCGA-A2-A04T-01,,,TCGA-A2-A04T-01,79d7a589-60bd-4b4a-89c1-d557fe24c733,TCGA-A2-A04T-01,TCGA-A2-A04T-01A-21D-A036-01,,TCGA-A2-A04T-01A-21R-A034-07,79d7a589-60bd-4b4a-89c1-d557fe24c733,TCGA-A2-A04T-01A-21D-A036-01,TCGA-A2-A04T-01,TCGA-A2-A04T-01,74.86666666666666,0,Stage IIA,Basal,0
TCGA-A2-A04V-01,Stage IIA,39.0,2.0,Stage IIA,1920.0,1920.0,Positive,FEMALE,Negative,3.0,3.0,3.0,Negative,M0,Negative,N0,1920.0,1.0,LumA,Luminal A,Positive,LumA/B,0.0,-3.0,enrollment,T_Other,T2,DECEASED,TCGA-A2-A04V-01,Kirc+,C3-BRCA/Luminal,cluster 2,BRCA non-CIMP c9,BRCA nonbasal-like c8,BRCA nonbasal-like c7,miRNA cluster 14,cluster 2,mutation cluster 4,TCGA-A2-A04V,TCGA Breast Cancer (BRCA),breast invasive carcinoma,Breast,YES,NO,NO,NO,39.0,Right Lower Outer Quadrant|Right,Sentinel node biopsy alone,,TCGA-A2-A04V-F10273,TCGA-A2-A04V,TCGA-A2-A04V-01A,,Positive,,,,,Positive,Simple Mastectomy,,YES,,,-14250.0,1812.0,1920.0,0.0,,,,1470,,,,90-99%,,,2011-3-18,FEMALE,,,,,2+,,,1.1,,Infiltrating Ductal Carcinoma,,No,,C50.9,8500/3,C50.9,,YES,,Core needle biopsy,200.0,NO,Equivocal,Negative,,2.0,Negative,Pre (<6 months since LMP AND no prior bilateral ovariectomy AND not on estrogen replacement),,,,,,,,,,,,,,,,,,,,2.0,2.0,,,,,,,,,0.0,0.0,True,No,M0,N0 (i-),T2,Stage IIA,TCGA-A2-A04V.7D84A145-19AF-48D0-A5D9-F5724068CB26.pdf,A04V,WITH TUMOR,,,,MODERATE,STRONG,,,10-19%,,NO,Primary Tumor,1,,6th,YES,NO,YES,A2,Breast,A,DECEASED,2005.0,72d79574-45e1-453a-bc95-a2dca1d3e251,72d79574-45e1-453a-bc95-a2dca1d3e251,TCGA-A2-A04V-01A-11-A13A-20,TCGA-A2-A04V-01A-21W-A050-09,TCGA-A2-A04V-01,,676bd916-c1a1-4b1f-b406-0c3bae66640e,TCGA-A2-A04V-01,TCGA-A2-A04V-01A-21W-A050-09,TCGA-A2-A04V-01A-21D-A032-05,TCGA-A2-A04V-01,,"TCGA-A2-A04V-01A-21W-A050-09,TCGA-A2-A04V-01A-21D-A045-09",TCGA-A2-A04V-01,72d79574-45e1-453a-bc95-a2dca1d3e251,TCGA-A2-A04V-01,TCGA-A2-A04V-01A-21D-A036-01,,TCGA-A2-A04V-01A-21R-A034-07,72d79574-45e1-453a-bc95-a2dca1d3e251,TCGA-A2-A04V-01A-21D-A036-01,TCGA-A2-A04V-01,TCGA-A2-A04V-01,64.0,1,Stage IIA,LumA,0
TCGA-A2-A04W-01,Stage IIB,50.0,3.0,No_Conversion,1948.0,,Negative,FEMALE,Positive,,,,Negative,M0,Positive,N1,1948.0,0.0,Her2,HER2-enriched,Negative,Her2,-11.0,-5.0,followup,T_Other,T2,LIVING,TCGA-A2-A04W-01,Squamous,C3-BRCA/Luminal,cluster 1,Cluster 5,BRCA basal-like c6,BRCA nonbasal-like c7,miRNA c1uster 9,cluster 4,mutation cluster 3,TCGA-A2-A04W,TCGA Breast Cancer (BRCA),breast invasive carcinoma,Breast,,,,,50.0,Right Upper Outer Quadrant,Axillary lymph node dissection alone,,TCGA-A2-A04W-F59320,TCGA-A2-A04W,TCGA-A2-A04W-01A,,Negative,,,,,Negative,Modified Radical Mastectomy,,NO,,,-18345.0,1630.0,,0.0,3102.0,,,,,,,<10%,,,2014-5-8,FEMALE,,,,,,,,3.2,,"Other, specify",,No,,C50.9,8401/3,C50.9,,YES,,Core needle biopsy,420.0,NO,Positive,Positive,NO,19.0,Negative,Pre (<6 months since LMP AND no prior bilateral ovariectomy AND not on estrogen replacement),,,,,,,,,,,,,,,,,,,,1.0,4.0,,,,,,,,NO,1.0,,True,No,M0,N1mi,T2,Stage IIB,TCGA-A2-A04W.84CA9DDD-36CA-466E-A74C-C7FB03E7C9E4.pdf,A04W,TUMOR FREE,,,,,,YES,,<10%,,NO,Primary Tumor,1,,6th,YES,NO,YES,A2,Breast,A,LIVING,2005.0,ddb62dc3-293b-4021-905a-83ae10aa0f8e,ddb62dc3-293b-4021-905a-83ae10aa0f8e,TCGA-A2-A04W-01A-21-A13A-20,TCGA-A2-A04W-01A-31D-A10Y-09,TCGA-A2-A04W-01,,469913c6-08bb-4c19-8a68-2735f5c4f981,TCGA-A2-A04W-01,TCGA-A2-A04W-01A-31D-A10Y-09,TCGA-A2-A04W-01A-31D-A112-05,TCGA-A2-A04W-01,TCGA-A2-A04W-01,TCGA-A2-A04W-01A-31D-A10Y-09,,ddb62dc3-293b-4021-905a-83ae10aa0f8e,,TCGA-A2-A04W-01A-31D-A111-01,TCGA-A2-A04W-01,TCGA-A2-A04W-01A-31R-A115-07,ddb62dc3-293b-4021-905a-83ae10aa0f8e,TCGA-A2-A04W-01A-31D-A111-01,TCGA-A2-A04W-01,TCGA-A2-A04W-01,64.93333333333334,0,Stage IIB,Her2,0
TCGA-A2-A0CL-01,Stage IIIA,37.0,3.0,No_Conversion,1963.0,,Positive,FEMALE,Negative,1.0,1.0,1.0,Negative,M0,Positive,N2,1963.0,0.0,Normal,HER2-enriched,Positive,Basal,-2.0,-5.0,followup,T_Other,T3,LIVING,TCGA-A2-A0CL-01,High,C3-BRCA/Luminal,cluster 1,Cluster 5,BRCA nonbasal-like c8,BRCA nonbasal-like c7,miRNA cluster 4,cluster 4,mutation c1uster 9,TCGA-A2-A0CL,TCGA Breast Cancer (BRCA),breast invasive carcinoma,Breast,,,,,37.0,Right Lower Outer Quadrant,Axillary lymph node dissection alone,,TCGA-A2-A0CL-F59313,TCGA-A2-A0CL,,,Positive,,,,,Positive,Modified Radical Mastectomy,,NO,,,-13556.0,,,0.0,3015.0,,,,,,,20-29%,,Scheduled Follow-up Submission,2014-5-8,FEMALE,,,,,1+,,,1.1,,Infiltrating Ductal Carcinoma,,No,,C50.9,8500/3,C50.9,,YES,,Core needle biopsy,,,Negative,Negative,NO,14.0,Positive,Pre (<6 months since LMP AND no prior bilateral ovariectomy AND not on estrogen replacement),,,,,,,,,,,,,,,,,,,,1.0,4.0,,,,,,,,NO,9.0,0.0,,No,M0,N2a,T3,Stage IIIA,,A0CL,TUMOR FREE,,,,,,YES,,<10%,,YES,Primary Tumor,1,,6th,YES,NO,YES,A2,Breast,,LIVING,2006.0,ee92fcd7-4be2-47c2-9725-1ec425d212cf,ee92fcd7-4be2-47c2-9725-1ec425d212cf,TCGA-A2-A0CL-01A-21-A13C-20,TCGA-A2-A0CL-01A-11D-A10Y-09,TCGA-A2-A0CL-01,,f660575f-37ae-427d-acf6-767799017d6d,TCGA-A2-A0CL-01,TCGA-A2-A0CL-01A-11D-A10Y-09,TCGA-A2-A0CL-01A-11D-A112-05,TCGA-A2-A0CL-01,TCGA-A2-A0CL-01,TCGA-A2-A0CL-01A-11D-A10Y-09,,ee92fcd7-4be2-47c2-9725-1ec425d212cf,,TCGA-A2-A0CL-01A-11D-A111-01,TCGA-A2-A0CL-01,TCGA-A2-A0CL-01A-11R-A115-07,ee92fcd7-4be2-47c2-9725-1ec425d212cf,TCGA-A2-A0CL-01A-11D-A111-01,TCGA-A2-A0CL-01,TCGA-A2-A0CL-01,65.43333333333334,0,Stage IIIA,Normal,0
TCGA-A2-A0CM-01,Stage IIA,40.0,4.0,Stage IIA,754.0,754.0,Negative,FEMALE,Negative,1.0,1.0,2.0,Negative,M0,Negative,N0,754.0,1.0,Basal,Basal-like,Negative,Basal,-13.0,-12.0,followup,T_Other,T2,DECEASED,TCGA-A2-A0CM-01,High,C4-BRCA/Basal,cluster 4,BRCA basal-like c8,BRCA basal-like c6,BRCA basal-like c8,miRNA cluster 4,cluster 4,mutation cluster 5,TCGA-A2-A0CM,TCGA Breast Cancer (BRCA),breast invasive carcinoma,Breast,YES,NO,NO,,40.0,Left,Sentinel node biopsy alone,,TCGA-A2-A0CM-F2013,TCGA-A2-A0CM,TCGA-A2-A0CM-01A,,Negative,,0,,,Negative,Simple Mastectomy,,YES,,,-14969.0,2546.0,754.0,0.0,,,,382,,,,<10%,,,2010-9-6,FEMALE,,,<10%,,0,,,,,Infiltrating Ductal Carcinoma,,No,,C50.9,8500/3,C50.9,0,YES,,Excisional Biopsy,300.0,NO,Negative,,,1.0,Negative,Pre (<6 months since LMP AND no prior bilateral ovariectomy AND not on estrogen replacement),,,,,,,,,,,,,,,,,,,,4.0,4.0,,,,,,,,,0.0,0.0,True,No,M0,N0 (i-),T2,Stage IIA,TCGA-A2-A0CM.2972AB07-2C29-43B8-96DA-1386C5E248EB.pdf,A0CM,WITH TUMOR,,,,,,,,<10%,,NO,Primary Tumor,1,,6th,YES,NO,YES,A2,Breast,A,DECEASED,2003.0,62dd11c2-2271-45e7-b753-d0f0d79fdf23,62dd11c2-2271-45e7-b753-d0f0d79fdf23,TCGA-A2-A0CM-01A-21-A13C-20,TCGA-A2-A0CM-01A-31W-A050-09,TCGA-A2-A0CM-01,,bd38e599-aa6d-4349-b7de-630514cc1220,TCGA-A2-A0CM-01,TCGA-A2-A0CM-01A-31W-A050-09,TCGA-A2-A0CM-01A-31D-A032-05,TCGA-A2-A0CM-01,,TCGA-A2-A0CM-01A-31W-A050-09,TCGA-A2-A0CM-01,62dd11c2-2271-45e7-b753-d0f0d79fdf23,TCGA-A2-A0CM-01,TCGA-A2-A0CM-01A-31D-A036-01,,TCGA-A2-A0CM-01A-31R-A034-07,62dd11c2-2271-45e7-b753-d0f0d79fdf23,TCGA-A2-A0CM-01A-31D-A036-01,TCGA-A2-A0CM-01,TCGA-A2-A0CM-01,25.133333333333333,1,Stage IIA,Basal,1
TCGA-A2-A0CP-01,Stage IA,60.0,4.0,Stage I,2813.0,,Positive,FEMALE,Negative,1.0,4.0,3.0,Negative,M0,Negative,N0,2813.0,0.0,LumA,Luminal A,Positive,X,-5.0,-7.0,followup,T1,T1,LIVING,TCGA-A2-A0CP-01,Kirc+,C3-BRCA/Luminal,cluster 1,BRCA non-CIMP c9,BRCA nonbasal-like c8,BRCA nonbasal-like c7,miRNA cluster 4,cluster 4,mutation cluster 4,TCGA-A2-A0CP,TCGA Breast Cancer (BRCA),breast invasive carcinoma,Breast,,,,,60.0,Right,Sentinel node biopsy alone,,TCGA-A2-A0CP-F13741,TCGA-A2-A0CP,TCGA-A2-A0CP-01A,,Positive,,,,,Positive,Lumpectomy,,YES,,,-22133.0,2445.0,,0.0,2813.0,,,,,,,90-99%,,Scheduled Follow-up Submission,2011-6-10,FEMALE,,,,,,,,,,Infiltrating Ductal Carcinoma,,No,,C50.9,8500/3,C50.9,,YES,,Core needle biopsy,160.0,NO,,Negative,,2.0,Negative,Post (prior bilateral ovariectomy OR >12 mo since LMP with no prior hysterectomy),,,,,,,,,,,,,,,,,,,,1.0,4.0,,,,,,,,NO,0.0,0.0,True,No,M0,N0 (i-),T1c,Stage IA,TCGA-A2-A0CP.DAB9A2B8-FCE7-4FF4-BAC4-4D2A04D7A43B.pdf,A0CP,TUMOR FREE,,,,,,,,90-99%,,YES,Primary Tumor,1,,6th,YES,NO,YES,A2,Breast,A,LIVING,2003.0,5c4dae2a-4b4a-47d0-b6fb-456bdf58ca15,5c4dae2a-4b4a-47d0-b6fb-456bdf58ca15,TCGA-A2-A0CP-01A-21-A13B-20,TCGA-A2-A0CP-01A-11W-A050-09,TCGA-A2-A0CP-01,,901a41bd-d57b-46b6-afec-bfc93e5d2c93,TCGA-A2-A0CP-01,TCGA-A2-A0CP-01A-11W-A050-09,TCGA-A2-A0CP-01A-11D-A032-05,TCGA-A2-A0CP-01,,TCGA-A2-A0CP-01A-11W-A050-09,TCGA-A2-A0CP-01,5c4dae2a-4b4a-47d0-b6fb-456bdf58ca15,TCGA-A2-A0CP-01,TCGA-A2-A0CP-01A-11D-A036-01,,TCGA-A2-A0CP-01A-11R-A034-07,5c4dae2a-4b4a-47d0-b6fb-456bdf58ca15,TCGA-A2-A0CP-01A-11D-A036-01,TCGA-A2-A0CP-01,TCGA-A2-A0CP-01,93.76666666666667,0,Stage IA,LumA,0
TCGA-A2-A0CQ-01,Stage IA,62.0,2.0,Stage I,2694.0,,Positive,FEMALE,Negative,1.0,3.0,3.0,Negative,M0,Negative,N0,2694.0,0.0,LumA,Luminal A,Positive,LumA/B,-12.0,-3.0,followup,T1,T1,LIVING,TCGA-A2-A0CQ-01,Iq,C3-BRCA/Luminal,cluster 4,BRCA CIMP c7,BRCA nonbasal-like c8,BRCA nonbasal-like c7,miRNA cluster 14,cluster 2,mutation cluster 4,TCGA-A2-A0CQ,TCGA Breast Cancer (BRCA),breast invasive carcinoma,Breast,,,,,62.0,Right,Sentinel node biopsy alone,,TCGA-A2-A0CQ-F13723,TCGA-A2-A0CQ,TCGA-A2-A0CQ-01A,Negative,Positive,,,,Lumpectomy,Positive,Lumpectomy,,YES,,,-22810.0,2310.0,,0.0,2695.0,,,,,,,90-99%,,Scheduled Follow-up Submission,2011-6-10,FEMALE,,,,,2+,,,1.3,,Infiltrating Ductal Carcinoma,,No,,C50.9,8500/3,C50.9,,YES,,Core needle biopsy,210.0,NO,Equivocal,Negative,,1.0,Positive,Post (prior bilateral ovariectomy OR >12 mo since LMP with no prior hysterectomy),,,,,,,,,,,,,,,,,,,,4.0,2.0,,,,,,,,NO,0.0,0.0,True,No,M0,N0 (i-),T1,Stage IA,TCGA-A2-A0CQ.964DFAC8-91EC-4C0E-B499-3ED5F2D70096.pdf,A0CQ,TUMOR FREE,,,,,,,,90-99%,,YES,Primary Tumor,1,,6th,YES,NO,YES,A2,Breast,A,LIVING,2003.0,31ff1045-fdc1-4b02-ae0e-880f652adb31,31ff1045-fdc1-4b02-ae0e-880f652adb31,TCGA-A2-A0CQ-01A-11-A13B-20,TCGA-A2-A0CQ-01A-21W-A050-09,TCGA-A2-A0CQ-01,,deba1bb0-c1bf-4018-8c35-1376661c7d01,TCGA-A2-A0CQ-01,TCGA-A2-A0CQ-01A-21W-A050-09,TCGA-A2-A0CQ-01A-21D-A032-05,TCGA-A2-A0CQ-01,,TCGA-A2-A0CQ-01A-21W-A050-09,TCGA-A2-A0CQ-01,31ff1045-fdc1-4b02-ae0e-880f652adb31,TCGA-A2-A0CQ-01,TCGA-A2-A0CQ-01A-21D-A036-01,,TCGA-A2-A0CQ-01A-21R-A034-07,31ff1045-fdc1-4b02-ae0e-880f652adb31,TCGA-A2-A0CQ-01A-21D-A036-01,TCGA-A2-A0CQ-01,TCGA-A2-A0CQ-01,89.8,0,Stage IA,LumA,0
TCGA-A2-A0CS-01,Stage IV,73.0,2.0,No_Conversion,2298.0,,Positive,FEMALE,Negative,3.0,3.0,3.0,Positive,M1,Positive,N3,2298.0,0.0,LumA,Luminal A,Positive,LumA,-12.0,-3.0,followup,T_Other,T4,LIVING,TCGA-A2-A0CS-01,BRCA-LUAD+,C3-BRCA/Luminal,cluster 2,BRCA non-CIMP c9,BRCA nonbasal-like c8,BRCA nonbasal-like c7,miRNA cluster 4,cluster 4,mutation cluster 4,TCGA-A2-A0CS,TCGA Breast Cancer (BRCA),breast invasive carcinoma,Breast,,,,,73.0,Left,Axillary lymph node dissection alone,,TCGA-A2-A0CS-F59316,TCGA-A2-A0CS,TCGA-A2-A0CS-01A,,Positive,,,,,Positive,Modified Radical Mastectomy,,NO,,,-26817.0,2030.0,2348.0,0.0,2298.0,,,,,,,80-89%,,Scheduled Follow-up Submission,2014-5-8,FEMALE,,,,,2+,,,1.3,,Infiltrating Ductal Carcinoma,,No,,C50.9,8500/3,C50.9,,YES,Skin biopsy,"Other method, specify:",220.0,NO,Equivocal,Negative,NO,15.0,Positive,Post (prior bilateral ovariectomy OR >12 mo since LMP with no prior hysterectomy),,Negative,,,Positive,,,,1.09,,,,Negative,,,,Positive,"Other, specify",Ovary,2.0,4.0,,,,,,,,NO,12.0,0.0,True,No,M1,N3a,T4b,Stage IV,TCGA-A2-A0CS.A985FB5C-9E91-40E1-864E-CEA887B3866D.pdf,A0CS,TUMOR FREE,,,,,,YES,,80-89%,,YES,Primary Tumor,1,,,YES,NO,YES,A2,Breast,A,DECEASED,2004.0,560ab6aa-cbfe-42ac-9446-9d3df720bc81,560ab6aa-cbfe-42ac-9446-9d3df720bc81,TCGA-A2-A0CS-01A-21-A13B-20,TCGA-A2-A0CS-01A-11D-A10Y-09,TCGA-A2-A0CS-01,,b49a2c08-435f-4790-818a-267a2ce6499c,TCGA-A2-A0CS-01,TCGA-A2-A0CS-01A-11D-A10Y-09,TCGA-A2-A0CS-01A-11D-A112-05,TCGA-A2-A0CS-01,TCGA-A2-A0CS-01,TCGA-A2-A0CS-01A-11D-A10Y-09,,560ab6aa-cbfe-42ac-9446-9d3df720bc81,,TCGA-A2-A0CS-01A-11D-A111-01,TCGA-A2-A0CS-01,TCGA-A2-A0CS-01A-11R-A115-07,560ab6aa-cbfe-42ac-9446-9d3df720bc81,TCGA-A2-A0CS-01A-11D-A111-01,TCGA-A2-A0CS-01,TCGA-A2-A0CS-01,76.6,0,Stage IV,LumA,0
TCGA-A2-A0CT-01,Stage IIA,71.0,5.0,Stage IIA,2288.0,,Positive,FEMALE,Negative,4.0,3.0,4.0,Negative,M0,Negative,N0,2288.0,0.0,LumA,Luminal B,Negative,LumA/B,-10.0,-3.0,followup,T_Other,T2,LIVING,TCGA-A2-A0CT-01,BRCA-LUAD+,C3-BRCA/Luminal,cluster 3,BRCA CIMP c7,BRCA nonbasal-like c8,BRCA nonbasal-like c7,miRNA cluster 14,cluster 2,mutation c1uster 9,TCGA-A2-A0CT,TCGA Breast Cancer (BRCA),breast invasive carcinoma,Breast,,,,,71.0,Right Upper Outer Quadrant,Sentinel node biopsy alone,,TCGA-A2-A0CT-F13730,TCGA-A2-A0CT,,,Positive,,0,,,Negative,Simple Mastectomy,,YES,,,-25959.0,,,0.0,2289.0,,,,,,,90-99%,,Scheduled Follow-up Submission,2011-6-9,FEMALE,,,,,2+,,,1.3,,Infiltrating Ductal Carcinoma,,No,,C50.9,8500/3,C50.9,,YES,,Core needle biopsy,,,Equivocal,Negative,,2.0,Negative,Post (prior bilateral ovariectomy OR >12 mo since LMP with no prior hysterectomy),,,,,,,,,,,,,,,,,,,,3.0,2.0,,,,,,,,NO,0.0,0.0,,No,M0,N0 (i-),T2,Stage IIA,,A0CT,TUMOR FREE,,,,,,,,<10%,,NO,Primary Tumor,1,,6th,YES,NO,YES,A2,Breast,,LIVING,2005.0,f33b0a48-706b-4fd8-b8b3-0a9f625bd0c0,f33b0a48-706b-4fd8-b8b3-0a9f625bd0c0,TCGA-A2-A0CT-01A-11-A13B-20,TCGA-A2-A0CT-01A-31W-A071-09,TCGA-A2-A0CT-01,TCGA-A2-A0CT-01A-31D-A10P-05,cfc7cb7e-3c46-41d6-9b19-ee2652b2c3e9,TCGA-A2-A0CT-01,TCGA-A2-A0CT-01A-31W-A071-09,,TCGA-A2-A0CT-01,,TCGA-A2-A0CT-01A-31W-A071-09,TCGA-A2-A0CT-01,f33b0a48-706b-4fd8-b8b3-0a9f625bd0c0,TCGA-A2-A0CT-01,TCGA-A2-A0CT-01A-31D-A059-01,,TCGA-A2-A0CT-01A-31R-A056-07,f33b0a48-706b-4fd8-b8b3-0a9f625bd0c0,TCGA-A2-A0CT-01A-31D-A059-01,TCGA-A2-A0CT-01,TCGA-A2-A0CT-01,76.26666666666667,0,Stage IIA,LumA,0
TCGA-A2-A0CU-01,Stage IIA,73.0,5.0,Stage IIA,139.0,157.0,Positive,FEMALE,Negative,3.0,3.0,3.0,Negative,M0,Negative,N0,157.0,1.0,LumA,Luminal A,Positive,LumA/B,0.0,-3.0,followup,T_Other,T2,DECEASED,TCGA-A2-A0CU-01,Squamous,C3-BRCA/Luminal,cluster 2,BRCA non-CIMP c9,BRCA nonbasal-like c8,BRCA nonbasal-like c7,miRNA cluster 14,cluster 2,mutation c1uster 9,TCGA-A2-A0CU,TCGA Breast Cancer (BRCA),breast invasive carcinoma,Breast,,,,,73.0,Right Lower Outer Quadrant,Sentinel node biopsy alone,,TCGA-A2-A0CU-F13735,TCGA-A2-A0CU,TCGA-A2-A0CU-01A,,Positive,,,,,Positive,Simple Mastectomy,,YES,,,-26823.0,1911.0,158.0,0.0,,,,,,,,90-99%,,Scheduled Follow-up Submission,2011-6-10,FEMALE,,,,,2+,,,1.0,,Infiltrating Ductal Carcinoma,,No,,C50.9,8500/3,C50.9,,YES,,Core needle biopsy,190.0,NO,Equivocal,Negative,,1.0,Close,Post (prior bilateral ovariectomy OR >12 mo since LMP with no prior hysterectomy),,,,,,,,,,,,,,,,,,,,2.0,2.0,,,,,,,,NO,0.0,1.0,True,No,M0,N0 (i+),T2,Stage IIA,TCGA-A2-A0CU.D503E73D-8B94-46A0-A24F-93069A56DC7D.pdf,A0CU,TUMOR FREE,,,,,,,,<10%,,NO,Primary Tumor,1,,6th,YES,NO,YES,A2,Breast,A,DECEASED,2005.0,84ea9827-9ad4-4e2f-be02-c88a9d4c4051,84ea9827-9ad4-4e2f-be02-c88a9d4c4051,TCGA-A2-A0CU-01A-21-A13B-20,TCGA-A2-A0CU-01A-12W-A050-09,TCGA-A2-A0CU-01,,74d7ee07-2eba-4552-a888-c29010bbc5ea,TCGA-A2-A0CU-01,TCGA-A2-A0CU-01A-12W-A050-09,TCGA-A2-A0CU-01A-12D-A032-05,TCGA-A2-A0CU-01,,TCGA-A2-A0CU-01A-12W-A050-09,TCGA-A2-A0CU-01,84ea9827-9ad4-4e2f-be02-c88a9d4c4051,TCGA-A2-A0CU-01,TCGA-A2-A0CU-01A-12D-A036-01,,TCGA-A2-A0CU-01A-12R-A034-07,84ea9827-9ad4-4e2f-be02-c88a9d4c4051,TCGA-A2-A0CU-01A-12D-A036-01,TCGA-A2-A0CU-01,TCGA-A2-A0CU-01,5.233333333333333,1,Stage IIA,LumA,1
TCGA-A2-A0CV-01,Stage IIB,41.0,2.0,No_Conversion,1929.0,,Positive,FEMALE,Negative,3.0,4.0,3.0,Negative,M0,Positive,N1,1929.0,0.0,LumA,Luminal A,Positive,LumA/B,-5.0,-7.0,followup,T_Other,T2,LIVING,TCGA-A2-A0CV-01,BRCA-LUAD+,C3-BRCA/Luminal,cluster 2,BRCA non-CIMP c9,BRCA nonbasal-like c8,BRCA nonbasal-like c7,miRNA cluster 7,cluster 6,mutation c1uster 9,TCGA-A2-A0CV,TCGA Breast Cancer (BRCA),breast invasive carcinoma,Breast,,,,,41.0,Left Lower Outer Quadrant,Axillary lymph node dissection alone,,TCGA-A2-A0CV-F59321,TCGA-A2-A0CV,,,Positive,,,,,Positive,Modified Radical Mastectomy,,NO,,,-15289.0,,,0.0,3011.0,,,,,,,90-99%,,Scheduled Follow-up Submission,2014-5-8,FEMALE,,,,,1+,,,1.1,,Infiltrating Ductal Carcinoma,,No,,C50.9,8500/3,C50.9,,YES,,Core needle biopsy,,,Negative,Negative,NO,18.0,Negative,Post (prior bilateral ovariectomy OR >12 mo since LMP with no prior hysterectomy),,,,,,,,,,,,,,,,,,,,2.0,6.0,,,,,,,,NO,4.0,0.0,,No,M0,N1a,T2,Stage IIB,,A0CV,TUMOR FREE,,,,,,YES,,90-99%,,YES,Primary Tumor,1,,6th,YES,NO,YES,A2,Breast,,LIVING,2005.0,a8154f60-e391-44b5-b378-c944c5e8621d,a8154f60-e391-44b5-b378-c944c5e8621d,TCGA-A2-A0CV-01A-21-A13B-20,TCGA-A2-A0CV-01A-31D-A10Y-09,TCGA-A2-A0CV-01,,b595e1e2-77fa-4ebd-b2d4-054e8b9ca3ae,TCGA-A2-A0CV-01,TCGA-A2-A0CV-01A-31D-A10Y-09,TCGA-A2-A0CV-01A-31D-A112-05,TCGA-A2-A0CV-01,TCGA-A2-A0CV-01,TCGA-A2-A0CV-01A-31D-A10Y-09,,a8154f60-e391-44b5-b378-c944c5e8621d,,TCGA-A2-A0CV-01A-31D-A111-01,TCGA-A2-A0CV-01,TCGA-A2-A0CV-01A-31R-A115-07,a8154f60-e391-44b5-b378-c944c5e8621d,TCGA-A2-A0CV-01A-31D-A111-01,TCGA-A2-A0CV-01,TCGA-A2-A0CV-01,64.3,0,Stage IIB,LumA,0
TCGA-A2-A0CW-01,Stage IIB,67.0,1.0,No_Conversion,1947.0,,Positive,FEMALE,Negative,,,,Negative,M0,Positive,N1,1947.0,0.0,LumB,Luminal B,Positive,LumA/B,-2.0,-5.0,followup,T_Other,T2,LIVING,TCGA-A2-A0CW-01,Squamous,C3-BRCA/Luminal,cluster 1,BRCA non-CIMP c9,BRCA nonbasal-like c8,BRCA nonbasal-like c7,,,mutation cluster 3,TCGA-A2-A0CW,TCGA Breast Cancer (BRCA),breast invasive carcinoma,Breast,,,,,67.0,Right,Sentinel lymph node biopsy plus axillary dissection,,TCGA-A2-A0CW-F70690,TCGA-A2-A0CW,TCGA-A2-A0CW-01A,,Positive,,,,,Positive,Lumpectomy,,YES,,,-24541.0,1533.0,,0.0,3283.0,,,,,,,90-99%,,Scheduled Follow-up Submission,2015-3-2,FEMALE,,,,,2+,,,0.5,,Infiltrating Ductal Carcinoma,,No,,C50.9,8500/3,C50.9,,YES,,Core needle biopsy,290.0,NO,Equivocal,Negative,NO,19.0,Negative,Post (prior bilateral ovariectomy OR >12 mo since LMP with no prior hysterectomy),,,,,,,,,,,,,,,,,,,,1.0,,,,,,,,,NO,2.0,0.0,True,No,M0,N1a,T2,Stage IIB,TCGA-A2-A0CW.7D1C2CD8-9842-48AC-BB16-897E2A45B88D.pdf,A0CW,TUMOR FREE,,,,,,YES,,10-19%,,NO,Primary Tumor,1,,6th,YES,NO,YES,A2,Breast,A,LIVING,2006.0,1c1560f6-62bf-4185-912f-25c234ebd71f,1c1560f6-62bf-4185-912f-25c234ebd71f,TCGA-A2-A0CW-01A-11-A13B-20,TCGA-A2-A0CW-01A-21D-A10Y-09,TCGA-A2-A0CW-01,,6d65d556-9be9-4491-bd22-85cee7a0ee7c,TCGA-A2-A0CW-01,TCGA-A2-A0CW-01A-21D-A10Y-09,TCGA-A2-A0CW-01A-21D-A112-05,TCGA-A2-A0CW-01,TCGA-A2-A0CW-01,TCGA-A2-A0CW-01A-21D-A10Y-09,,1c1560f6-62bf-4185-912f-25c234ebd71f,,TCGA-A2-A0CW-01A-21D-A111-01,TCGA-A2-A0CW-01,TCGA-A2-A0CW-01A-21R-A115-07,1c1560f6-62bf-4185-912f-25c234ebd71f,TCGA-A2-A0CW-01A-21D-A111-01,TCGA-A2-A0CW-01,TCGA-A2-A0CW-01,64.9,0,Stage IIB,LumB,0
TCGA-A2-A0EM-01,Stage IA,73.0,2.0,Stage I,3093.0,,Positive,FEMALE,Negative,,,,Negative,M0,Negative,N0,3093.0,0.0,LumA,Luminal A,Positive,,-12.0,-3.0,followup,T1,T1,LIVING,TCGA-A2-A0EM-01,Iq,C3-BRCA/Luminal,cluster 2,BRCA non-CIMP c9,,BRCA nonbasal-like c7,miRNA cluster 14,cluster 2,mutation cluster 4,TCGA-A2-A0EM,TCGA Breast Cancer (BRCA),breast invasive carcinoma,Breast,,,,,73.0,Right Upper Inner Quadrant,Sentinel node biopsy alone,,TCGA-A2-A0EM-F13714,TCGA-A2-A0EM,TCGA-A2-A0EM-01A,,Positive,,,,,Positive,Lumpectomy,,YES,,,-26845.0,2696.0,,0.0,3094.0,,,,,,,,,Scheduled Follow-up Submission,2011-6-9,FEMALE,,,,,,,,1.3,,Infiltrating Ductal Carcinoma,,No,,C50.9,8500/3,C50.9,,YES,,Core needle biopsy,20.0,NO,,Negative,,1.0,Negative,Post (prior bilateral ovariectomy OR >12 mo since LMP with no prior hysterectomy),,,,,,,,,,,,,,,,,,,,2.0,2.0,,,,,,,,NO,0.0,0.0,True,No,M0,N0 (i-),T1,Stage IA,TCGA-A2-A0EM.454CB5E9-3778-4666-9CED-913E08CB3615.pdf,A0EM,TUMOR FREE,,,,,,,,,,YES,Primary Tumor,1,,5th,YES,NO,YES,A2,Breast,A,LIVING,2002.0,8d30a0ab-a41f-40ef-bd59-f738f4b39941,8d30a0ab-a41f-40ef-bd59-f738f4b39941,,TCGA-A2-A0EM-01A-11W-A050-09,TCGA-A2-A0EM-01,,,TCGA-A2-A0EM-01,TCGA-A2-A0EM-01A-11W-A050-09,TCGA-A2-A0EM-01A-11D-A032-05,TCGA-A2-A0EM-01,,TCGA-A2-A0EM-01A-11W-A050-09,TCGA-A2-A0EM-01,8d30a0ab-a41f-40ef-bd59-f738f4b39941,TCGA-A2-A0EM-01,TCGA-A2-A0EM-01A-11D-A036-01,,TCGA-A2-A0EM-01A-11R-A034-07,8d30a0ab-a41f-40ef-bd59-f738f4b39941,TCGA-A2-A0EM-01A-11D-A036-01,TCGA-A2-A0EM-01,TCGA-A2-A0EM-01,103.1,0,Stage IA,LumA,0
TCGA-A2-A0EN-01,Stage IIA,70.0,2.0,Stage IIA,2717.0,,Positive,FEMALE,Negative,,,,Negative,M0,Negative,N0,2717.0,0.0,LumA,Luminal A,Positive,,-5.0,-7.0,followup,T_Other,T2,LIVING,TCGA-A2-A0EN-01,Iq,C3-BRCA/Luminal,cluster 1,BRCA non-CIMP c9,,BRCA nonbasal-like c7,miRNA cluster 14,cluster 2,mutation cluster 4,TCGA-A2-A0EN,TCGA Breast Cancer (BRCA),breast invasive carcinoma,Breast,,,,,70.0,Right,Sentinel node biopsy alone,,TCGA-A2-A0EN-F13725,TCGA-A2-A0EN,TCGA-A2-A0EN-01A,,Positive,,,,,Positive,Lumpectomy,,YES,,,-25771.0,2348.0,,0.0,2718.0,,,,,,,,,Scheduled Follow-up Submission,2011-6-10,FEMALE,,,,,2+,,,1.4,,Infiltrating Lobular Carcinoma,,No,,C50.9,8520/3,C50.9,,YES,,Excisional Biopsy,110.0,NO,Equivocal,Negative,,4.0,Negative,Post (prior bilateral ovariectomy OR >12 mo since LMP with no prior hysterectomy),,,,,,,,,,,,,,,,,,,,1.0,2.0,,,,,,,,NO,0.0,1.0,True,No,M0,N0 (i+),T2,Stage IIA,TCGA-A2-A0EN.8169AA00-E396-4A3E-A91C-F67B1F0B8E3E.pdf,A0EN,TUMOR FREE,,,,,,,,50-59%,,YES,Primary Tumor,1,,6th,YES,NO,YES,A2,Breast,A,LIVING,2003.0,3ac4a6fe-9d2b-4c95-a74a-525b0328c7ed,3ac4a6fe-9d2b-4c95-a74a-525b0328c7ed,,TCGA-A2-A0EN-01A-13D-A099-09,TCGA-A2-A0EN-01,TCGA-A2-A0EN-01A-13D-A10P-05,,TCGA-A2-A0EN-01,TCGA-A2-A0EN-01A-13D-A099-09,,TCGA-A2-A0EN-01,,TCGA-A2-A0EN-01A-13D-A099-09,TCGA-A2-A0EN-01,3ac4a6fe-9d2b-4c95-a74a-525b0328c7ed,TCGA-A2-A0EN-01,TCGA-A2-A0EN-01A-13D-A087-01,,TCGA-A2-A0EN-01A-13R-A084-07,3ac4a6fe-9d2b-4c95-a74a-525b0328c7ed,TCGA-A2-A0EN-01A-13D-A087-01,TCGA-A2-A0EN-01,TCGA-A2-A0EN-01,90.56666666666666,0,Stage IIA,LumA,0
TCGA-A2-A0EO-01,Stage IA,54.0,2.0,Stage I,2441.0,,Positive,FEMALE,Negative,1.0,4.0,3.0,Negative,M0,Negative,N0,2441.0,0.0,LumA,Luminal A,Positive,LumA,-5.0,-7.0,followup,T1,T1,LIVING,TCGA-A2-A0EO-01,High,C3-BRCA/Luminal,cluster 4,BRCA CIMP c7,BRCA nonbasal-like c8,BRCA nonbasal-like c7,miRNA cluster 14,cluster 2,mutation cluster 4,TCGA-A2-A0EO,TCGA Breast Cancer (BRCA),breast invasive carcinoma,Breast,,,,,54.0,Left,Sentinel node biopsy alone,,TCGA-A2-A0EO-F13732,TCGA-A2-A0EO,TCGA-A2-A0EO-01A,,Positive,,,,,Positive,Lumpectomy,,YES,,,-19880.0,2331.0,,0.0,2442.0,,,,,,,,,Scheduled Follow-up Submission,2011-6-13,FEMALE,,,,,1+,,,1.6,,Infiltrating Ductal Carcinoma,,No,,C50.9,8500/3,C50.9,,YES,,Core needle biopsy,200.0,NO,Negative,Negative,,3.0,Close,Peri (6-12 months since last menstrual period),,,,,,,,,,,,,,,,,,,,4.0,2.0,,,,,,,,NO,0.0,0.0,True,No,M0,N0 (i-),T1,Stage IA,TCGA-A2-A0EO.61BC91AE-CD06-432D-BCBA-6FAE2209C610.pdf,A0EO,TUMOR FREE,,,,,,,,,,YES,Primary Tumor,1,,6th,YES,NO,YES,A2,Breast,A,LIVING,2003.0,cdeceaf0-beb6-4374-8aea-83bd35318892,cdeceaf0-beb6-4374-8aea-83bd35318892,TCGA-A2-A0EO-01A-21-A13B-20,TCGA-A2-A0EO-01A-11W-A050-09,TCGA-A2-A0EO-01,,368ae06c-f56e-4ba9-af38-0cc01e900f70,TCGA-A2-A0EO-01,TCGA-A2-A0EO-01A-11W-A050-09,TCGA-A2-A0EO-01A-11D-A032-05,TCGA-A2-A0EO-01,,TCGA-A2-A0EO-01A-11W-A050-09,TCGA-A2-A0EO-01,cdeceaf0-beb6-4374-8aea-83bd35318892,TCGA-A2-A0EO-01,TCGA-A2-A0EO-01A-11D-A036-01,,TCGA-A2-A0EO-01A-11R-A034-07,cdeceaf0-beb6-4374-8aea-83bd35318892,TCGA-A2-A0EO-01A-11D-A036-01,TCGA-A2-A0EO-01,TCGA-A2-A0EO-01,81.36666666666666,0,Stage IA,LumA,0
TCGA-A2-A0EQ-01,Stage IIA,64.0,4.0,Stage IIA,2426.0,,Negative,FEMALE,Positive,1.0,1.0,4.0,Negative,M0,Negative,N0,2426.0,0.0,Her2,HER2-enriched,Negative,Basal,-2.0,-5.0,followup,T_Other,T2,LIVING,TCGA-A2-A0EQ-01,High,C3-BRCA/Luminal,cluster 4,BRCA non-CIMP c9,BRCA basal-like c6,BRCA nonbasal-like c7,miRNA cluster 12,cluster 5,mutation cluster 8,TCGA-A2-A0EQ,TCGA Breast Cancer (BRCA),breast invasive carcinoma,Breast,,,,,64.0,Left,Other (specify),Sentinel lymph node and non-sentinel lymph node biopsy,TCGA-A2-A0EQ-F13720,TCGA-A2-A0EQ,,Negative,Negative,,0,,Lumpectomy,Negative,Lumpectomy,,YES,,,-23543.0,,,0.0,2426.0,,,,,,,<10%,,Scheduled Follow-up Submission,2011-6-13,FEMALE,,,,,3+,,,1.1,,Infiltrating Ductal Carcinoma,,No,,C50.9,8500/3,C50.9,0,YES,,Core needle biopsy,,,Positive,Negative,,2.0,Positive,Post (prior bilateral ovariectomy OR >12 mo since LMP with no prior hysterectomy),,,,,,,,,,,,,,,,,,,,4.0,5.0,,,,,,,,NO,0.0,0.0,,No,M0,N0 (i-),T2,Stage IIA,,A0EQ,TUMOR FREE,,,,,,,,<10%,,YES,Primary Tumor,1,,6th,YES,NO,YES,A2,Breast,,LIVING,2004.0,a083b072-7c1e-4ed6-90cf-1e49d21df4cb,a083b072-7c1e-4ed6-90cf-1e49d21df4cb,TCGA-A2-A0EQ-01A-21-A13C-20,TCGA-A2-A0EQ-01A-11W-A050-09,TCGA-A2-A0EQ-01,,cd49aac8-9c6e-41d7-816c-1bdcb4aaca4a,TCGA-A2-A0EQ-01,TCGA-A2-A0EQ-01A-11W-A050-09,TCGA-A2-A0EQ-01A-11D-A032-05,TCGA-A2-A0EQ-01,,TCGA-A2-A0EQ-01A-11W-A050-09,TCGA-A2-A0EQ-01,a083b072-7c1e-4ed6-90cf-1e49d21df4cb,TCGA-A2-A0EQ-01,TCGA-A2-A0EQ-01A-11D-A036-01,,TCGA-A2-A0EQ-01A-11R-A034-07,a083b072-7c1e-4ed6-90cf-1e49d21df4cb,TCGA-A2-A0EQ-01A-11D-A036-01,TCGA-A2-A0EQ-01,TCGA-A2-A0EQ-01,80.86666666666666,0,Stage IIA,Her2,0
TCGA-A2-A0ER-01,Stage IB,63.0,5.0,No_Conversion,2262.0,,Positive,FEMALE,Negative,,,,Negative,M0,Positive,N1,2262.0,0.0,LumA,Luminal B,Positive,ReacII,-10.0,-3.0,followup,T1,T1,LIVING,TCGA-A2-A0ER-01,Kirc+,C3-BRCA/Luminal,cluster 2,BRCA non-CIMP c9,KIRC-like c1,BRCA nonbasal-like c7,miRNA cluster 14,cluster 2,mutation c1uster 9,TCGA-A2-A0ER,TCGA Breast Cancer (BRCA),breast invasive carcinoma,Breast,,,,,63.0,Right Lower Inner Quadrant,Sentinel lymph node biopsy plus axillary dissection,,TCGA-A2-A0ER-F13719,TCGA-A2-A0ER,TCGA-A2-A0ER-01A,Negative,Positive,,,,Lumpectomy,Positive,Lumpectomy,,YES,,,-23021.0,1862.0,,0.0,2263.0,,,,,,,90-99%,,Scheduled Follow-up Submission,2011-6-13,FEMALE,,,,,2+,,,1.0,,Infiltrating Ductal Carcinoma,,No,,C50.9,8500/3,C50.9,,YES,,Core needle biopsy,300.0,NO,Equivocal,Negative,,14.0,Positive,Post (prior bilateral ovariectomy OR >12 mo since LMP with no prior hysterectomy),,,,,,,,,,,,,,,,,,,,2.0,2.0,,,,,,,,NO,1.0,0.0,True,No,M0,N1mi,T1c,Stage IB,TCGA-A2-A0ER.A5D94D02-5423-4055-96E3-B5AA5799DC02.pdf,A0ER,TUMOR FREE,,,,,,,,80-89%,,YES,Primary Tumor,1,,6th,YES,NO,YES,A2,Breast,A,LIVING,2005.0,9c8e0865-894b-4a0b-83e4-c3e7a40e871b,9c8e0865-894b-4a0b-83e4-c3e7a40e871b,TCGA-A2-A0ER-01A-11-A13C-20,TCGA-A2-A0ER-01A-21W-A050-09,TCGA-A2-A0ER-01,,7b71576b-d077-4e99-ae77-0c061517a5f9,TCGA-A2-A0ER-01,TCGA-A2-A0ER-01A-21W-A050-09,TCGA-A2-A0ER-01A-21D-A032-05,TCGA-A2-A0ER-01,,TCGA-A2-A0ER-01A-21W-A050-09,TCGA-A2-A0ER-01,9c8e0865-894b-4a0b-83e4-c3e7a40e871b,TCGA-A2-A0ER-01,TCGA-A2-A0ER-01A-21D-A036-01,,TCGA-A2-A0ER-01A-21R-A034-07,9c8e0865-894b-4a0b-83e4-c3e7a40e871b,TCGA-A2-A0ER-01A-21D-A036-01,TCGA-A2-A0ER-01,TCGA-A2-A0ER-01,75.4,0,Stage IB,LumA,0
TCGA-A2-A0SV-01,Stage IV,63.0,5.0,No_Conversion,825.0,825.0,Positive,FEMALE,Negative,3.0,3.0,4.0,Positive,M1,Positive,N2,825.0,1.0,LumB,Luminal B,Positive,Basal,-2.0,-3.0,followup,T_Other,T2,DECEASED,TCGA-A2-A0SV-01,Iq,C3-BRCA/Luminal,cluster 2,BRCA non-CIMP c9,BRCA nonbasal-like c8,BRCA nonbasal-like c7,miRNA cluster 4,cluster 6,mutation cluster 5,TCGA-A2-A0SV,TCGA Breast Cancer (BRCA),breast invasive carcinoma,Breast,YES,NO,,NO,63.0,Right,Axillary lymph node dissection alone,,TCGA-A2-A0SV-F3755,TCGA-A2-A0SV,TCGA-A2-A0SV-01A,,Positive,,,,,Positive,Simple Mastectomy,,NO,,,-23126.0,1513.0,825.0,0.0,,,,,,,,90-99%,,,2010-11-22,FEMALE,,,,,2+,,,1.0,,Infiltrating Ductal Carcinoma,,No,,C50.9,8500/3,C50.9,,YES,,Core needle biopsy,600.0,NO,Equivocal,Negative,,9.0,Positive,Post (prior bilateral ovariectomy OR >12 mo since LMP with no prior hysterectomy),,,,,,,,,,,,,,,,,,Bone,,2.0,6.0,,,,,,,,,8.0,,True,No,M1,N2a,T2,Stage IV,TCGA-A2-A0SV.161E2817-7DB2-46F8-BFEB-256DBBEFE633.pdf,A0SV,WITH TUMOR,,,,,,,,10-19%,,YES,Primary Tumor,1,,6th,YES,NO,YES,A2,Breast,A,DECEASED,2006.0,783d861d-ba0c-4b0d-9922-06ac23d3fc85,783d861d-ba0c-4b0d-9922-06ac23d3fc85,TCGA-A2-A0SV-01A-21-A13A-20,TCGA-A2-A0SV-01A-11D-A099-09,TCGA-A2-A0SV-01,TCGA-A2-A0SV-01A-11D-A10P-05,fc3b7efa-17e1-4f22-82f6-46b9eb25ab83,TCGA-A2-A0SV-01,TCGA-A2-A0SV-01A-11D-A099-09,,TCGA-A2-A0SV-01,,TCGA-A2-A0SV-01A-11D-A099-09,TCGA-A2-A0SV-01,783d861d-ba0c-4b0d-9922-06ac23d3fc85,TCGA-A2-A0SV-01,TCGA-A2-A0SV-01A-11D-A087-01,,TCGA-A2-A0SV-01A-11R-A084-07,783d861d-ba0c-4b0d-9922-06ac23d3fc85,TCGA-A2-A0SV-01A-11D-A087-01,TCGA-A2-A0SV-01,TCGA-A2-A0SV-01,27.5,1,Stage IV,LumB,1
TCGA-A2-A0SW-01,Stage IV,82.0,4.0,No_Conversion,1364.0,1364.0,Positive,FEMALE,Negative,1.0,1.0,4.0,Positive,M1,Positive,N2,1364.0,1.0,LumB,Luminal B,Negative,Basal,-2.0,-5.0,followup,T_Other,T2,DECEASED,TCGA-A2-A0SW-01,High,C3-BRCA/Luminal,cluster 4,BRCA CIMP c7,BRCA nonbasal-like c8,BRCA nonbasal-like c7,miRNA cluster 7,cluster 3,mutation cluster 3,TCGA-A2-A0SW,TCGA Breast Cancer (BRCA),breast invasive carcinoma,Breast,NO,NO,NO,,82.0,Right,Sentinel lymph node biopsy plus axillary dissection,,TCGA-A2-A0SW-F3701,TCGA-A2-A0SW,,,Positive,,,,,Negative,Lumpectomy,,NO,,,-30085.0,,1365.0,0.0,,,,653,,,,40-49%,,,2010-11-8,FEMALE,,,,Enumerate 60 tumor cells; ratio HER2/Centromer 17 >= 2.1 is amplified,,60.0,,1.2,,Infiltrating Ductal Carcinoma,,No,,C50.9,8500/3,C50.9,,YES,,Core needle biopsy,,,,Negative,,15.0,Negative,Post (prior bilateral ovariectomy OR >12 mo since LMP with no prior hysterectomy),,,,,,,,,,,,,,,,,,Liver,,4.0,3.0,,,,,,,,,4.0,,,No,M1,N2,T2,Stage IV,,A0SW,WITH TUMOR,,,,,,,,<10%,,YES,Primary Tumor,1,,,YES,NO,YES,A2,Breast,,DECEASED,2006.0,d17676ea-d64e-49d0-9737-3b852879ce52,d17676ea-d64e-49d0-9737-3b852879ce52,TCGA-A2-A0SW-01A-21-A13A-20,TCGA-A2-A0SW-01A-11D-A099-09,TCGA-A2-A0SW-01,TCGA-A2-A0SW-01A-11D-A10P-05,dc3609ce-4a40-4456-b26f-f366770af706,TCGA-A2-A0SW-01,TCGA-A2-A0SW-01A-11D-A099-09,,TCGA-A2-A0SW-01,,TCGA-A2-A0SW-01A-11D-A099-09,TCGA-A2-A0SW-01,d17676ea-d64e-49d0-9737-3b852879ce52,TCGA-A2-A0SW-01,TCGA-A2-A0SW-01A-11D-A087-01,,TCGA-A2-A0SW-01A-11R-A084-07,d17676ea-d64e-49d0-9737-3b852879ce52,TCGA-A2-A0SW-01A-11D-A087-01,TCGA-A2-A0SW-01,TCGA-A2-A0SW-01,45.46666666666667,1,Stage IV,LumB,1
TCGA-A2-A0T2-01,Stage IV,66.0,3.0,No_Conversion,240.0,240.0,Negative,FEMALE,Negative,2.0,2.0,2.0,Positive,M1,Positive,N3,240.0,1.0,Basal,Basal-like,Negative,Basal,-13.0,0.0,followup,T_Other,T3,DECEASED,TCGA-A2-A0T2-01,High,C4-BRCA/Basal,cluster 5,BRCA basal-like c8,BRCA basal-like c6,BRCA basal-like c8,miRNA cluster 7,cluster 3,mutation cluster 5,TCGA-A2-A0T2,TCGA Breast Cancer (BRCA),breast invasive carcinoma,Breast,NO,NO,,NO,66.0,Right,Axillary lymph node dissection alone,,TCGA-A2-A0T2-F3706,TCGA-A2-A0T2,TCGA-A2-A0T2-01A,,Negative,,,,,Negative,Modified Radical Mastectomy,,NO,,,-24235.0,261.0,255.0,0.0,,,,,,,,<10%,,,2010-11-12,FEMALE,,,,,0,,,,,Infiltrating Ductal Carcinoma,,No,,C50.9,8500/3,C50.9,,YES,,Core needle biopsy,270.0,NO,Negative,,,14.0,Close,Post (prior bilateral ovariectomy OR >12 mo since LMP with no prior hysterectomy),,,,,,,,,,,,,,,,,,Liver,Abdomen,5.0,3.0,,,,,,,,,10.0,,True,No,M1,N3,T3,Stage IV,TCGA-A2-A0T2.0DCD80E1-173E-4A1B-BDD8-74C7D12C1313.pdf,A0T2,WITH TUMOR,,,,,,,,<10%,,NO,Primary Tumor,1,,,NO,NO,YES,A2,Breast,A,DECEASED,2009.0,491c6c41-d1c5-4be7-bb7c-9df7275aa388,491c6c41-d1c5-4be7-bb7c-9df7275aa388,TCGA-A2-A0T2-01A-21-A13D-20,TCGA-A2-A0T2-01A-11W-A097-09,TCGA-A2-A0T2-01,TCGA-A2-A0T2-01A-11D-A10P-05,73634c23-d25e-4268-a1bb-f8270a5d1d00,TCGA-A2-A0T2-01,TCGA-A2-A0T2-01A-11W-A097-09,,TCGA-A2-A0T2-01,,TCGA-A2-A0T2-01A-11W-A097-09,TCGA-A2-A0T2-01,491c6c41-d1c5-4be7-bb7c-9df7275aa388,TCGA-A2-A0T2-01,TCGA-A2-A0T2-01A-11D-A087-01,,TCGA-A2-A0T2-01A-11R-A084-07,491c6c41-d1c5-4be7-bb7c-9df7275aa388,TCGA-A2-A0T2-01A-11D-A087-01,TCGA-A2-A0T2-01,TCGA-A2-A0T2-01,8.0,1,Stage IV,Basal,1
TCGA-A2-A0YT-01,Stage IIIB,56.0,,No_Conversion,669.0,723.0,Positive,FEMALE,Negative,,,,Negative,M0,Positive,N2,723.0,1.0,LumB,,Negative,,,,followup,T_Other,T4,DECEASED,TCGA-A2-A0YT-01,High,C3-BRCA/Luminal,,BRCA CIMP c7,BRCA nonbasal-like c8,BRCA nonbasal-like c7,miRNA cluster 6,,mutation cluster 3,TCGA-A2-A0YT,TCGA Breast Cancer (BRCA),breast invasive carcinoma,Breast,,,,,56.0,Left Upper Outer Quadrant,Axillary lymph node dissection alone,,TCGA-A2-A0YT-F15768,TCGA-A2-A0YT,TCGA-A2-A0YT-01A,,Positive,,,,,Negative,Modified Radical Mastectomy,,NO,,,-20482.0,884.0,723.0,0.0,,,,,,,,90-99%,,Scheduled Follow-up Submission,2011-8-30,FEMALE,,,,Enumerate 60 tumor cells; Ratio of HER2/Centromere 17 >=2.1 is amplified,,60.0,,1.3,,Infiltrating Ductal Carcinoma,,Yes,,C50.9,8500/3,C50.9,,YES,,Core needle biopsy,950.0,NO,,Negative,,5.0,Negative,Post (prior bilateral ovariectomy OR >12 mo since LMP with no prior hysterectomy),,,,,,,,,,,,,,,,,,,,,,,,,,,,,NO,5.0,,True,No,M0,N2a,T4b,Stage IIIB,TCGA-A2-A0YT.1C420F6B-8720-4CB0-9FB3-86A0EC05FBBD.pdf,A0YT,TUMOR FREE,,,,,,,,<10%,,YES,Primary Tumor,1,,,YES,NO,YES,A2,Breast,A,DECEASED,2008.0,451099b0-f348-4aec-bf9f-2982601f013c,451099b0-f348-4aec-bf9f-2982601f013c,TCGA-A2-A0YT-01A-21-A13D-20,TCGA-A2-A0YT-01A-11D-A10G-09,TCGA-A2-A0YT-01,TCGA-A2-A0YT-01A-11D-A10A-05,cea5a1de-f9e8-406b-a6ac-08e3d9869c5b,TCGA-A2-A0YT-01,TCGA-A2-A0YT-01A-11D-A10G-09,,TCGA-A2-A0YT-01,,TCGA-A2-A0YT-01A-11D-A10G-09,TCGA-A2-A0YT-01,451099b0-f348-4aec-bf9f-2982601f013c,TCGA-A2-A0YT-01,TCGA-A2-A0YT-01A-11D-A107-01,,TCGA-A2-A0YT-01A-11R-A109-07,451099b0-f348-4aec-bf9f-2982601f013c,TCGA-A2-A0YT-01A-11D-A107-01,TCGA-A2-A0YT-01,TCGA-A2-A0YT-01,24.1,1,Stage IIIB,LumB,1
TCGA-A2-A25A-01,Stage IIA,44.0,2.0,Stage IIA,2968.0,,Positive,FEMALE,Negative,,,,Negative,M0,Negative,N0,2968.0,0.0,Normal,,Positive,,,,enrollment,T_Other,T2,LIVING,TCGA-A2-A25A-01,Iq,C3-BRCA/Luminal,cluster 4,BRCA non-CIMP c9,BRCA nonbasal-like c8,BRCA nonbasal-like c7,miRNA cluster 5,,mutation cluster 4,TCGA-A2-A25A,TCGA Breast Cancer (BRCA),breast invasive carcinoma,Breast,,,,,44.0,Left Upper Inner Quadrant,Axillary lymph node dissection alone,,TCGA-A2-A25A-F30927,TCGA-A2-A25A,TCGA-A2-A25A-01A,,Positive,,,,,Positive,Simple Mastectomy,,YES,,,-16084.0,2927.0,,0.0,3276.0,,,,,NO,,<10%,,Scheduled Follow-up Submission,2012-4-19,FEMALE,,,,,2+,,,1.1,,Infiltrating Lobular Carcinoma,,No,,C50.9,8520/3,C50.9,,YES,,Core needle biopsy,160.0,NO,Equivocal,Negative,,14.0,Negative,Pre (<6 months since LMP AND no prior bilateral ovariectomy AND not on estrogen replacement),,,,,,,,,,,,,,,,,,,,4.0,,,,,,,,,NO,0.0,0.0,True,Yes,M0,N0 (i-),T2,Stage IIA,TCGA-A2-A25A.3971CA42-F1B0-4D85-9AD3-210B98E76A9C.pdf,A25A,TUMOR FREE,,,,,,,YES,<10%,,YES,Primary Tumor,1,,6th,YES,NO,YES,A2,Breast,A,LIVING,2003.0,50c720f4-dbcb-4b8b-9808-d130f5197d27,50c720f4-dbcb-4b8b-9808-d130f5197d27,TCGA-A2-A25A-01A-21-A17I-20,TCGA-A2-A25A-01A-12D-A16D-09,TCGA-A2-A25A-01,TCGA-A2-A25A-01A-12D-A16G-05,bf3c63c7-643e-43b2-b5ea-3c2185ba9238,TCGA-A2-A25A-01,TCGA-A2-A25A-01A-12D-A16D-09,,,TCGA-A2-A25A-01,TCGA-A2-A25A-01A-12D-A16D-09,,50c720f4-dbcb-4b8b-9808-d130f5197d27,,TCGA-A2-A25A-01A-12D-A16C-01,TCGA-A2-A25A-01,,50c720f4-dbcb-4b8b-9808-d130f5197d27,TCGA-A2-A25A-01A-12D-A16C-01,,TCGA-A2-A25A-01,98.93333333333334,0,Stage IIA,Normal,0
TCGA-A2-A25E-01,Stage IIIA,34.0,5.0,Stage IIIA,2511.0,,Positive,FEMALE,Equivocal,,,,Negative,M0,Positive,N2,2511.0,0.0,LumB,,Positive,,,,enrollment,T_Other,T2,LIVING,TCGA-A2-A25E-01,High,C3-BRCA/Luminal,cluster 4,BRCA CIMP c7,BRCA nonbasal-like c8,BRCA nonbasal-like c7,miRNA cluster 2,cluster 5,mutation c1uster 9,TCGA-A2-A25E,TCGA Breast Cancer (BRCA),breast invasive carcinoma,Breast,YES,NO,,,34.0,Left Upper Outer Quadrant,Axillary lymph node dissection alone,,TCGA-A2-A25E-F44982,TCGA-A2-A25E,TCGA-A2-A25E-01A,,Positive,,,,,Positive,Modified Radical Mastectomy,,NO,,,-12601.0,2441.0,,0.0,3204.0,,3024.0,2989,,NO,,80-89%,,Scheduled Follow-up Submission,2013-7-2,FEMALE,,,,,2+,,,2.1,,Infiltrating Ductal Carcinoma,,No,,C50.9,8500/3,C50.9,,YES,,Excisional Biopsy,200.0,NO,Equivocal,Equivocal,NO,10.0,Negative,Pre (<6 months since LMP AND no prior bilateral ovariectomy AND not on estrogen replacement),,Negative,1+,,Positive,90-99%,,,,3 Point Scale,3+,2+,,,<10%,,Positive,,,4.0,5.0,,,3 Point Scale,"Other, specify",Locoregional Recurrence,Left Chest Wall,YES,YES,6.0,,True,No,M0,N2a,T2,Stage IIIA,TCGA-A2-A25E.B81555D4-78D9-4235-AABE-F852CA6F15B5.pdf,A25E,TUMOR FREE,,,,"Strong, using scale of Weak, Moderate and Strong","Moderate using scale of Weak, Moderate, Strong",YES,YES,60-69%,,YES,Primary Tumor,1,,6th,YES,NO,YES,A2,Breast,A,LIVING,2004.0,7265c93b-7138-4bc8-bc9c-22ce1abf0ef2,7265c93b-7138-4bc8-bc9c-22ce1abf0ef2,TCGA-A2-A25E-01A-21-A17I-20,TCGA-A2-A25E-01A-11D-A167-09,TCGA-A2-A25E-01,TCGA-A2-A25E-01A-11D-A16A-05,6a6f4c33-d59e-462a-9fa7-aed32a35ff44,TCGA-A2-A25E-01,TCGA-A2-A25E-01A-11D-A167-09,,,TCGA-A2-A25E-01,TCGA-A2-A25E-01A-11D-A167-09,,7265c93b-7138-4bc8-bc9c-22ce1abf0ef2,,TCGA-A2-A25E-01A-11D-A166-01,TCGA-A2-A25E-01,,7265c93b-7138-4bc8-bc9c-22ce1abf0ef2,TCGA-A2-A25E-01A-11D-A166-01,,TCGA-A2-A25E-01,83.7,0,Stage IIIA,LumB,0
TCGA-A8-A06U-01,Stage IIB,80.0,,Stage IIB,882.0,882.0,Positive,FEMALE,Equivocal,,,,Negative,M0,Positive,N1,882.0,1.0,LumA,Luminal A,Positive,LumA/B,-2.0,-5.0,enrollment,T_Other,T2,DECEASED,TCGA-A8-A06U-01,High,C3-BRCA/Luminal,cluster 4,BRCA CIMP c7,BRCA nonbasal-like c8,BRCA nonbasal-like c7,miRNA cluster 4,cluster 4,mutation cluster 4,TCGA-A8-A06U,TCGA Breast Cancer (BRCA),breast invasive carcinoma,Breast,,,,,80.0,Right Upper Outer Quadrant,,,TCGA-A8-A06U-F40817,TCGA-A8-A06U,TCGA-A8-A06U-01A,,Positive,,,,,Positive,Other,,,,,-29525.0,759.0,883.0,0.0,,,,,,,,,,,2013-3-2,FEMALE,,,,,2+,,,,,Infiltrating Ductal Carcinoma,,No,,C50.9,8500/3,C50.9,,YES,,,250.0,NO,Positive,Positive,NO,,Negative,Post (prior bilateral ovariectomy OR >12 mo since LMP with no prior hysterectomy),,,,,,,,,,,,,,,,,,,,4.0,4.0,,,,,,,,,,,False,Yes,M0,N1a,T2,Stage IIB,TCGA-A8-A06U.A314FB55-F20A-4485-965D-D7894D070A16.pdf,A06U,TUMOR FREE,,,,,,,,,,NO,Primary Tumor,1,Surgical Resection,6th,,NO,YES,A8,Breast,A,DECEASED,2008.0,89f9e509-5f4c-439b-b610-860f209332d2,89f9e509-5f4c-439b-b610-860f209332d2,TCGA-A8-A06U-01A-21-A13A-20,TCGA-A8-A06U-01A-11W-A019-09,TCGA-A8-A06U-01,,f47ef5b8-45ae-4cd2-915a-ba5f790465bd,TCGA-A8-A06U-01,TCGA-A8-A06U-01A-11W-A019-09,TCGA-A8-A06U-01A-11D-A00Y-05,TCGA-A8-A06U-01,,TCGA-A8-A06U-01A-11W-A019-09,TCGA-A8-A06U-01,89f9e509-5f4c-439b-b610-860f209332d2,TCGA-A8-A06U-01,TCGA-A8-A06U-01A-11D-A011-01,,TCGA-A8-A06U-01A-11R-A00Z-07,89f9e509-5f4c-439b-b610-860f209332d2,TCGA-A8-A06U-01A-11D-A011-01,TCGA-A8-A06U-01,TCGA-A8-A06U-01,29.4,1,Stage IIB,LumA,1
TCGA-A8-A06X-01,Stage IIB,77.0,1.0,Stage IIB,943.0,943.0,Positive,FEMALE,Positive,,,,Negative,M0,Negative,N0,943.0,1.0,LumB,Luminal B,Negative,LumA/B,-2.0,-5.0,enrollment,T_Other,T3,DECEASED,TCGA-A8-A06X-01,High,C3-BRCA/Luminal,cluster 3,BRCA CIMP c7,BRCA nonbasal-like c8,BRCA nonbasal-like c7,,,mutation c1uster 10,TCGA-A8-A06X,TCGA Breast Cancer (BRCA),breast invasive carcinoma,Breast,,,,,77.0,Right Upper Outer Quadrant,,,TCGA-A8-A06X-F40818,TCGA-A8-A06X,TCGA-A8-A06X-01A,,Positive,,,,,Negative,Other,,,,,-28338.0,1276.0,943.0,0.0,,,,,,,,,,,2013-3-2,FEMALE,,,,,3+,,,,,Infiltrating Ductal Carcinoma,,No,,C50.9,8500/3,C50.9,,YES,,,760.0,NO,Positive,Positive,NO,,Negative,Post (prior bilateral ovariectomy OR >12 mo since LMP with no prior hysterectomy),,,,,,,,,,,,,,,,,,,,3.0,,,,,,,,,,,,False,No,M0,N0,T3,Stage IIB,TCGA-A8-A06X.738B601A-24D8-4261-B000-198648213070.pdf,A06X,TUMOR FREE,,,,,,,,,,YES,Primary Tumor,1,Surgical Resection,6th,,NO,YES,A8,Breast,A,DECEASED,2006.0,3ea9e7f1-39af-4089-b1c0-3c62db4e3102,3ea9e7f1-39af-4089-b1c0-3c62db4e3102,TCGA-A8-A06X-01A-11-A13A-20,TCGA-A8-A06X-01A-21W-A019-09,TCGA-A8-A06X-01,,1896a8eb-415e-4b05-aad1-dec8b4a5c473,TCGA-A8-A06X-01,TCGA-A8-A06X-01A-21W-A019-09,TCGA-A8-A06X-01A-21D-A00Y-05,TCGA-A8-A06X-01,,TCGA-A8-A06X-01A-21W-A019-09,,3ea9e7f1-39af-4089-b1c0-3c62db4e3102,,TCGA-A8-A06X-01A-21D-A011-01,,TCGA-A8-A06X-01A-21R-A00Z-07,3ea9e7f1-39af-4089-b1c0-3c62db4e3102,TCGA-A8-A06X-01A-21D-A011-01,TCGA-A8-A06X-01,TCGA-A8-A06X-01,31.433333333333334,1,Stage IIB,LumB,1
TCGA-A8-A08J-01,Stage IV,52.0,5.0,Stage IV,1127.0,1127.0,Positive,FEMALE,Negative,1.0,1.0,1.0,Positive,M1,Positive,N3,1127.0,1.0,Her2,HER2-enriched,Negative,Her2,-2.0,-5.0,enrollment,T_Other,T4,DECEASED,TCGA-A8-A08J-01,High,C3-BRCA/Luminal,cluster 4,BRCA CIMP c7,BRCA basal-like c6,BRCA nonbasal-like c7,miRNA cluster 4,cluster 4,mutation cluster 12,TCGA-A8-A08J,TCGA Breast Cancer (BRCA),breast invasive carcinoma,Breast,,,,,52.0,Right,,,TCGA-A8-A08J-F40846,TCGA-A8-A08J,TCGA-A8-A08J-01A,,Positive,,,,,Negative,Other,,,,,-19266.0,1733.0,1127.0,0.0,,,,,,,,,,,2013-3-2,FEMALE,,,,,1+,,,,,Infiltrating Ductal Carcinoma,,No,,C50.9,8541/3,C50.9,,YES,,,630.0,NO,Negative,Negative,NO,,Positive,Post (prior bilateral ovariectomy OR >12 mo since LMP with no prior hysterectomy),,,,,,,,,,,,,,,,,,,,4.0,4.0,,,,,,,,,,,False,No,M1,N3,T4b,Stage IV,TCGA-A8-A08J.C1D59BA7-FC3E-46EA-B095-3B6DF42892B0.pdf,A08J,WITH TUMOR,,,,,,,,,,NO,Primary Tumor,1,Surgical Resection,6th,,NO,YES,A8,Breast,A,DECEASED,2005.0,67e019fc-65c4-4274-a0f7-5a92f0f87bba,67e019fc-65c4-4274-a0f7-5a92f0f87bba,TCGA-A8-A08J-01A-21-A13A-20,TCGA-A8-A08J-01A-11W-A019-09,TCGA-A8-A08J-01,,c8144900-30dc-4081-882a-4dc863120a39,TCGA-A8-A08J-01,TCGA-A8-A08J-01A-11W-A019-09,TCGA-A8-A08J-01A-11D-A00Y-05,TCGA-A8-A08J-01,,TCGA-A8-A08J-01A-11W-A019-09,TCGA-A8-A08J-01,67e019fc-65c4-4274-a0f7-5a92f0f87bba,TCGA-A8-A08J-01,TCGA-A8-A08J-01A-11D-A011-01,,TCGA-A8-A08J-01A-11R-A00Z-07,67e019fc-65c4-4274-a0f7-5a92f0f87bba,TCGA-A8-A08J-01A-11D-A011-01,TCGA-A8-A08J-01,TCGA-A8-A08J-01,37.56666666666667,1,Stage IV,Her2,1
TCGA-A8-A08L-01,Stage IIIA,89.0,1.0,Stage IIIA,304.0,304.0,Positive,FEMALE,Negative,5.0,2.0,1.0,Negative,M0,Positive,N2,304.0,1.0,Her2,HER2-enriched,Negative,X,-2.0,-6.0,enrollment,T_Other,T3,DECEASED,TCGA-A8-A08L-01,High,C3-BRCA/Luminal,cluster 4,BRCA non-CIMP c9,BRCA basal-like c6,BRCA nonbasal-like c7,miRNA cluster 6,cluster 1,mutation cluster 1,TCGA-A8-A08L,TCGA Breast Cancer (BRCA),breast invasive carcinoma,Breast,,,,,89.0,Left,,,TCGA-A8-A08L-F40847,TCGA-A8-A08L,TCGA-A8-A08L-01A,,Positive,,,,,Negative,Other,,,,,-32842.0,698.0,304.0,0.0,,,,,,,,,,,2013-3-2,FEMALE,,,,,1+,,,,,Infiltrating Ductal Carcinoma,,No,,C50.9,8500/3,C50.9,,YES,,,200.0,NO,Negative,Negative,NO,,Negative,Post (prior bilateral ovariectomy OR >12 mo since LMP with no prior hysterectomy),,,,,,,,,,,,,,,,,,,,4.0,1.0,,,,,,,,,,,False,No,M0,N2a,T3,Stage IIIA,TCGA-A8-A08L.BC0E0F93-B183-44E8-B551-EA463B2FBCE4.pdf,A08L,TUMOR FREE,,,,,,,,,,YES,Primary Tumor,1,Surgical Resection,6th,,NO,YES,A8,Breast,A,DECEASED,2008.0,0b3c65ed-ff55-45c9-b6a3-dd3a596a0271,0b3c65ed-ff55-45c9-b6a3-dd3a596a0271,TCGA-A8-A08L-01A-21-A13A-20,TCGA-A8-A08L-01A-11W-A019-09,TCGA-A8-A08L-01,,7a837782-6edf-48bb-83db-40548ddd2b69,TCGA-A8-A08L-01,TCGA-A8-A08L-01A-11W-A019-09,TCGA-A8-A08L-01A-11D-A00Y-05,TCGA-A8-A08L-01,,TCGA-A8-A08L-01A-11W-A019-09,TCGA-A8-A08L-01,0b3c65ed-ff55-45c9-b6a3-dd3a596a0271,TCGA-A8-A08L-01,TCGA-A8-A08L-01A-11D-A011-01,,TCGA-A8-A08L-01A-11R-A00Z-07,0b3c65ed-ff55-45c9-b6a3-dd3a596a0271,TCGA-A8-A08L-01A-11D-A011-01,TCGA-A8-A08L-01,TCGA-A8-A08L-01,10.133333333333333,1,Stage IIIA,Her2,1
TCGA-A8-A08T-01,Stage IV,64.0,4.0,Stage IV,2830.0,,Positive,FEMALE,Negative,1.0,3.0,3.0,Positive,M1,Positive,N1,2830.0,0.0,LumA,Luminal A,Positive,LumA,-5.0,-3.0,enrollment,T_Other,T2,LIVING,TCGA-A8-A08T-01,BRCA-LUAD+,C3-BRCA/Luminal,cluster 4,BRCA CIMP c7,BRCA nonbasal-like c8,BRCA nonbasal-like c7,miRNA cluster 14,cluster 2,mutation cluster 4,TCGA-A8-A08T,TCGA Breast Cancer (BRCA),breast invasive carcinoma,Breast,,,,,64.0,Right,,,TCGA-A8-A08T-F40559,TCGA-A8-A08T,TCGA-A8-A08T-01A,,Positive,,,,,Positive,Other,,,,,-23560.0,2767.0,3409.0,0.0,2830.0,,,2557,,,,,,,2013-2-24,FEMALE,,,,,2+,,,,,Infiltrating Ductal Carcinoma,,No,,C50.9,8500/3,C50.9,,YES,,,190.0,NO,Positive,Positive,NO,,Positive,Post (prior bilateral ovariectomy OR >12 mo since LMP with no prior hysterectomy),,,,,,,,,,,,,,,,,,,,4.0,2.0,,,,,,,,YES,,,False,No,M1,N1a,T2,Stage IV,TCGA-A8-A08T.5780D50C-5BF0-4392-BC9B-894D1369866A.pdf,A08T,WITH TUMOR,,,,,,,,,,NO,Primary Tumor,1,Surgical Resection,6th,,NO,YES,A8,Breast,A,DECEASED,2002.0,ed6ebb15-1401-49e0-be9a-e1391e84b374,ed6ebb15-1401-49e0-be9a-e1391e84b374,TCGA-A8-A08T-01A-11-A13A-20,TCGA-A8-A08T-01A-21W-A019-09,TCGA-A8-A08T-01,,68cba786-7b1c-4e7c-863b-19a037b1d07e,TCGA-A8-A08T-01,TCGA-A8-A08T-01A-21W-A019-09,TCGA-A8-A08T-01A-21D-A00Y-05,TCGA-A8-A08T-01,,TCGA-A8-A08T-01A-21W-A019-09,TCGA-A8-A08T-01,ed6ebb15-1401-49e0-be9a-e1391e84b374,TCGA-A8-A08T-01,TCGA-A8-A08T-01A-21D-A011-01,,TCGA-A8-A08T-01A-21R-A00Z-07,ed6ebb15-1401-49e0-be9a-e1391e84b374,TCGA-A8-A08T-01A-21D-A011-01,TCGA-A8-A08T-01,TCGA-A8-A08T-01,94.33333333333333,0,Stage IV,LumA,0
TCGA-A8-A09X-01,Stage IIIC,62.0,3.0,Stage IIIC,426.0,426.0,Negative,FEMALE,Negative,2.0,1.0,1.0,Negative,M0,Positive,N3,426.0,1.0,Her2,HER2-enriched,Negative,Her2,-11.0,-5.0,enrollment,T_Other,T2,DECEASED,TCGA-A8-A09X-01,Kirc+,C3-BRCA/Luminal,cluster 4,BRCA CIMP c7,BRCA basal-like c6,BRCA nonbasal-like c7,miRNA cluster 7,cluster 3,mutation cluster 5,TCGA-A8-A09X,TCGA Breast Cancer (BRCA),breast invasive carcinoma,Breast,,,,,62.0,Left Upper Inner Quadrant,,,,TCGA-A8-A09X,TCGA-A8-A09X-01A,,Negative,,,,,Negative,Other,,,,,-22858.0,302.0,426.0,0.0,,,,,,,,,,,2011-5-27,FEMALE,,,,,1+,,,,,Infiltrating Lobular Carcinoma,,No,,C50.9,8520/3,C50.9,,YES,,,150.0,NO,Negative,Negative,,,,Post (prior bilateral ovariectomy OR >12 mo since LMP with no prior hysterectomy),,,,,,,,,,,,,,,,,,,,4.0,3.0,,,,,,,,,,,False,No,M0,N3a,T2,Stage IIIC,TCGA-A8-A09X.F72703A2-2C57-459A-9015-94BD3D302491.pdf,A09X,,,,,,,,,,,,Primary Tumor,1,Surgical Resection,6th,,NO,YES,A8,Breast,A,DECEASED,2009.0,f97f68be-6838-455c-91bf-7549543a82c3,f97f68be-6838-455c-91bf-7549543a82c3,TCGA-A8-A09X-01A-21-A13A-20,TCGA-A8-A09X-01A-11W-A019-09,TCGA-A8-A09X-01,,62752717-e2ef-42c9-b0c2-282f66bc0096,TCGA-A8-A09X-01,TCGA-A8-A09X-01A-11W-A019-09,TCGA-A8-A09X-01A-11D-A00Y-05,TCGA-A8-A09X-01,,TCGA-A8-A09X-01A-11W-A019-09,TCGA-A8-A09X-01,f97f68be-6838-455c-91bf-7549543a82c3,TCGA-A8-A09X-01,TCGA-A8-A09X-01A-11D-A011-01,,TCGA-A8-A09X-01A-11R-A00Z-07,f97f68be-6838-455c-91bf-7549543a82c3,TCGA-A8-A09X-01A-11D-A011-01,TCGA-A8-A09X-01,TCGA-A8-A09X-01,14.2,1,Stage IIIC,Her2,1
TCGA-AO-A03L-01,Stage IIIA,34.0,5.0,No_Conversion,2442.0,,Positive,FEMALE,Negative,1.0,3.0,1.0,Negative,M0,Positive,N2,2442.0,0.0,LumA,HER2-enriched,Positive,Basal,-2.0,-4.0,followup,T_Other,T3,LIVING,TCGA-AO-A03L-01,High,C3-BRCA/Luminal,cluster 4,BRCA CIMP c7,BRCA nonbasal-like c8,BRCA nonbasal-like c7,miRNA cluster 6,cluster 1,mutation cluster 3,TCGA-AO-A03L,TCGA Breast Cancer (BRCA),breast invasive carcinoma,Breast,,,,,34.0,Right Upper Inner Quadrant|Right Upper Outer Quadrant|Right Lower Inner Quadrant|Right Lower Outer Quadrant|Right,Sentinel lymph node biopsy plus axillary dissection,,TCGA-AO-A03L-F19390,TCGA-AO-A03L,TCGA-AO-A03L-01A,,Positive,,2+,,,Positive,Modified Radical Mastectomy,,NO,,,-12443.0,2456.0,,0.0,2442.0,,,,,,,70-79%,63,Scheduled Follow-up Submission,2011-12-12,FEMALE,,,10-19%,>= 2.0 Positive,2+,30.0,47,1.0,,Infiltrating Ductal Carcinoma,,No,,C50.9,8500/3,C50.9,2+,YES,,Core needle biopsy,680.0,NO,Positive,Negative,,17.0,Negative,Pre (<6 months since LMP AND no prior bilateral ovariectomy AND not on estrogen replacement),,,,,,,,,,,,,,,,,,,,4.0,1.0,,,,,,,,NO,4.0,,True,No,M0,N2,T3,Stage IIIA,TCGA-AO-A03L.FF7212E5-9A44-4659-B3B9-3EF2DB7A9E6D.pdf,A03L,TUMOR FREE,,,,,,,,10-19%,,YES,Primary Tumor,1,,6th,YES,NO,YES,AO,Breast,A,LIVING,2003.0,34980e1d-956b-4d89-8bf2-dcc008dbaad7,34980e1d-956b-4d89-8bf2-dcc008dbaad7,TCGA-AO-A03L-01A-31-A13A-20,TCGA-AO-A03L-01A-41W-A071-09,TCGA-AO-A03L-01,TCGA-AO-A03L-01A-41D-A10P-05,f54048ea-ae8d-4786-b466-a9f4604507e0,TCGA-AO-A03L-01,TCGA-AO-A03L-01A-41W-A071-09,,TCGA-AO-A03L-01,,TCGA-AO-A03L-01A-41W-A071-09,TCGA-AO-A03L-01,34980e1d-956b-4d89-8bf2-dcc008dbaad7,TCGA-AO-A03L-01,TCGA-AO-A03L-01A-41D-A059-01,,TCGA-AO-A03L-01A-41R-A056-07,34980e1d-956b-4d89-8bf2-dcc008dbaad7,TCGA-AO-A03L-01A-41D-A059-01,TCGA-AO-A03L-01,TCGA-AO-A03L-01,81.4,0,Stage IIIA,LumA,0
TCGA-AO-A03O-01,Stage IIA,69.0,3.0,Stage IIA,993.0,2483.0,Positive,FEMALE,Negative,1.0,1.0,4.0,Negative,M0,Negative,N0,2483.0,1.0,LumB,Luminal B,Positive,LumA/B,-2.0,-5.0,followup,T_Other,T2,DECEASED,TCGA-AO-A03O-01,High,C3-BRCA/Luminal,cluster 4,BRCA CIMP c7,BRCA nonbasal-like c8,BRCA nonbasal-like c7,miRNA cluster 6,cluster 1,mutation cluster 8,TCGA-AO-A03O,TCGA Breast Cancer (BRCA),breast invasive carcinoma,Breast,,,,,69.0,Right Upper Outer Quadrant|Right,Sentinel lymph node biopsy plus axillary dissection,,TCGA-AO-A03O-F3141,TCGA-AO-A03O,TCGA-AO-A03O-01A,,Positive,,,,,Positive,Modified Radical Mastectomy,,YES,,,-25362.0,2694.0,2483.0,0.0,,,,,,,>10% STAINING = POSITIVE,,68,,2010-9-19,FEMALE,,3+ POSITIVE,<10%,> = 2.0,1+,29.0,73,1.1,,Infiltrating Ductal Carcinoma,,No,,C50.9,8500/3,C50.9,,YES,,Core needle biopsy,690.0,NO,Negative,Negative,,17.0,Negative,Post (prior bilateral ovariectomy OR >12 mo since LMP with no prior hysterectomy),,,,,,,,,,,,,,,,,,,,4.0,1.0,,,,,,,,,0.0,0.0,True,No,M0,N0 (i-),T2,Stage IIA,TCGA-AO-A03O.FE9C56C4-B6D4-4054-A58C-13642370052E.pdf,A03O,TUMOR FREE,,,,>10% STAINING = POSITIVE,,,,,,NO,Primary Tumor,1,,,YES,NO,YES,AO,Breast,A,DECEASED,2002.0,a1460e9a-c4aa-4e07-abf4-fdb5f42f5eeb,a1460e9a-c4aa-4e07-abf4-fdb5f42f5eeb,TCGA-AO-A03O-01A-31-A13A-20,TCGA-AO-A03O-01A-11W-A019-09,TCGA-AO-A03O-01,,191dae29-7228-4645-9efe-8c80596a5e50,TCGA-AO-A03O-01,TCGA-AO-A03O-01A-11W-A019-09,TCGA-AO-A03O-01A-11D-A00Y-05,TCGA-AO-A03O-01,,TCGA-AO-A03O-01A-11W-A019-09,TCGA-AO-A03O-01,a1460e9a-c4aa-4e07-abf4-fdb5f42f5eeb,TCGA-AO-A03O-01,TCGA-AO-A03O-01A-11D-A011-01,,TCGA-AO-A03O-01A-11R-A00Z-07,a1460e9a-c4aa-4e07-abf4-fdb5f42f5eeb,TCGA-AO-A03O-01A-11D-A011-01,TCGA-AO-A03O-01,TCGA-AO-A03O-01,82.76666666666667,1,Stage IIA,LumB,0
TCGA-AO-A03P-01,Stage IIA,54.0,3.0,No_Conversion,2576.0,,Positive,FEMALE,Negative,,,,Negative,M0,Positive,N1,2576.0,0.0,LumB,Luminal B,Positive,LumA/B,-10.0,-5.0,enrollment,T_Other,T2,LIVING,TCGA-AO-A03P-01,High,C3-BRCA/Luminal,cluster 2,BRCA non-CIMP c9,BRCA nonbasal-like c8,BRCA nonbasal-like c7,,,mutation c1uster 9,TCGA-AO-A03P,TCGA Breast Cancer (BRCA),breast invasive carcinoma,Breast,YES,NO,NO,,54.0,Right Upper Outer Quadrant|Right,Sentinel lymph node biopsy plus axillary dissection,,TCGA-AO-A03P-F15452,TCGA-AO-A03P,TCGA-AO-A03P-01A,,Positive,,2+,,,Positive,Lumpectomy,,YES,,1922.0,-19724.0,2414.0,2911.0,0.0,2576.0,2576.0,,1922,,,,90-99%,,Scheduled Follow-up Submission,2011-8-22,FEMALE,,3+ POSITIVE,<10%,,0,,,,4.0,Infiltrating Ductal Carcinoma,,No,40.0,C50.9,8500/3,C50.9,4+,YES,,Core needle biopsy,370.0,NO,Negative,,,26.0,Close,Post (prior bilateral ovariectomy OR >12 mo since LMP with no prior hysterectomy),,Equivocal,2+,,Positive,90-99%,3 Point Scale,20-29%,1.7,4 Point Scale,4+,2+,Negative,,80-89%,,Positive,,,2.0,,2.4,RATIO >2.2,4 Point Scale,Liver,Distant Metastasis,,,YES,0.0,2.0,True,No,M0,N1,T2,Stage IIB,TCGA-AO-A03P.0BFAB667-8B40-46AE-A224-535573E268C7.pdf,A03P,WITH TUMOR,,,,,,,,40-49%,,YES,Primary Tumor,1,,6th,NO,NO,YES,AO,Breast,A,DECEASED,2003.0,9543095d-b05b-43e0-8b8d-74bd916b510b,9543095d-b05b-43e0-8b8d-74bd916b510b,TCGA-AO-A03P-01A-31-A13A-20,TCGA-AO-A03P-01A-11W-A019-09,TCGA-AO-A03P-01,,dafdae39-54bf-4a1a-a15b-3538e36ed42c,TCGA-AO-A03P-01,TCGA-AO-A03P-01A-11W-A019-09,TCGA-AO-A03P-01A-11D-A00Y-05,TCGA-AO-A03P-01,,TCGA-AO-A03P-01A-11W-A019-09,,9543095d-b05b-43e0-8b8d-74bd916b510b,,TCGA-AO-A03P-01A-11D-A011-01,,TCGA-AO-A03P-01A-11R-A00Z-07,9543095d-b05b-43e0-8b8d-74bd916b510b,TCGA-AO-A03P-01A-11D-A011-01,TCGA-AO-A03P-01,TCGA-AO-A03P-01,85.86666666666666,0,Stage IIA,LumB,0
TCGA-AO-A03U-01,Stage IA,31.0,1.0,Stage I,1727.0,1796.0,Negative,FEMALE,Negative,2.0,2.0,2.0,Negative,M0,Negative,N0,1796.0,1.0,Normal,Normal-like,Negative,Basal,-5.0,0.0,followup,T1,T1,DECEASED,TCGA-AO-A03U-01,Kirc+,C4-BRCA/Basal,cluster 5,Low purity c2,BRCA basal-like c6,BRCA basal-like c8,miRNA cluster 4,cluster 4,mutation c1uster 9,TCGA-AO-A03U,TCGA Breast Cancer (BRCA),breast invasive carcinoma,Breast,,,NO,,31.0,Left Upper Inner Quadrant|Left Upper Outer Quadrant|Left Lower Inner Quadrant|Left Lower Outer Quadrant|Left,Sentinel node biopsy alone,,TCGA-AO-A03U-F20907,TCGA-AO-A03U,TCGA-AO-A03U-01B,,Negative,,,,,Negative,Simple Mastectomy,,YES,,,-11354.0,3254.0,1793.0,0.0,,,,1614,,,,<10%,,Scheduled Follow-up Submission,2012-1-24,FEMALE,,3+ Positive,<10%,,0,,,,,"Other, specify",,No,,C50.9,8502/3,C50.9,,YES,,Core needle biopsy,170.0,NO,Negative,Negative,,8.0,Negative,Pre (<6 months since LMP AND no prior bilateral ovariectomy AND not on estrogen replacement),,Negative,,,Negative,,,,,,,,,,,,Negative,,,5.0,4.0,,,,Lung,New Primary Tumor,,,YES,0.0,0.0,True,No,M0,N0 (i-),T1c,Stage I,TCGA-AO-A03U.A8AF94A0-F3C2-4AB0-AB0C-22BDA51AF546.pdf,A03U,TUMOR FREE,,,,,,,,<10%,,NO,Primary Tumor,1,,6th,YES,NO,YES,AO,Breast,B,DECEASED,2001.0,bbca4523-28a7-416c-98a8-02c3350705fc,bbca4523-28a7-416c-98a8-02c3350705fc,TCGA-AO-A03U-01B-11-A13E-20,TCGA-AO-A03U-01B-21D-A10M-09,TCGA-AO-A03U-01,TCGA-AO-A03U-01B-21D-A10N-05,93635795-8741-4a0d-b538-48fb08377942,TCGA-AO-A03U-01,TCGA-AO-A03U-01B-21D-A10M-09,,TCGA-AO-A03U-01,,TCGA-AO-A03U-01B-21D-A10M-09,TCGA-AO-A03U-01,bbca4523-28a7-416c-98a8-02c3350705fc,TCGA-AO-A03U-01,TCGA-AO-A03U-01B-21D-A10L-01,,TCGA-AO-A03U-01B-21R-A10J-07,bbca4523-28a7-416c-98a8-02c3350705fc,TCGA-AO-A03U-01B-21D-A10L-01,TCGA-AO-A03U-01,TCGA-AO-A03U-01,59.86666666666667,1,Stage IA,Normal,1
TCGA-AO-A0JD-01,Stage IIIA,59.0,2.0,No_Conversion,1813.0,,Positive,FEMALE,Negative,3.0,3.0,4.0,Negative,M0,Positive,N1,1813.0,0.0,LumB,Luminal B,Positive,Basal,-2.0,-2.0,followup,T_Other,T3,LIVING,TCGA-AO-A0JD-01,Squamous,C3-BRCA/Luminal,cluster 2,BRCA non-CIMP c9,BRCA nonbasal-like c8,BRCA nonbasal-like c7,miRNA c1uster 10,cluster 5,mutation cluster 8,TCGA-AO-A0JD,TCGA Breast Cancer (BRCA),breast invasive carcinoma,Breast,,,,,59.0,Left Upper Outer Quadrant|Left,Sentinel lymph node biopsy plus axillary dissection,,TCGA-AO-A0JD-F15487,TCGA-AO-A0JD,TCGA-AO-A0JD-01A,,Positive,,2+,,,Positive,Modified Radical Mastectomy,,NO,,,-21831.0,1863.0,,0.0,2190.0,,,,,,,90-99%,49,Scheduled Follow-up Submission,2011-8-22,FEMALE,,3+ POSITIVE,<10%,RATIO > = 2.0,1+,20.0,68,1.4,,Infiltrating Ductal Carcinoma,,No,,C50.9,8500/3,C50.9,2+,YES,,Core needle biopsy,230.0,NO,Negative,Negative,,27.0,Negative,Post (prior bilateral ovariectomy OR >12 mo since LMP with no prior hysterectomy),,,,,,,,,,,,,,,,,,,,2.0,5.0,,,,,,,,NO,3.0,0.0,True,No,M0,N1a,T3,Stage IIIA,TCGA-AO-A0JD.E8A43FF3-3D98-45EE-9567-6EED4DA38274.pdf,A0JD,TUMOR FREE,,,,,,,,40-49%,,YES,Primary Tumor,1,,,YES,NO,YES,AO,Breast,A,LIVING,2005.0,0bef9bfc-43d3-4ac9-a60f-9b65623f7e37,0bef9bfc-43d3-4ac9-a60f-9b65623f7e37,TCGA-AO-A0JD-01A-21-A13B-20,TCGA-AO-A0JD-01A-11W-A071-09,TCGA-AO-A0JD-01,TCGA-AO-A0JD-01A-11D-A10P-05,ac0bdea2-ebe1-454a-8425-960820b9a1ad,TCGA-AO-A0JD-01,TCGA-AO-A0JD-01A-11W-A071-09,,TCGA-AO-A0JD-01,,TCGA-AO-A0JD-01A-11W-A071-09,TCGA-AO-A0JD-01,0bef9bfc-43d3-4ac9-a60f-9b65623f7e37,TCGA-AO-A0JD-01,TCGA-AO-A0JD-01A-11D-A059-01,,TCGA-AO-A0JD-01A-11R-A056-07,0bef9bfc-43d3-4ac9-a60f-9b65623f7e37,TCGA-AO-A0JD-01A-11D-A059-01,TCGA-AO-A0JD-01,TCGA-AO-A0JD-01,60.43333333333333,0,Stage IIIA,LumB,0
TCGA-AO-A0JE-01,Stage IIIA,53.0,5.0,No_Conversion,1965.0,,Negative,FEMALE,Positive,1.0,1.0,1.0,Negative,M0,Positive,N2,1965.0,0.0,Her2,HER2-enriched,Negative,Her2,-11.0,-5.0,followup,T_Other,T2,LIVING,TCGA-AO-A0JE-01,High,C3-BRCA/Luminal,cluster 4,BRCA CIMP c7,BRCA basal-like c6,BRCA nonbasal-like c7,miRNA cluster 7,cluster 4,mutation cluster 3,TCGA-AO-A0JE,TCGA Breast Cancer (BRCA),breast invasive carcinoma,Breast,,,,,53.0,Right Lower Outer Quadrant|Right,Sentinel lymph node biopsy plus axillary dissection,,TCGA-AO-A0JE-F15488,TCGA-AO-A0JE,,,Negative,,,,,Negative,Lumpectomy,,NO,,,-19516.0,,,0.0,2335.0,,,,,,,<10%,71,Scheduled Follow-up Submission,2011-8-22,FEMALE,,3+ POSITIVE,50-59%,RATIO > = 2.0,3+,33.0,269,3.8,,Infiltrating Ductal Carcinoma,,No,,C50.9,8500/3,C50.9,,YES,,Core needle biopsy,,,Positive,Positive,,29.0,Positive,Post (prior bilateral ovariectomy OR >12 mo since LMP with no prior hysterectomy),,,,,,,,,,,,,,,,,,,,4.0,4.0,,,,,,,,NO,8.0,0.0,,No,M0,N2a,T2,Stage IIIA,,A0JE,TUMOR FREE,,,,,,,,<10%,,YES,Primary Tumor,1,,,YES,NO,YES,AO,Breast,,LIVING,2005.0,d73174ef-182c-48b9-af79-dfb457d5b7be,d73174ef-182c-48b9-af79-dfb457d5b7be,TCGA-AO-A0JE-01A-21-A13B-20,TCGA-AO-A0JE-01A-11W-A071-09,TCGA-AO-A0JE-01,TCGA-AO-A0JE-01A-11D-A10P-05,d9cdfaa4-a07d-4172-9ffd-67fb62cc8d9a,TCGA-AO-A0JE-01,TCGA-AO-A0JE-01A-11W-A071-09,,TCGA-AO-A0JE-01,,TCGA-AO-A0JE-01A-11W-A071-09,TCGA-AO-A0JE-01,d73174ef-182c-48b9-af79-dfb457d5b7be,TCGA-AO-A0JE-01,TCGA-AO-A0JE-01A-11D-A059-01,,TCGA-AO-A0JE-01A-11R-A056-07,d73174ef-182c-48b9-af79-dfb457d5b7be,TCGA-AO-A0JE-01A-11D-A059-01,TCGA-AO-A0JE-01,TCGA-AO-A0JE-01,65.5,0,Stage IIIA,Her2,0
TCGA-AO-A0JM-01,Stage IIB,40.0,3.0,No_Conversion,1826.0,,Positive,FEMALE,Positive,4.0,5.0,4.0,Negative,M0,Positive,N1,1826.0,0.0,LumB,Luminal B,Positive,ReacII,-2.0,-5.0,followup,T_Other,T2,LIVING,TCGA-AO-A0JM-01,High,C3-BRCA/Luminal,cluster 3,BRCA CIMP c7,KIRC-like c1,BRCA nonbasal-like c7,miRNA cluster 12,cluster 5,mutation c1uster 9,TCGA-AO-A0JM,TCGA Breast Cancer (BRCA),breast invasive carcinoma,Breast,,,,,40.0,Right Lower Inner Quadrant|Right Lower Outer Quadrant|Right,Sentinel lymph node biopsy plus axillary dissection,,TCGA-AO-A0JM-F15496,TCGA-AO-A0JM,TCGA-AO-A0JM-01A,,Positive,,1+,,,Positive,Modified Radical Mastectomy,,NO,,,-14653.0,1828.0,,0.0,2184.0,,,,,,,90-99%,74,,2011-8-22,FEMALE,,3+ POSITIVE,70-79%,,3+,30.0,366,5.0,,Infiltrating Ductal Carcinoma,,No,,C50.9,8500/3,C50.9,2+,YES,,Core needle biopsy,710.0,NO,Positive,Positive,,23.0,Negative,Pre (<6 months since LMP AND no prior bilateral ovariectomy AND not on estrogen replacement),,,,,,,,,,,,,,,,,,,,3.0,5.0,,,,,,,,NO,2.0,,True,No,M0,N1,T2,Stage IIB,TCGA-AO-A0JM.3023C34B-CF59-43EA-9241-33B738D19B05.pdf,A0JM,TUMOR FREE,,,,,,,,<10%,,YES,Primary Tumor,1,,,YES,NO,YES,AO,Breast,A,LIVING,2005.0,7b53ba9f-506e-4af7-9752-ae50e4445880,7b53ba9f-506e-4af7-9752-ae50e4445880,TCGA-AO-A0JM-01A-11-A13A-20,TCGA-AO-A0JM-01A-21W-A071-09,TCGA-AO-A0JM-01,TCGA-AO-A0JM-01A-21D-A10P-05,f53d3976-6b25-4a6d-9969-89f363a1b810,TCGA-AO-A0JM-01,TCGA-AO-A0JM-01A-21W-A071-09,,TCGA-AO-A0JM-01,,TCGA-AO-A0JM-01A-21W-A071-09,TCGA-AO-A0JM-01,7b53ba9f-506e-4af7-9752-ae50e4445880,TCGA-AO-A0JM-01,TCGA-AO-A0JM-01A-21D-A059-01,,TCGA-AO-A0JM-01A-21R-A056-07,7b53ba9f-506e-4af7-9752-ae50e4445880,TCGA-AO-A0JM-01A-21D-A059-01,TCGA-AO-A0JM-01,TCGA-AO-A0JM-01,60.86666666666667,0,Stage IIB,LumB,0
TCGA-AO-A124-01,Stage IIA,38.0,3.0,Stage IIA,3119.0,,Negative,FEMALE,Negative,,,,Negative,M0,Negative,N0,3119.0,0.0,Basal,Basal-like,Negative,Basal,-13.0,-12.0,followup,T_Other,T2,LIVING,TCGA-AO-A124-01,High,C4-BRCA/Basal,cluster 5,BRCA basal-like c8,BRCA basal-like c6,BRCA basal-like c8,miRNA cluster 7,cluster 3,mutation cluster 5,TCGA-AO-A124,TCGA Breast Cancer (BRCA),breast invasive carcinoma,Breast,,,,,38.0,Left,Sentinel lymph node biopsy plus axillary dissection,,TCGA-AO-A124-F19395,TCGA-AO-A124,TCGA-AO-A124-01A,,Negative,,,,,Negative,Modified Radical Mastectomy,,YES,,,-14174.0,3213.0,,0.0,3506.0,,,,,,,<10%,,Scheduled Follow-up Submission,2011-12-12,FEMALE,,3+ Positive,<10%,,0,,,,,"Other, specify",,No,,C50.9,8523/3,C50.9,,YES,,Core needle biopsy,730.0,NO,Negative,,,18.0,Negative,Pre (<6 months since LMP AND no prior bilateral ovariectomy AND not on estrogen replacement),,,,,,,,,,,,,,,,,,,,5.0,3.0,,,,,,,,NO,0.0,0.0,True,No,M0,N0 (i-),T2,Stage IIA,TCGA-AO-A124.9009B4A7-3570-4AD6-878E-90CE8DA7980A.pdf,A124,TUMOR FREE,,,,,,,,<10%,,NO,Primary Tumor,1,,5th,YES,NO,YES,AO,Breast,A,LIVING,2002.0,5cd42d4a-5971-4a01-8c10-99321105a864,5cd42d4a-5971-4a01-8c10-99321105a864,TCGA-AO-A124-01A-21-A13E-20,TCGA-AO-A124-01A-11D-A10M-09,TCGA-AO-A124-01,TCGA-AO-A124-01A-11D-A10N-05,184cfad8-a50d-4212-b808-dd5a0275cc32,TCGA-AO-A124-01,TCGA-AO-A124-01A-11D-A10M-09,,TCGA-AO-A124-01,,TCGA-AO-A124-01A-11D-A10M-09,TCGA-AO-A124-01,5cd42d4a-5971-4a01-8c10-99321105a864,TCGA-AO-A124-01,TCGA-AO-A124-01A-11D-A10L-01,,TCGA-AO-A124-01A-11R-A10J-07,5cd42d4a-5971-4a01-8c10-99321105a864,TCGA-AO-A124-01A-11D-A10L-01,TCGA-AO-A124-01,TCGA-AO-A124-01,103.96666666666667,0,Stage IIA,Basal,0
TCGA-AO-A125-01,Stage IIA,72.0,2.0,Stage IIA,3018.0,,Positive,FEMALE,Negative,,,,Negative,M0,Negative,N0,3018.0,0.0,LumA,Luminal A,Positive,,-12.0,-3.0,followup,T_Other,T2,LIVING,TCGA-AO-A125-01,BRCA-LUAD+,C3-BRCA/Luminal,cluster 4,BRCA CIMP c7,,BRCA nonbasal-like c7,miRNA cluster 7,cluster 3,mutation cluster 4,TCGA-AO-A125,TCGA Breast Cancer (BRCA),breast invasive carcinoma,Breast,,,,,72.0,Left Upper Inner Quadrant|Left Upper Outer Quadrant|Left,Sentinel node biopsy alone,,TCGA-AO-A125-F19398,TCGA-AO-A125,TCGA-AO-A125-01A,,Positive,,4+,,,Positive,Simple Mastectomy,,YES,,,-26466.0,3193.0,,0.0,3456.0,,,,,,,50-59%,,Scheduled Follow-up Submission,2011-12-12,FEMALE,,3+ Positive,<10%,>=2.0 Positive,0,,,1.0,,"Other, specify",,No,,C50.9,8050/3,C50.9,3+,YES,,Core needle biopsy,90.0,NO,Negative,Negative,,5.0,Negative,Post (prior bilateral ovariectomy OR >12 mo since LMP with no prior hysterectomy),,,,,,,,,,,,,,,,,,,,4.0,3.0,,,,,,,,NO,0.0,0.0,True,No,M0,N0 (i-),T2,Stage IIA,TCGA-AO-A125.AE348902-0573-4A57-BBD6-037FA2AF1872.pdf,A125,TUMOR FREE,,,,,,,,90-99%,,NO,Primary Tumor,1,,5th,YES,NO,YES,AO,Breast,A,LIVING,2002.0,6c8cb6ae-99bb-4878-b6f5-9da28be98588,6c8cb6ae-99bb-4878-b6f5-9da28be98588,,TCGA-AO-A125-01A-11D-A10M-09,TCGA-AO-A125-01,TCGA-AO-A125-01A-11D-A10N-05,,TCGA-AO-A125-01,TCGA-AO-A125-01A-11D-A10M-09,,TCGA-AO-A125-01,,TCGA-AO-A125-01A-11D-A10M-09,TCGA-AO-A125-01,6c8cb6ae-99bb-4878-b6f5-9da28be98588,TCGA-AO-A125-01,TCGA-AO-A125-01A-11D-A10L-01,,TCGA-AO-A125-01A-11R-A10J-07,6c8cb6ae-99bb-4878-b6f5-9da28be98588,TCGA-AO-A125-01A-11D-A10L-01,TCGA-AO-A125-01,TCGA-AO-A125-01,100.6,0,Stage IIA,LumA,0
TCGA-AO-A126-01,Stage IIA,39.0,5.0,Stage IIA,2850.0,,Positive,FEMALE,Negative,1.0,3.0,3.0,Negative,M0,Negative,N0,2850.0,0.0,LumA,Luminal A,Positive,Her2,0.0,-3.0,followup,T_Other,T2,LIVING,TCGA-AO-A126-01,Squamous,C3-BRCA/Luminal,cluster 4,BRCA CIMP c7,BRCA nonbasal-like c8,BRCA nonbasal-like c7,miRNA cluster 4,cluster 6,mutation cluster 14,TCGA-AO-A126,TCGA Breast Cancer (BRCA),breast invasive carcinoma,Breast,NO,YES,YES,NO,39.0,Right Upper Inner Quadrant|Right,Sentinel node biopsy alone,,TCGA-AO-A126-F19402,TCGA-AO-A126,TCGA-AO-A126-01A,,Positive,,2+,,,Positive,Simple Mastectomy,,YES,295.0,295.0,-14264.0,3033.0,,0.0,3307.0,,,267,,,,20-29%,49,Scheduled Follow-up Submission,2011-12-12,FEMALE,,3+ Positive,<10%,>=2.0 Positive,0,31.0,62,1.3,,Infiltrating Ductal Carcinoma,,No,,C50.9,8500/3,C50.9,2+,YES,,Core needle biopsy,450.0,NO,Negative,Negative,,5.0,Negative,Pre (<6 months since LMP AND no prior bilateral ovariectomy AND not on estrogen replacement),,Negative,0,,Positive,20-29%,,<10%,1.3,4 Point Scale,,,Negative,,60-69%,,Positive,,,4.0,6.0,,,4 Point Scale,,Locoregional Disease,,,YES,0.0,0.0,True,No,M0,N0 (i-),T2,Stage IIA,TCGA-AO-A126.A4BFA94D-166F-43D4-90B5-3C547F4026A0.pdf,A126,TUMOR FREE,,,,,,,,60-69%,,YES,Primary Tumor,1,,,YES,NO,YES,AO,Breast,A,LIVING,2002.0,690cf196-9b2c-4886-a0e2-ce3a49cb4389,690cf196-9b2c-4886-a0e2-ce3a49cb4389,TCGA-AO-A126-01A-21-A13E-20,TCGA-AO-A126-01A-11D-A10M-09,TCGA-AO-A126-01,TCGA-AO-A126-01A-11D-A10N-05,da59b9c1-ff1d-4949-ac71-087257291201,TCGA-AO-A126-01,TCGA-AO-A126-01A-11D-A10M-09,,TCGA-AO-A126-01,,TCGA-AO-A126-01A-11D-A10M-09,TCGA-AO-A126-01,690cf196-9b2c-4886-a0e2-ce3a49cb4389,TCGA-AO-A126-01,TCGA-AO-A126-01A-11D-A10L-01,,TCGA-AO-A126-01A-11R-A10J-07,690cf196-9b2c-4886-a0e2-ce3a49cb4389,TCGA-AO-A126-01A-11D-A10L-01,TCGA-AO-A126-01,TCGA-AO-A126-01,95.0,0,Stage IIA,LumA,0
TCGA-AO-A128-01,Stage IIA,61.0,3.0,Stage IIA,2877.0,,Negative,FEMALE,Negative,,,,Negative,M0,Negative,N0,2877.0,0.0,Basal,Basal-like,Negative,Basal,-13.0,0.0,followup,T_Other,T2,LIVING,TCGA-AO-A128-01,BRCA-LUAD+,C4-BRCA/Basal,cluster 5,Cluster 5,BRCA basal-like c6,BRCA basal-like c8,miRNA cluster 14,cluster 6,,TCGA-AO-A128,TCGA Breast Cancer (BRCA),breast invasive carcinoma,Breast,,,,,61.0,Right Lower Outer Quadrant|Right,Sentinel node biopsy alone,,TCGA-AO-A128-F19405,TCGA-AO-A128,TCGA-AO-A128-01A,,Negative,,,,,Negative,Lumpectomy,,YES,,,-22340.0,2960.0,,0.0,3248.0,,,,,,,<10%,49,Scheduled Follow-up Submission,2011-12-12,FEMALE,,3+ Positive,<10%,>=2.0 Positive,0,30.0,52,1.0,,Infiltrating Ductal Carcinoma,,No,,C50.9,8500/3,C50.9,,YES,,Fine needle aspiration biopsy,590.0,NO,Negative,Negative,,15.0,Negative,Post (prior bilateral ovariectomy OR >12 mo since LMP with no prior hysterectomy),,,,,,,,,,,,,,,,,,,,5.0,6.0,,,,,,,,NO,0.0,0.0,True,No,M0,N0 (i-),T2,Stage IIA,TCGA-AO-A128.03526CFD-0C3E-4ACB-AB26-3E0B0ED0ADA2.pdf,A128,TUMOR FREE,,,,,,,,<10%,,YES,Primary Tumor,1,,,YES,NO,YES,AO,Breast,A,LIVING,2002.0,4a93eaee-d821-4640-a441-255008aaf3b4,4a93eaee-d821-4640-a441-255008aaf3b4,TCGA-AO-A128-01A-21-A13E-20,,TCGA-AO-A128-01,TCGA-AO-A128-01A-11D-A10N-05,b629bd13-8d7f-4bff-aa80-08dec4b64d8e,TCGA-AO-A128-01,TCGA-AO-A128-01A-11D-A10M-09,,TCGA-AO-A128-01,,,TCGA-AO-A128-01,4a93eaee-d821-4640-a441-255008aaf3b4,TCGA-AO-A128-01,TCGA-AO-A128-01A-11D-A10L-01,,TCGA-AO-A128-01A-11R-A10J-07,4a93eaee-d821-4640-a441-255008aaf3b4,TCGA-AO-A128-01A-11D-A10L-01,TCGA-AO-A128-01,TCGA-AO-A128-01,95.9,0,Stage IIA,Basal,0
TCGA-AO-A129-01,Stage IIB,29.0,1.0,No_Conversion,2923.0,,Negative,FEMALE,Negative,2.0,2.0,2.0,Negative,M0,Positive,N1,2923.0,0.0,Basal,Basal-like,Negative,Basal,-13.0,-12.0,followup,T_Other,T2,LIVING,TCGA-AO-A129-01,High,C4-BRCA/Basal,cluster 5,BRCA basal-like c8,BRCA basal-like c6,BRCA basal-like c8,miRNA cluster 4,cluster 3,mutation cluster 5,TCGA-AO-A129,TCGA Breast Cancer (BRCA),breast invasive carcinoma,Breast,,,,,29.0,Left Lower Outer Quadrant|Left,Axillary lymph node dissection alone,,TCGA-AO-A129-F19415,TCGA-AO-A129,TCGA-AO-A129-01A,,Negative,,,,,Negative,Modified Radical Mastectomy,,NO,,,-10898.0,2915.0,,0.0,3286.0,,,,,,,<10%,49,Scheduled Follow-up Submission,2011-12-12,FEMALE,,3+ Positive,<10%,>=2.0 Positive,0,31.0,52,1.0,,Infiltrating Ductal Carcinoma,,No,,C50.9,8500/3,C50.9,,YES,,Core needle biopsy,320.0,NO,Negative,Negative,,21.0,Negative,Pre (<6 months since LMP AND no prior bilateral ovariectomy AND not on estrogen replacement),,,,,,,,,,,,,,,,,,,,5.0,3.0,,,,,,,,NO,2.0,,True,No,M0,N1a,T2,Stage IIB,TCGA-AO-A129.DD973A0E-3CC3-4ED7-BE2C-7E5E3C55032B.pdf,A129,TUMOR FREE,,,,,,,,<10%,,YES,Primary Tumor,1,,5th,YES,NO,YES,AO,Breast,A,LIVING,2002.0,15b9736e-eafc-465e-9ddd-b1b498e8b701,15b9736e-eafc-465e-9ddd-b1b498e8b701,TCGA-AO-A129-01A-11-A13E-20,TCGA-AO-A129-01A-21D-A10M-09,TCGA-AO-A129-01,TCGA-AO-A129-01A-21D-A10N-05,480c68cf-c569-476a-86eb-cd14d5ba6b54,TCGA-AO-A129-01,TCGA-AO-A129-01A-21D-A10M-09,,TCGA-AO-A129-01,,TCGA-AO-A129-01A-21D-A10M-09,TCGA-AO-A129-01,15b9736e-eafc-465e-9ddd-b1b498e8b701,TCGA-AO-A129-01,TCGA-AO-A129-01A-21D-A10L-01,,TCGA-AO-A129-01A-21R-A10J-07,15b9736e-eafc-465e-9ddd-b1b498e8b701,TCGA-AO-A129-01A-21D-A10L-01,TCGA-AO-A129-01,TCGA-AO-A129-01,97.43333333333334,0,Stage IIB,Basal,0
TCGA-AO-A12A-01,Stage IIA,47.0,2.0,Stage IIA,2754.0,,Positive,FEMALE,Negative,3.0,4.0,3.0,Negative,M0,Negative,N0,2754.0,0.0,LumA,Luminal A,Positive,LumA,-5.0,-7.0,followup,T_Other,T2,LIVING,TCGA-AO-A12A-01,BRCA-LUAD+,C3-BRCA/Luminal,cluster 2,BRCA non-CIMP c9,BRCA nonbasal-like c8,BRCA nonbasal-like c7,miRNA cluster 14,cluster 6,mutation cluster 4,TCGA-AO-A12A,TCGA Breast Cancer (BRCA),breast invasive carcinoma,Breast,,,,,47.0,Right Upper Outer Quadrant|Right,Sentinel lymph node biopsy plus axillary dissection,,TCGA-AO-A12A-F19418,TCGA-AO-A12A,TCGA-AO-A12A-01A,,Positive,,4+,,,Positive,Modified Radical Mastectomy,,YES,,,-17420.0,2793.0,,0.0,3112.0,,,,,,,90-99%,58,Scheduled Follow-up Submission,2011-12-12,FEMALE,,3+ Positive,<10%,>=2.0 Positive,1+,30.0,61,1.0,,Infiltrating Ductal Carcinoma,,No,,C50.9,8500/3,C50.9,2+,YES,,Core needle biopsy,220.0,NO,Negative,Negative,,27.0,Close,Pre (<6 months since LMP AND no prior bilateral ovariectomy AND not on estrogen replacement),,,,,,,,,,,,,,,,,,,,2.0,6.0,,,,,,,,NO,0.0,1.0,True,No,M0,N0 (i+),T2,Stage IIA,TCGA-AO-A12A.A54E82A4-D7C2-4A5C-A69C-C66976F0282F.pdf,A12A,TUMOR FREE,,,,,,,,90-99%,,NO,Primary Tumor,1,,6th,YES,NO,YES,AO,Breast,A,LIVING,2003.0,3f4c6d17-a971-4ba0-83ad-3addc24f1298,3f4c6d17-a971-4ba0-83ad-3addc24f1298,TCGA-AO-A12A-01A-11-A13E-20,TCGA-AO-A12A-01A-21D-A10Y-09,TCGA-AO-A12A-01,,e6f501dd-64cd-404e-92f3-56c0de08d987,TCGA-AO-A12A-01,TCGA-AO-A12A-01A-21D-A10Y-09,TCGA-AO-A12A-01A-21D-A112-05,TCGA-AO-A12A-01,TCGA-AO-A12A-01,TCGA-AO-A12A-01A-21D-A10Y-09,,3f4c6d17-a971-4ba0-83ad-3addc24f1298,,TCGA-AO-A12A-01A-21D-A111-01,TCGA-AO-A12A-01,TCGA-AO-A12A-01A-21R-A115-07,3f4c6d17-a971-4ba0-83ad-3addc24f1298,TCGA-AO-A12A-01A-21D-A111-01,TCGA-AO-A12A-01,TCGA-AO-A12A-01,91.8,0,Stage IIA,LumA,0
TCGA-AO-A12B-01,Stage IIA,63.0,3.0,Stage IIA,2359.0,,Positive,FEMALE,Negative,3.0,3.0,4.0,Negative,M0,Negative,N0,2359.0,0.0,LumA,Luminal B,Positive,LumA/B,-12.0,-3.0,followup,T_Other,T2,LIVING,TCGA-AO-A12B-01,Iq,C3-BRCA/Luminal,cluster 2,BRCA non-CIMP c9,BRCA nonbasal-like c8,BRCA nonbasal-like c7,miRNA cluster 7,cluster 3,mutation c1uster 9,TCGA-AO-A12B,TCGA Breast Cancer (BRCA),breast invasive carcinoma,Breast,,,,,63.0,Right Upper Inner Quadrant|Right Lower Inner Quadrant|Right,Sentinel node biopsy alone,,TCGA-AO-A12B-F43473,TCGA-AO-A12B,TCGA-AO-A12B-01A,,Positive,,4+,,,Positive,Simple Mastectomy,,YES,,,-23150.0,2365.0,,0.0,2989.0,,,,,,,90-99%,,Scheduled Follow-up Submission,2013-5-22,FEMALE,,3+ Positive,<10%,,0,,,,,Infiltrating Ductal Carcinoma,,No,,C50.9,8500/3,C50.9,4+,YES,,Core needle biopsy,570.0,NO,Negative,,NO,2.0,Negative,Post (prior bilateral ovariectomy OR >12 mo since LMP with no prior hysterectomy),,,,,,,,,,,,,,,,,,,,2.0,3.0,,,,,,,,NO,0.0,0.0,True,No,M0,N0 (i-),T2,Stage IIA,TCGA-AO-A12B.CF071D24-7BA2-43BE-B3E7-A981DBDFCA0F.pdf,A12B,TUMOR FREE,,,,,,YES,,90-99%,,NO,Primary Tumor,1,,6th,YES,NO,YES,AO,Breast,A,LIVING,2004.0,44225bb7-92c6-4a6d-b136-bc51666ba84a,44225bb7-92c6-4a6d-b136-bc51666ba84a,TCGA-AO-A12B-01A-21-A13E-20,TCGA-AO-A12B-01A-11D-A10M-09,TCGA-AO-A12B-01,TCGA-AO-A12B-01A-11D-A10N-05,1ecefd90-2eeb-48bb-9f53-3c5ccdfa465c,TCGA-AO-A12B-01,TCGA-AO-A12B-01A-11D-A10M-09,,TCGA-AO-A12B-01,TCGA-AO-A12B-01,TCGA-AO-A12B-01A-11D-A10M-09,,44225bb7-92c6-4a6d-b136-bc51666ba84a,,TCGA-AO-A12B-01A-11D-A10L-01,TCGA-AO-A12B-01,TCGA-AO-A12B-01A-11R-A10J-07,44225bb7-92c6-4a6d-b136-bc51666ba84a,TCGA-AO-A12B-01A-11D-A10L-01,TCGA-AO-A12B-01,TCGA-AO-A12B-01,78.63333333333334,0,Stage IIA,LumA,0
TCGA-AO-A12C-01,Stage IIB,42.0,2.0,No_Conversion,1993.0,,Positive,FEMALE,Positive,,,,Negative,M0,Positive,N1,1993.0,0.0,LumA,Luminal A,Positive,ReacI,-5.0,-7.0,followup,T_Other,T2,LIVING,TCGA-AO-A12C-01,Kirc+,C3-BRCA/Luminal,cluster 4,BRCA non-CIMP c9,BRCA nonbasal-like c8,BRCA nonbasal-like c7,miRNA cluster 13,cluster 6,,TCGA-AO-A12C,TCGA Breast Cancer (BRCA),breast invasive carcinoma,Breast,,,,,42.0,Left Upper Outer Quadrant|Left,Sentinel lymph node biopsy plus axillary dissection,,TCGA-AO-A12C-F19425,TCGA-AO-A12C,TCGA-AO-A12C-01A,Negative,Positive,,2+,,Modified radical mastectomy,Positive,Lumpectomy,,NO,,,-15469.0,2086.0,,0.0,2372.0,,,,,,,90-99%,78,Scheduled Follow-up Submission,2011-12-12,FEMALE,,3+ Positive,90-99%,>=2.0 Positive,3+,30.0,125,1.6,,Infiltrating Ductal Carcinoma,,No,,C50.9,8500/3,C50.9,2+,YES,,Core needle biopsy,350.0,NO,Positive,Negative,,31.0,Positive,Pre (<6 months since LMP AND no prior bilateral ovariectomy AND not on estrogen replacement),,,,,,,,,,,,,,,,,,,,4.0,6.0,,,,,,,,NO,2.0,,True,No,M0,N1a,T2,Stage IIB,TCGA-AO-A12C.7E9202F6-F2DB-4CC0-A10F-3D9A82E84242.pdf,A12C,TUMOR FREE,,,,,,,,40-49%,,YES,Primary Tumor,1,,6th,YES,NO,YES,AO,Breast,A,LIVING,2005.0,3b1da7ee-4470-4ab5-b1a7-53ac92b4e4d3,3b1da7ee-4470-4ab5-b1a7-53ac92b4e4d3,TCGA-AO-A12C-01A-21-A13E-20,,TCGA-AO-A12C-01,TCGA-AO-A12C-01A-11D-A10N-05,6b20b15d-4ebc-4169-a36c-e9abab1dd6f0,,,,,,,TCGA-AO-A12C-01,3b1da7ee-4470-4ab5-b1a7-53ac92b4e4d3,TCGA-AO-A12C-01,,,TCGA-AO-A12C-01A-11R-A10J-07,3b1da7ee-4470-4ab5-b1a7-53ac92b4e4d3,,TCGA-AO-A12C-01,TCGA-AO-A12C-01,66.43333333333334,0,Stage IIB,LumA,0
TCGA-AO-A12D-01,Stage IIA,43.0,3.0,No_Conversion,1948.0,,Negative,FEMALE,Positive,2.0,2.0,1.0,Negative,M0,Positive,N1,1948.0,0.0,Her2,HER2-enriched,Negative,Her2,-11.0,-10.0,followup,T1,T1,LIVING,TCGA-AO-A12D-01,High,C3-BRCA/Luminal,cluster 5,Cluster 5,BRCA basal-like c6,BRCA nonbasal-like c7,miRNA cluster 7,cluster 3,mutation cluster 5,TCGA-AO-A12D,TCGA Breast Cancer (BRCA),breast invasive carcinoma,Breast,,,,,43.0,Left Upper Outer Quadrant|Left,Sentinel lymph node biopsy plus axillary dissection,,TCGA-AO-A12D-F43438,TCGA-AO-A12D,TCGA-AO-A12D-01A,,Negative,,,,,Negative,Modified Radical Mastectomy,,YES,,,-15774.0,1948.0,,0.0,2515.0,,,,,,,<10%,66,Scheduled Follow-up Submission,2013-5-21,FEMALE,,3+ Positive,90-99%,>=2.0 Positive,3+,32.0,441,6.7,,Infiltrating Ductal Carcinoma,,No,,C50.9,8500/3,C50.9,,YES,,Core needle biopsy,750.0,NO,Positive,Positive,NO,16.0,Negative,Pre (<6 months since LMP AND no prior bilateral ovariectomy AND not on estrogen replacement),,,,,,,,,,,,,,,,,,,,5.0,3.0,,,,,,,,NO,1.0,0.0,True,No,M0,N1a,T1c,Stage IIA,TCGA-AO-A12D.9363D53D-BC3B-4AC0-8185-536C6DB3A6AE.pdf,A12D,TUMOR FREE,,,,,,YES,,<10%,,YES,Primary Tumor,1,,6th,YES,NO,YES,AO,Breast,A,LIVING,2005.0,4adf4439-3d60-44ac-a6f0-9f42cc081a93,4adf4439-3d60-44ac-a6f0-9f42cc081a93,TCGA-AO-A12D-01A-21-A13E-20,TCGA-AO-A12D-01A-11D-A10Y-09,TCGA-AO-A12D-01,,1dd0fa5e-8122-4008-a89b-025ed17a3dd9,TCGA-AO-A12D-01,TCGA-AO-A12D-01A-11D-A10Y-09,TCGA-AO-A12D-01A-11D-A112-05,TCGA-AO-A12D-01,TCGA-AO-A12D-01,TCGA-AO-A12D-01A-11D-A10Y-09,,4adf4439-3d60-44ac-a6f0-9f42cc081a93,,TCGA-AO-A12D-01A-11D-A111-01,TCGA-AO-A12D-01,TCGA-AO-A12D-01A-11R-A115-07,4adf4439-3d60-44ac-a6f0-9f42cc081a93,TCGA-AO-A12D-01A-11D-A111-01,TCGA-AO-A12D-01,TCGA-AO-A12D-01,64.93333333333334,0,Stage IIA,Her2,0
TCGA-AO-A1KP-01,Stage IIA,77.0,2.0,Stage IIA,2513.0,,Positive,FEMALE,Negative,,,,Negative,M0,Positive,N1,2513.0,0.0,LumB,,Positive,,,,followup,T1,T1,LIVING,TCGA-AO-A1KP-01,BRCA-LUAD+,C3-BRCA/Luminal,cluster 4,BRCA CIMP c7,BRCA nonbasal-like c8,BRCA nonbasal-like c7,miRNA cluster 13,cluster 6,mutation c1uster 9,TCGA-AO-A1KP,TCGA Breast Cancer (BRCA),breast invasive carcinoma,Breast,,,,,77.0,Left Lower Inner Quadrant|Left Lower Outer Quadrant|Left,Sentinel lymph node biopsy plus axillary dissection,,TCGA-AO-A1KP-F21774,TCGA-AO-A1KP,TCGA-AO-A1KP-01A,,Positive,4 Point Scale,4+,4 Point Scale,,Positive,Simple Mastectomy,,YES,,,-28247.0,2604.0,,0.0,2953.0,,,,,NO,,80-89%,,Scheduled Follow-up Submission,2012-2-20,FEMALE,,,<10%,>=2.0 Positive,1+,,,1.3,,Infiltrating Ductal Carcinoma,,No,,C50.9,8500/3,C50.9,4+,YES,,Core needle biopsy,360.0,NO,Negative,Negative,,9.0,Negative,Post (prior bilateral ovariectomy OR >12 mo since LMP with no prior hysterectomy),,,,,,,,,,,,,,,,,,,,4.0,6.0,,,,,,,,NO,0.0,1.0,True,No,M0,N1,T1,Stage IIA,TCGA-AO-A1KP.467172CC-6EA1-435D-BDC1-D65FBF8EA0E8.pdf,A1KP,TUMOR FREE,,,,,,,YES,40-49%,,NO,Primary Tumor,1,,6th,YES,NO,YES,AO,Breast,A,LIVING,2003.0,773a2357-99b8-40df-b657-f237d9735db9,773a2357-99b8-40df-b657-f237d9735db9,TCGA-AO-A1KP-01A-21-A17I-20,TCGA-AO-A1KP-01A-11D-A13L-09,TCGA-AO-A1KP-01,TCGA-AO-A1KP-01A-11D-A13K-05,a69b3e33-9fa5-47f1-931d-d100136d9d80,TCGA-AO-A1KP-01,TCGA-AO-A1KP-01A-11D-A13L-09,,,TCGA-AO-A1KP-01,TCGA-AO-A1KP-01A-11D-A13L-09,,773a2357-99b8-40df-b657-f237d9735db9,,TCGA-AO-A1KP-01A-11D-A13J-01,TCGA-AO-A1KP-01,,773a2357-99b8-40df-b657-f237d9735db9,TCGA-AO-A1KP-01A-11D-A13J-01,,TCGA-AO-A1KP-01,83.76666666666667,0,Stage IIA,LumB,0
TCGA-AO-A1KR-01,,51.0,1.0,,2140.0,,Negative,FEMALE,,,,,,,,,2140.0,0.0,Basal,,Negative,,,,enrollment,,,LIVING,TCGA-AO-A1KR-01,High,C4-BRCA/Basal,cluster 5,BRCA basal-like c8,BRCA basal-like c6,BRCA basal-like c8,miRNA cluster 7,cluster 3,mutation cluster 4,TCGA-AO-A1KR,TCGA Breast Cancer (BRCA),breast invasive carcinoma,Breast,,,,,51.0,Right Upper Inner Quadrant,Sentinel node biopsy alone,,TCGA-AO-A1KR-F21768,TCGA-AO-A1KR,TCGA-AO-A1KR-01A,,Negative,4 Point Scale,,3 Point Scale,,Negative,Simple Mastectomy,,YES,,,-18900.0,1932.0,,0.0,2513.0,,,,,NO,,,,Scheduled Follow-up Submission,2013-5-21,FEMALE,,,,,1+,,1,,,Infiltrating Ductal Carcinoma,,No,,C50.9,8500/3,C50.9,,YES,,Core needle biopsy,190.0,NO,Negative,Negative,,4.0,Negative,Pre (<6 months since LMP AND no prior bilateral ovariectomy AND not on estrogen replacement),,,,,,,,,,,,,,,,,,,,5.0,3.0,,,,,,,,NO,0.0,0.0,True,No,M0,N0,T2,Stage IIA,TCGA-AO-A1KR.FF188295-E139-4AEE-8EE8-364536F2BBE8.pdf,A1KR,TUMOR FREE,,,,,,,YES,,,NO,Primary Tumor,1,,6th,YES,NO,YES,AO,Breast,A,LIVING,2005.0,6d22f538-114f-48b6-94ba-fb60151ed567,6d22f538-114f-48b6-94ba-fb60151ed567,TCGA-AO-A1KR-01A-21-A17I-20,TCGA-AO-A1KR-01A-12D-A142-09,TCGA-AO-A1KR-01,TCGA-AO-A1KR-01A-12D-A145-05,209b9ca9-04fe-441d-915a-b8f4ef9e4b74,TCGA-AO-A1KR-01,TCGA-AO-A1KR-01A-12D-A142-09,,,TCGA-AO-A1KR-01,TCGA-AO-A1KR-01A-12D-A142-09,,6d22f538-114f-48b6-94ba-fb60151ed567,,TCGA-AO-A1KR-01A-12D-A141-01,TCGA-AO-A1KR-01,,6d22f538-114f-48b6-94ba-fb60151ed567,TCGA-AO-A1KR-01A-12D-A141-01,,TCGA-AO-A1KR-01,71.33333333333333,0,,Basal,0
TCGA-AQ-A04L-01,Stage IIA,48.0,1.0,Stage IIA,3344.0,,Positive,FEMALE,Positive,2.0,2.0,2.0,Negative,M0,Negative,N0,3344.0,0.0,LumA,Luminal A,Negative,ReacI,-1.0,-5.0,followup,T_Other,T2,LIVING,TCGA-AQ-A04L-01,High,C3-BRCA/Luminal,cluster 3,BRCA CIMP c7,KIRC-like c1,BRCA nonbasal-like c7,miRNA cluster 7,cluster 3,mutation cluster 13,TCGA-AQ-A04L,TCGA Breast Cancer (BRCA),breast invasive carcinoma,Breast,,,,,48.0,Right,Sentinel node biopsy alone,,TCGA-AQ-A04L-F35324,TCGA-AQ-A04L,TCGA-AQ-A04L-01B,,Positive,,,,,Negative,Modified Radical Mastectomy,,NO,,,-17759.0,3403.0,,0.0,3957.0,,,,,,,60-69%,,,2012-9-24,FEMALE,,,,,3+,,,,,Infiltrating Ductal Carcinoma,,No,,C50.9,8500/3,C50.9,2+,YES,,Fine needle aspiration biopsy,160.0,NO,Positive,,NO,2.0,Negative,Peri (6-12 months since last menstrual period),,,,,,,,,,,,,,,,,,,,3.0,3.0,,,,,,,,NO,0.0,,False,No,MX,N0 (i-),T2,Stage IIA,TCGA-AQ-A04L.40B58A7A-2A05-4AAF-B1D4-B418E4A56115.pdf,A04L,TUMOR FREE,,,,,,YES,,,,NO,Primary Tumor,1,,5th,YES,NO,YES,AQ,Breast,B,LIVING,2001.0,1fa9c013-4d2c-4f3e-8e77-6437dad440c9,1fa9c013-4d2c-4f3e-8e77-6437dad440c9,TCGA-AQ-A04L-01B-11-A13D-20,TCGA-AQ-A04L-01B-21D-A10M-09,TCGA-AQ-A04L-01,TCGA-AQ-A04L-01B-21D-A10N-05,16b9cd57-86e9-4409-8ad3-02d5a4540f0f,TCGA-AQ-A04L-01,TCGA-AQ-A04L-01B-21D-A10M-09,,TCGA-AQ-A04L-01,,TCGA-AQ-A04L-01B-21D-A10M-09,TCGA-AQ-A04L-01,1fa9c013-4d2c-4f3e-8e77-6437dad440c9,TCGA-AQ-A04L-01,TCGA-AQ-A04L-01B-21D-A10L-01,,TCGA-AQ-A04L-01B-21R-A10J-07,1fa9c013-4d2c-4f3e-8e77-6437dad440c9,TCGA-AQ-A04L-01B-21D-A10L-01,TCGA-AQ-A04L-01,TCGA-AQ-A04L-01,111.46666666666667,0,Stage IIA,LumA,0
TCGA-AQ-A0Y5-01,Stage IIIA,70.0,3.0,Stage IIIA,,161.0,Positive,FEMALE,Positive,,,,Negative,M0,Positive,N2,161.0,1.0,LumA,,Positive,,,,followup,T_Other,T2,DECEASED,TCGA-AQ-A0Y5-01,High,C3-BRCA/Luminal,cluster 4,BRCA CIMP c7,,BRCA nonbasal-like c7,miRNA cluster 4,cluster 4,mutation cluster 4,TCGA-AQ-A0Y5,TCGA Breast Cancer (BRCA),breast invasive carcinoma,Breast,,,,,70.0,Right,Sentinel lymph node biopsy plus axillary dissection,,TCGA-AQ-A0Y5-F10119,TCGA-AQ-A0Y5,TCGA-AQ-A0Y5-01A,,Positive,,,,,Positive,Modified Radical Mastectomy,,NO,,,-25793.0,212.0,172.0,0.0,,,,,,NO,,70-79%,,,2011-4-7,FEMALE,,,,,2+,,,3.8,,Infiltrating Ductal Carcinoma,,Yes,,C50.9,8500/3,C50.9,,YES,,Core needle biopsy,160.0,NO,Positive,Positive,,17.0,Negative,Post (prior bilateral ovariectomy OR >12 mo since LMP with no prior hysterectomy),,,,,,,,,,,,,,,,,,,,4.0,4.0,,,,,,,,,5.0,,False,Yes,MX,N2a,T2,Stage IIIA,TCGA-AQ-A0Y5.5BC01981-366E-44EC-A986-087DB7904E5C.pdf,A0Y5,TUMOR FREE,,,,,,,YES,40-49%,,NO,Primary Tumor,1,,7th,YES,YES,NO,AQ,Breast,A,DECEASED,2010.0,9bb258a4-dd26-4c43-bd29-04b68ea3c7ca,9bb258a4-dd26-4c43-bd29-04b68ea3c7ca,,TCGA-AQ-A0Y5-01A-11D-A14K-09,TCGA-AQ-A0Y5-01,TCGA-AQ-A0Y5-01A-11D-A14N-05,,TCGA-AQ-A0Y5-01,TCGA-AQ-A0Y5-01A-11D-A14K-09,,,TCGA-AQ-A0Y5-01,TCGA-AQ-A0Y5-01A-11D-A14K-09,,9bb258a4-dd26-4c43-bd29-04b68ea3c7ca,,TCGA-AQ-A0Y5-01A-11D-A14J-01,TCGA-AQ-A0Y5-01,,9bb258a4-dd26-4c43-bd29-04b68ea3c7ca,TCGA-AQ-A0Y5-01A-11D-A14J-01,,TCGA-AQ-A0Y5-01,5.366666666666666,1,Stage IIIA,LumA,1
TCGA-AR-A0TP-01,Stage II,43.0,1.0,No_Conversion,2392.0,,Positive,FEMALE,Negative,2.0,2.0,2.0,Negative,M0,Negative,N0,2392.0,0.0,Basal,Basal-like,Negative,Basal,-13.0,-11.0,enrollment,T_Other,T2,LIVING,TCGA-AR-A0TP-01,High,C4-BRCA/Basal,cluster 5,BRCA basal-like c8,BRCA basal-like c6,BRCA basal-like c8,miRNA cluster 7,cluster 3,mutation cluster 5,TCGA-AR-A0TP,TCGA Breast Cancer (BRCA),breast invasive carcinoma,Breast,,,,,43.0,Left Upper Inner Quadrant,Sentinel lymph node biopsy plus axillary dissection,,TCGA-AR-A0TP-F71715,TCGA-AR-A0TP,,,Positive,,,,,Negative,Other,,YES,,,-15812.0,,,0.0,4275.0,,,,,,,<10%,,Scheduled Follow-up Submission,2015-3-30,FEMALE,,,,,,,,,,Infiltrating Ductal Carcinoma,,No,,C50.9,8500/3,C50.9,,YES,,Core needle biopsy,,,Negative,,NO,5.0,Negative,Pre (<6 months since LMP AND no prior bilateral ovariectomy AND not on estrogen replacement),,,,,,,,,,,,,,,,,,,,5.0,3.0,,,,,,,,NO,0.0,0.0,,No,M0,N0,T2,Stage IIA,,A0TP,TUMOR FREE,,,,,,YES,,,,YES,Primary Tumor,1,Wide local excision,6th,YES,NO,YES,AR,Breast,,LIVING,2003.0,f9739b94-ac64-40d5-bfdd-041a412976c4,f9739b94-ac64-40d5-bfdd-041a412976c4,TCGA-AR-A0TP-01A-21-A13C-20,TCGA-AR-A0TP-01A-11D-A099-09,TCGA-AR-A0TP-01,TCGA-AR-A0TP-01A-11D-A10P-05,c8173431-25a0-4853-a0ca-7df5c5cf40e8,TCGA-AR-A0TP-01,,,TCGA-AR-A0TP-01,,TCGA-AR-A0TP-01A-11D-A099-09,TCGA-AR-A0TP-01,f9739b94-ac64-40d5-bfdd-041a412976c4,TCGA-AR-A0TP-01,TCGA-AR-A0TP-01A-11D-A087-01,,TCGA-AR-A0TP-01A-11R-A084-07,f9739b94-ac64-40d5-bfdd-041a412976c4,TCGA-AR-A0TP-01A-11D-A087-01,TCGA-AR-A0TP-01,TCGA-AR-A0TP-01,79.73333333333333,0,Stage II,Basal,0
TCGA-AR-A0TR-01,Stage II,68.0,1.0,No_Conversion,21.0,160.0,Positive,FEMALE,Negative,3.0,3.0,3.0,Negative,M0,Positive,N1,160.0,1.0,LumA,Luminal A,Positive,LumA/B,-12.0,-3.0,enrollment,T_Other,T2,DECEASED,TCGA-AR-A0TR-01,Iq,C3-BRCA/Luminal,cluster 2,BRCA non-CIMP c9,BRCA nonbasal-like c8,BRCA nonbasal-like c7,miRNA cluster 13,cluster 7,mutation cluster 4,TCGA-AR-A0TR,TCGA Breast Cancer (BRCA),breast invasive carcinoma,Breast,,,,,68.0,Left,Sentinel lymph node biopsy plus axillary dissection,,TCGA-AR-A0TR-F18771,TCGA-AR-A0TR,TCGA-AR-A0TR-01A,,Positive,,,,,Positive,Modified Radical Mastectomy,,NO,,,-25190.0,1535.0,160.0,0.0,,,,,,,,,,Scheduled Follow-up Submission,2011-12-12,FEMALE,,,,,2+,,,,,Infiltrating Ductal Carcinoma,,No,,C50.9,8500/3,C50.9,,YES,Biopsy not specified,"Other method, specify:",520.0,NO,Equivocal,Negative,,27.0,Negative,Post (prior bilateral ovariectomy OR >12 mo since LMP with no prior hysterectomy),,,,,,,,,,,,,,,,,,,,2.0,7.0,,,,,,,,NO,1.0,,True,No,M0,N1,T2,Stage IIB,TCGA-AR-A0TR.6535D911-D718-4794-9D5E-6E06553464FF.pdf,A0TR,,,,,,,,,,,NO,Primary Tumor,1,,,YES,NO,YES,AR,Breast,A,DECEASED,2006.0,b31bf328-6ead-4ee4-b8c7-4407372dc683,b31bf328-6ead-4ee4-b8c7-4407372dc683,TCGA-AR-A0TR-01A-21-A13C-20,TCGA-AR-A0TR-01A-11D-A099-09,TCGA-AR-A0TR-01,TCGA-AR-A0TR-01A-11D-A10P-05,64d25a8c-e5fc-42f2-8d71-7cf2afb1d9ff,TCGA-AR-A0TR-01,,,TCGA-AR-A0TR-01,,TCGA-AR-A0TR-01A-11D-A099-09,TCGA-AR-A0TR-01,b31bf328-6ead-4ee4-b8c7-4407372dc683,TCGA-AR-A0TR-01,TCGA-AR-A0TR-01A-11D-A087-01,,TCGA-AR-A0TR-01A-11R-A084-07,b31bf328-6ead-4ee4-b8c7-4407372dc683,TCGA-AR-A0TR-01A-11D-A087-01,TCGA-AR-A0TR-01,TCGA-AR-A0TR-01,5.333333333333333,1,Stage II,LumA,1
TCGA-AR-A0TY-01,Stage II,54.0,1.0,No_Conversion,544.0,1699.0,Positive,FEMALE,Negative,1.0,1.0,4.0,Negative,M0,Negative,N0,1699.0,1.0,LumB,Luminal B,Negative,LumA/B,-2.0,-5.0,enrollment,T_Other,T2,DECEASED,TCGA-AR-A0TY-01,Squamous,C3-BRCA/Luminal,cluster 4,BRCA CIMP c7,BRCA nonbasal-like c8,BRCA nonbasal-like c7,miRNA cluster 4,cluster 4,mutation cluster 12,TCGA-AR-A0TY,TCGA Breast Cancer (BRCA),breast invasive carcinoma,Breast,,,,,54.0,Right Upper Outer Quadrant,Sentinel lymph node biopsy plus axillary dissection,,TCGA-AR-A0TY-F18561,TCGA-AR-A0TY,TCGA-AR-A0TY-01A,,Positive,,0,,,Negative,Simple Mastectomy,,YES,,,-19836.0,2141.0,1699.0,0.0,,,,544,,,,10-19%,,Scheduled Follow-up Submission,2011-12-15,FEMALE,,,,,,,,,,Infiltrating Ductal Carcinoma,,No,,C50.9,8500/3,C50.9,,YES,,Core needle biopsy,410.0,NO,Negative,,,15.0,Negative,Post (prior bilateral ovariectomy OR >12 mo since LMP with no prior hysterectomy),,,1+,,Positive,,,,,,,,,,,,Negative,,,4.0,4.0,,,,Bone,Distant Metastasis,,,YES,0.0,,True,No,M0,N0,T2,Stage IIA,TCGA-AR-A0TY.12A4A731-1ADF-4D36-88F3-16C9642484F3.pdf,A0TY,WITH TUMOR,,,,,,,,,,NO,Primary Tumor,1,,,YES,NO,YES,AR,Breast,A,DECEASED,2004.0,7fe47d2c-6b7d-4fa3-8e22-14fdb2b44920,7fe47d2c-6b7d-4fa3-8e22-14fdb2b44920,TCGA-AR-A0TY-01A-21-A13D-20,TCGA-AR-A0TY-01A-12W-A12T-09,TCGA-AR-A0TY-01,,8a76d3b0-5e1c-48d9-a325-71be8a93a093,TCGA-AR-A0TY-01,TCGA-AR-A0TY-01A-12W-A12T-09,TCGA-AR-A0TY-01A-12D-A112-05,TCGA-AR-A0TY-01,TCGA-AR-A0TY-01,TCGA-AR-A0TY-01A-12W-A12T-09,,7fe47d2c-6b7d-4fa3-8e22-14fdb2b44920,,TCGA-AR-A0TY-01A-12D-A111-01,TCGA-AR-A0TY-01,TCGA-AR-A0TY-01A-12R-A115-07,7fe47d2c-6b7d-4fa3-8e22-14fdb2b44920,TCGA-AR-A0TY-01A-12D-A111-01,TCGA-AR-A0TY-01,TCGA-AR-A0TY-01,56.63333333333333,1,Stage II,LumB,1
TCGA-AR-A0U2-01,Stage III,47.0,5.0,No_Conversion,1608.0,2551.0,Positive,FEMALE,Negative,,,,Negative,M0,Positive,N2,2551.0,1.0,LumB,Luminal B,Positive,ReacII,-10.0,-5.0,enrollment,T_Other,T2,DECEASED,TCGA-AR-A0U2-01,High,C3-BRCA/Luminal,cluster 2,BRCA CIMP c7,squamous c3,BRCA nonbasal-like c7,miRNA cluster 12,cluster 5,mutation cluster 5,TCGA-AR-A0U2,TCGA Breast Cancer (BRCA),breast invasive carcinoma,Breast,,,,,47.0,Left Lower Outer Quadrant,Axillary lymph node dissection alone,,TCGA-AR-A0U2-F18483,TCGA-AR-A0U2,TCGA-AR-A0U2-01A,Negative,Positive,,,,,Positive,Modified Radical Mastectomy,,NO,,,-17390.0,2395.0,2551.0,0.0,,,,1609,,,,10-19%,,Scheduled Follow-up Submission,2011-12-15,FEMALE,,,,,1+,,,,,Infiltrating Ductal Carcinoma,,No,,C50.9,8500/3,C50.9,,YES,,Incisional Biopsy,150.0,NO,Negative,,,16.0,Negative,Pre (<6 months since LMP AND no prior bilateral ovariectomy AND not on estrogen replacement),,Negative,2+,,Positive,70-79%,,,2.47,,,,Negative,,,,Negative,Bone|Liver,,2.0,5.0,,,,Bone,Distant Metastasis,Liver,,YES,4.0,0.0,True,No,M0,N2,T2,Stage IIIA,TCGA-AR-A0U2.51F69645-9564-4257-A86E-3A574C27034F.pdf,A0U2,WITH TUMOR,,,,,,,,,,YES,Primary Tumor,1,,,YES,NO,YES,AR,Breast,A,DECEASED,2004.0,45f011a1-cc58-47f8-9545-66c313441650,45f011a1-cc58-47f8-9545-66c313441650,TCGA-AR-A0U2-01A-21-A13D-20,TCGA-AR-A0U2-01A-11D-A10G-09,TCGA-AR-A0U2-01,TCGA-AR-A0U2-01A-11D-A10A-05,bb541d0b-a4ba-482a-b4ff-427185e70239,TCGA-AR-A0U2-01,TCGA-AR-A0U2-01A-11D-A10G-09,,TCGA-AR-A0U2-01,,TCGA-AR-A0U2-01A-11D-A10G-09,TCGA-AR-A0U2-01,45f011a1-cc58-47f8-9545-66c313441650,TCGA-AR-A0U2-01,TCGA-AR-A0U2-01A-11D-A107-01,,TCGA-AR-A0U2-01A-11R-A109-07,45f011a1-cc58-47f8-9545-66c313441650,TCGA-AR-A0U2-01A-11D-A107-01,TCGA-AR-A0U2-01,TCGA-AR-A0U2-01,85.03333333333333,1,Stage III,LumB,0
TCGA-AR-A0U3-01,Stage II,59.0,4.0,No_Conversion,2263.0,,Positive,FEMALE,Negative,4.0,3.0,4.0,Negative,M0,Positive,N1,2263.0,0.0,LumA,Luminal B,Positive,LumA/B,0.0,-3.0,enrollment,T_Other,T2,LIVING,TCGA-AR-A0U3-01,Squamous,C3-BRCA/Luminal,cluster 3,BRCA CIMP c7,BRCA nonbasal-like c8,BRCA nonbasal-like c7,miRNA cluster 6,cluster 7,mutation cluster 5,TCGA-AR-A0U3,TCGA Breast Cancer (BRCA),breast invasive carcinoma,Breast,,,,,59.0,Left Upper Inner Quadrant|Left Upper Outer Quadrant,Sentinel lymph node biopsy plus axillary dissection,,TCGA-AR-A0U3-F71712,TCGA-AR-A0U3,,,Positive,,,,,Positive,Other,,NO,,,-21755.0,,,0.0,4080.0,,,,,,,10-19%,,Scheduled Follow-up Submission,2015-3-30,FEMALE,,,,,1+,,,,,Infiltrating Ductal Carcinoma,,No,,C50.9,8500/3,C50.9,,YES,,Core needle biopsy,,,Negative,,NO,4.0,Negative,Post (prior bilateral ovariectomy OR >12 mo since LMP with no prior hysterectomy),,,,,,,,,,,,,,,,,,,,3.0,7.0,,,,,,,,NO,1.0,,,No,M0,N1,T2,Stage IIB,,A0U3,TUMOR FREE,,,,,,YES,,,,YES,Primary Tumor,1,Wide local excision,6th,YES,NO,YES,AR,Breast,,LIVING,2004.0,b36b5a17-972f-442a-84a0-469099a619ec,b36b5a17-972f-442a-84a0-469099a619ec,TCGA-AR-A0U3-01A-21-A13C-20,TCGA-AR-A0U3-01A-11D-A10G-09,TCGA-AR-A0U3-01,TCGA-AR-A0U3-01A-11D-A10A-05,c5be7166-dd6f-422d-b420-ee73dc2675f4,TCGA-AR-A0U3-01,TCGA-AR-A0U3-01A-11D-A10G-09,,TCGA-AR-A0U3-01,,TCGA-AR-A0U3-01A-11D-A10G-09,TCGA-AR-A0U3-01,b36b5a17-972f-442a-84a0-469099a619ec,TCGA-AR-A0U3-01,TCGA-AR-A0U3-01A-11D-A107-01,,TCGA-AR-A0U3-01A-11R-A109-07,b36b5a17-972f-442a-84a0-469099a619ec,TCGA-AR-A0U3-01A-11D-A107-01,TCGA-AR-A0U3-01,TCGA-AR-A0U3-01,75.43333333333334,0,Stage II,LumA,0
TCGA-AR-A1AH-01,Stage II,51.0,1.0,Stage IIB,2298.0,,Positive,FEMALE,Negative,2.0,2.0,2.0,Negative,M0,Positive,N1,2298.0,0.0,Basal,Basal-like,Negative,Basal,-13.0,0.0,enrollment,T_Other,T2,LIVING,TCGA-AR-A1AH-01,High,C4-BRCA/Basal,cluster 5,BRCA basal-like c8,BRCA basal-like c6,BRCA basal-like c8,miRNA cluster 12,cluster 5,mutation cluster 5,TCGA-AR-A1AH,TCGA Breast Cancer (BRCA),breast invasive carcinoma,Breast,,,,,51.0,Right Upper Inner Quadrant,Axillary lymph node dissection alone,,TCGA-AR-A1AH-F69267,TCGA-AR-A1AH,TCGA-AR-A1AH-01A,,Positive,,,,,Negative,Other,,,,,-18991.0,2368.0,,0.0,3807.0,,,1136,,,,10-19%,,Scheduled Follow-up Submission,2014-12-31,FEMALE,,,,,,,,,,Infiltrating Ductal Carcinoma,,No,,C50.9,8500/3,C50.9,,YES,,Core needle biopsy,140.0,NO,Negative,,NO,9.0,Negative,Post (prior bilateral ovariectomy OR >12 mo since LMP with no prior hysterectomy),,,,,,,,,,,,,,,,,,,,5.0,5.0,,,,"Other, specify",New Primary Tumor,Renal,,NO,1.0,,True,No,M0,N1,T2,Stage IIB,TCGA-AR-A1AH.75F29A17-B6AF-43B9-BE12-3ABF850F23BA.pdf,A1AH,TUMOR FREE,,,,,,YES,YES,,,NO,Primary Tumor,1,Total Mastectomy,6th,YES,NO,YES,AR,Breast,A,LIVING,2004.0,ff0d7627-cec2-42e7-891b-cba5f42e3272,ff0d7627-cec2-42e7-891b-cba5f42e3272,TCGA-AR-A1AH-01A-21-A13E-20,TCGA-AR-A1AH-01A-11D-A12B-09,TCGA-AR-A1AH-01,,180cde2e-13d3-462d-bba2-ae37bdee0f3f,TCGA-AR-A1AH-01,TCGA-AR-A1AH-01A-11D-A12B-09,TCGA-AR-A1AH-01A-11D-A12E-05,TCGA-AR-A1AH-01,TCGA-AR-A1AH-01,TCGA-AR-A1AH-01A-11D-A12B-09,,ff0d7627-cec2-42e7-891b-cba5f42e3272,,TCGA-AR-A1AH-01A-11D-A12A-01,TCGA-AR-A1AH-01,TCGA-AR-A1AH-01A-11R-A12D-07,ff0d7627-cec2-42e7-891b-cba5f42e3272,TCGA-AR-A1AH-01A-11D-A12A-01,TCGA-AR-A1AH-01,TCGA-AR-A1AH-01,76.6,0,Stage II,Basal,0
TCGA-AR-A1AI-01,Stage II,47.0,1.0,Stage IIA,1881.0,,Negative,FEMALE,Negative,2.0,2.0,2.0,Negative,M0,Negative,N0,1881.0,0.0,Basal,Basal-like,Negative,Basal,-13.0,-12.0,enrollment,T_Other,T2,LIVING,TCGA-AR-A1AI-01,High,C4-BRCA/Basal,cluster 5,BRCA basal-like c8,BRCA basal-like c6,BRCA basal-like c8,miRNA cluster 7,cluster 3,mutation cluster 5,TCGA-AR-A1AI,TCGA Breast Cancer (BRCA),breast invasive carcinoma,Breast,,,,,47.0,Left Upper Outer Quadrant,Sentinel lymph node biopsy plus axillary dissection,,TCGA-AR-A1AI-F69268,TCGA-AR-A1AI,TCGA-AR-A1AI-01A,,Negative,,,,,Negative,Simple Mastectomy,,YES,,,-17229.0,1939.0,,0.0,3296.0,,,588,,,,,,Scheduled Follow-up Submission,2014-12-31,FEMALE,,,,,2+,,,,,Medullary Carcinoma,,No,,C50.9,8510/3,C50.9,,YES,,Fine needle aspiration biopsy,1050.0,NO,Equivocal,Negative,NO,5.0,Negative,Post (prior bilateral ovariectomy OR >12 mo since LMP with no prior hysterectomy),,,,,,,,,,,,,,,,,,,,5.0,3.0,,,,"Other, specify",New Primary Tumor,Contralateral Breast,,NO,0.0,,True,No,M0,N0,T2,Stage IIA,TCGA-AR-A1AI.F5CAE962-5347-46FA-86EE-169121BED547.pdf,A1AI,TUMOR FREE,,,,,,YES,YES,,,NO,Primary Tumor,1,,6th,YES,NO,YES,AR,Breast,A,LIVING,2005.0,52ff562f-6a13-435a-acab-16a064633b1d,52ff562f-6a13-435a-acab-16a064633b1d,TCGA-AR-A1AI-01A-21-A13E-20,TCGA-AR-A1AI-01A-11D-A12Q-09,TCGA-AR-A1AI-01,TCGA-AR-A1AI-01A-11D-A12R-05,d872badb-8c24-48fe-b482-6b3c262a4259,TCGA-AR-A1AI-01,TCGA-AR-A1AI-01A-11D-A12Q-09,,TCGA-AR-A1AI-01,TCGA-AR-A1AI-01,TCGA-AR-A1AI-01A-11D-A12Q-09,,52ff562f-6a13-435a-acab-16a064633b1d,,TCGA-AR-A1AI-01A-11D-A12N-01,TCGA-AR-A1AI-01,TCGA-AR-A1AI-01A-11R-A12P-07,52ff562f-6a13-435a-acab-16a064633b1d,TCGA-AR-A1AI-01A-11D-A12N-01,TCGA-AR-A1AI-01,TCGA-AR-A1AI-01,62.7,0,Stage II,Basal,0
TCGA-AR-A1AR-01,Stage III,50.0,1.0,Stage IIIA,,523.0,Negative,FEMALE,Negative,,,,Negative,M0,Positive,N2,523.0,1.0,Basal,Basal-like,Negative,,-13.0,0.0,enrollment,T1,T1,DECEASED,TCGA-AR-A1AR-01,High,C4-BRCA/Basal,cluster 5,BRCA basal-like c8,,BRCA basal-like c8,miRNA cluster 12,cluster 5,mutation c1uster 9,TCGA-AR-A1AR,TCGA Breast Cancer (BRCA),breast invasive carcinoma,Breast,,,,,50.0,Left Lower Inner Quadrant,Axillary lymph node dissection alone,,TCGA-AR-A1AR-F21825,TCGA-AR-A1AR,TCGA-AR-A1AR-01A,,Negative,,,,,Negative,Lumpectomy,,,,,-18482.0,1416.0,524.0,0.0,,,,387,,,,,,Additional New Tumor Event,2012-2-27,FEMALE,,,,,,,,,,Infiltrating Ductal Carcinoma,,No,,C50.9,8500/3,C50.9,,YES,,Core needle biopsy,250.0,NO,Negative,,,14.0,Negative,Post (prior bilateral ovariectomy OR >12 mo since LMP with no prior hysterectomy),,,,,,,,,,,,,,,,,,,,5.0,5.0,,,,"Other, specify",New Primary Tumor,Breast,,YES,5.0,,True,Yes,M0,N2,T1,Stage IIIA,TCGA-AR-A1AR.747FB91B-F523-4FA0-91DD-6014EF55643D.pdf,A1AR,WITH TUMOR,,,,,,,,,,YES,Primary Tumor,1,,6th,YES,NO,YES,AR,Breast,A,DECEASED,2007.0,6d066a72-f59f-45a8-ab90-216000b36da4,6d066a72-f59f-45a8-ab90-216000b36da4,,TCGA-AR-A1AR-01A-31D-A135-09,TCGA-AR-A1AR-01,TCGA-AR-A1AR-01A-31D-A138-05,,TCGA-AR-A1AR-01,TCGA-AR-A1AR-01A-31D-A135-09,,TCGA-AR-A1AR-01,TCGA-AR-A1AR-01,TCGA-AR-A1AR-01A-31D-A135-09,,6d066a72-f59f-45a8-ab90-216000b36da4,,TCGA-AR-A1AR-01A-31D-A134-01,TCGA-AR-A1AR-01,TCGA-AR-A1AR-01A-31R-A137-07,6d066a72-f59f-45a8-ab90-216000b36da4,TCGA-AR-A1AR-01A-31D-A134-01,TCGA-AR-A1AR-01,TCGA-AR-A1AR-01,17.433333333333334,1,Stage III,Basal,1
TCGA-AR-A1AT-01,Stage II,62.0,,Stage IIA,,1272.0,Positive,FEMALE,Positive,,,,Negative,M0,Negative,N0,1272.0,1.0,,HER2-enriched,Positive,Her2,-11.0,-5.0,enrollment,T_Other,T2,DECEASED,TCGA-AR-A1AT-01,,,cluster 1,BRCA CIMP c7,BRCA basal-like c6,,miRNA cluster 4,cluster 4,mutation c1uster 9,TCGA-AR-A1AT,TCGA Breast Cancer (BRCA),breast invasive carcinoma,Breast,,,,,62.0,Left Upper Outer Quadrant,Sentinel lymph node biopsy plus axillary dissection,,TCGA-AR-A1AT-F22148,TCGA-AR-A1AT,TCGA-AR-A1AT-01A,,Positive,,,,,Positive,Other,,YES,,,-22942.0,1339.0,1272.0,0.0,,,,,,,,<10%,,Scheduled Follow-up Submission,2012-3-1,FEMALE,,,,,3+,,,,,Infiltrating Lobular Carcinoma,,No,,C50.9,8520/3,C50.9,,YES,,Core needle biopsy,250.0,NO,Positive,,,3.0,Negative,Post (prior bilateral ovariectomy OR >12 mo since LMP with no prior hysterectomy),,,,,,,,,,,,,,,,,,,,1.0,4.0,,,,,,,,NO,1.0,,True,No,M0,N0,T2,Stage IIA,TCGA-AR-A1AT.D52A6E4B-C80A-4947-96FE-3295E418EC67.pdf,A1AT,,,,,,,,YES,<10%,,YES,Primary Tumor,1,Wide local excision,6th,YES,NO,YES,AR,Breast,A,DECEASED,2007.0,e70e1882-b4be-4ed6-9c2d-4e8c84fde633,e70e1882-b4be-4ed6-9c2d-4e8c84fde633,TCGA-AR-A1AT-01A-21-A13E-20,TCGA-AR-A1AT-01A-11D-A12Q-09,TCGA-AR-A1AT-01,TCGA-AR-A1AT-01A-11D-A12R-05,6605222f-3dc9-4a93-987e-a8720dc38b32,,TCGA-AR-A1AT-01A-11D-A12Q-09,,,TCGA-AR-A1AT-01,TCGA-AR-A1AT-01A-11D-A12Q-09,,e70e1882-b4be-4ed6-9c2d-4e8c84fde633,,,TCGA-AR-A1AT-01,TCGA-AR-A1AT-01A-11R-A12P-07,e70e1882-b4be-4ed6-9c2d-4e8c84fde633,,TCGA-AR-A1AT-01,TCGA-AR-A1AT-01,42.4,1,Stage II,,1
TCGA-AR-A24H-01,Stage II,65.0,2.0,Stage IIA,3333.0,,Positive,FEMALE,Negative,,,,Negative,M0,Negative,N0,3333.0,0.0,LumB,,Positive,,,,enrollment,T_Other,T2,LIVING,TCGA-AR-A24H-01,Squamous,C3-BRCA/Luminal,cluster 3,BRCA CIMP c7,,BRCA nonbasal-like c7,miRNA cluster 13,,mutation c1uster 9,TCGA-AR-A24H,TCGA Breast Cancer (BRCA),breast invasive carcinoma,Breast,,,,,65.0,Right Lower Inner Quadrant|Right Lower Outer Quadrant,Sentinel lymph node biopsy plus axillary dissection,,TCGA-AR-A24H-F65797,TCGA-AR-A24H,,,Positive,,,,,Positive,Other,,,,,-24046.0,,,0.0,4894.0,,,,,,,,,Scheduled Follow-up Submission,2014-9-30,FEMALE,,,,,1+,,,,,Infiltrating Lobular Carcinoma,,No,,C50.9,8520/3,C50.9,,YES,,Core needle biopsy,,,Negative,,NO,4.0,Negative,Post (prior bilateral ovariectomy OR >12 mo since LMP with no prior hysterectomy),,,,,,,,,,,,,,,,,,,,3.0,,,,,,,,,NO,0.0,,,No,M0,N0,T2,Stage IIA,,A24H,TUMOR FREE,,,,,,YES,YES,,,YES,Primary Tumor,1,Excision,5th,YES,NO,YES,AR,Breast,,LIVING,2001.0,a4ae2bc2-bc93-4f5c-aef7-730eb0e2ba0c,a4ae2bc2-bc93-4f5c-aef7-730eb0e2ba0c,,TCGA-AR-A24H-01A-11D-A167-09,TCGA-AR-A24H-01,TCGA-AR-A24H-01A-11D-A16A-05,,TCGA-AR-A24H-01,TCGA-AR-A24H-01A-11D-A167-09,,,TCGA-AR-A24H-01,TCGA-AR-A24H-01A-11D-A167-09,,a4ae2bc2-bc93-4f5c-aef7-730eb0e2ba0c,,TCGA-AR-A24H-01A-11D-A166-01,TCGA-AR-A24H-01,,a4ae2bc2-bc93-4f5c-aef7-730eb0e2ba0c,TCGA-AR-A24H-01A-11D-A166-01,,TCGA-AR-A24H-01,111.1,0,Stage II,LumB,0
TCGA-AR-A24L-01,Stage II,26.0,5.0,Stage IIB,2221.0,,Positive,FEMALE,Negative,,,,Negative,M0,Positive,N1,2221.0,0.0,LumA,,Positive,,,,enrollment,T_Other,T2,LIVING,TCGA-AR-A24L-01,High,C3-BRCA/Luminal,cluster 2,BRCA non-CIMP c9,BRCA nonbasal-like c8,BRCA nonbasal-like c7,miRNA cluster 4,cluster 4,mutation c1uster 9,TCGA-AR-A24L,TCGA Breast Cancer (BRCA),breast invasive carcinoma,Breast,,,,,26.0,Right,Sentinel lymph node biopsy plus axillary dissection,,TCGA-AR-A24L-F49488,TCGA-AR-A24L,,,Positive,,,,,Positive,Other,,,,,-9706.0,,2866.0,0.0,2221.0,,,1414,,,,10-19%,,Scheduled Follow-up Submission,2013-10-2,FEMALE,,,,,2+,,,,,Infiltrating Ductal Carcinoma,,No,,C50.9,8500/3,C50.9,,YES,,Core needle biopsy,,,Equivocal,Negative,NO,12.0,Negative,Pre (<6 months since LMP AND no prior bilateral ovariectomy AND not on estrogen replacement),,,,,,,,,,,,,,,,,,,,2.0,4.0,,,,,Locoregional Disease,,,YES,2.0,,,No,M0,N1,T2,Stage IIB,,A24L,WITH TUMOR,,,,,,YES,YES,10-19%,,YES,Primary Tumor,1,Wide local excision,6th,YES,NO,YES,AR,Breast,,DECEASED,2005.0,bfa78a45-16bf-410a-816d-bd369ded91e5,bfa78a45-16bf-410a-816d-bd369ded91e5,TCGA-AR-A24L-01A-21-A17I-20,TCGA-AR-A24L-01A-11D-A167-09,TCGA-AR-A24L-01,TCGA-AR-A24L-01A-11D-A16A-05,e1bd54aa-7e28-47ce-98fb-95593ee07f96,TCGA-AR-A24L-01,TCGA-AR-A24L-01A-11D-A167-09,,,TCGA-AR-A24L-01,TCGA-AR-A24L-01A-11D-A167-09,,bfa78a45-16bf-410a-816d-bd369ded91e5,,TCGA-AR-A24L-01A-11D-A166-01,TCGA-AR-A24L-01,,bfa78a45-16bf-410a-816d-bd369ded91e5,TCGA-AR-A24L-01A-11D-A166-01,,TCGA-AR-A24L-01,74.03333333333333,0,Stage II,LumA,0
TCGA-AR-A24M-01,Stage III,38.0,3.0,Stage IIIA,1990.0,,Positive,FEMALE,Negative,,,,Negative,M0,Positive,N2,1990.0,0.0,LumA,,Positive,,,,enrollment,T_Other,T2,LIVING,TCGA-AR-A24M-01,Iq,C3-BRCA/Luminal,cluster 4,BRCA non-CIMP c9,BRCA nonbasal-like c8,BRCA nonbasal-like c7,miRNA c1uster 10,cluster 7,mutation cluster 4,TCGA-AR-A24M,TCGA Breast Cancer (BRCA),breast invasive carcinoma,Breast,,,,,38.0,Left Upper Outer Quadrant,Sentinel lymph node biopsy plus axillary dissection,,TCGA-AR-A24M-F71732,TCGA-AR-A24M,TCGA-AR-A24M-01A,,Positive,,,,,Positive,Other,,,,,-14119.0,2245.0,,0.0,3660.0,,,,,,,10-19%,,Scheduled Follow-up Submission,2015-3-30,FEMALE,,,,,1+,,,,,Mixed Histology (please specify),Mixed invasive ductal and invasive lobular,No,,C50.9,8522/3,C50.9,,YES,,Core needle biopsy,400.0,NO,Negative,,NO,28.0,Negative,Pre (<6 months since LMP AND no prior bilateral ovariectomy AND not on estrogen replacement),,,,,,,,,,,,,,,,,,,,4.0,7.0,,,,,,,,NO,4.0,,True,No,M0,N2,T2,Stage IIIA,TCGA-AR-A24M.56DFBCCE-A9D9-4F08-AC7E-33998F3439B2.pdf,A24M,TUMOR FREE,,,,,,YES,YES,10-19%,,YES,Primary Tumor,1,Wide local excision,6th,YES,NO,YES,AR,Breast,A,LIVING,2005.0,4977200c-765d-475f-8df4-bf8d9a3b0aa9,4977200c-765d-475f-8df4-bf8d9a3b0aa9,TCGA-AR-A24M-01A-21-A17I-20,TCGA-AR-A24M-01A-11D-A167-09,TCGA-AR-A24M-01,TCGA-AR-A24M-01A-11D-A16A-05,8728cab4-4860-4753-aa84-05f91f245005,TCGA-AR-A24M-01,TCGA-AR-A24M-01A-11D-A167-09,,,TCGA-AR-A24M-01,TCGA-AR-A24M-01A-11D-A167-09,,4977200c-765d-475f-8df4-bf8d9a3b0aa9,,TCGA-AR-A24M-01A-11D-A166-01,TCGA-AR-A24M-01,,4977200c-765d-475f-8df4-bf8d9a3b0aa9,TCGA-AR-A24M-01A-11D-A166-01,,TCGA-AR-A24M-01,66.33333333333333,0,Stage III,LumA,0
TCGA-AR-A24N-01,Stage I,54.0,2.0,Stage I,2074.0,,Positive,FEMALE,Negative,,,,Negative,M0,Negative,N0,2074.0,0.0,LumB,,Positive,,,,enrollment,T1,T1,LIVING,TCGA-AR-A24N-01,BRCA-LUAD+,C3-BRCA/Luminal,cluster 3,BRCA CIMP c7,BRCA nonbasal-like c8,BRCA nonbasal-like c7,miRNA cluster 12,cluster 3,mutation c1uster 9,TCGA-AR-A24N,TCGA Breast Cancer (BRCA),breast invasive carcinoma,Breast,,,,,54.0,Left Upper Inner Quadrant,Sentinel lymph node biopsy plus axillary dissection,,TCGA-AR-A24N-F71723,TCGA-AR-A24N,TCGA-AR-A24N-01A,,Positive,,,,,Positive,Simple Mastectomy,,YES,,,-19989.0,2219.0,,0.0,3035.0,,,,,,,10-19%,,Scheduled Follow-up Submission,2015-3-30,FEMALE,,,,,2+,,,,,Infiltrating Ductal Carcinoma,,No,,C50.9,8500/3,C50.9,,YES,,Core needle biopsy,310.0,NO,Equivocal,Negative,NO,4.0,Negative,Peri (6-12 months since last menstrual period),,,,,,,,,,,,,,,,,,,,3.0,3.0,,,,,,,,NO,0.0,,True,No,M0,N0,T1,Stage I,TCGA-AR-A24N.AAF32BB7-716A-4C0E-AE7E-04F6A5BF5628.pdf,A24N,TUMOR FREE,,,,,,NO,YES,10-19%,,NO,Primary Tumor,1,,6th,NO,NO,YES,AR,Breast,A,LIVING,2005.0,48bf0fa5-66c2-495d-93ef-943bc7ff31ac,48bf0fa5-66c2-495d-93ef-943bc7ff31ac,TCGA-AR-A24N-01A-21-A17I-20,TCGA-AR-A24N-01A-11D-A167-09,TCGA-AR-A24N-01,TCGA-AR-A24N-01A-11D-A16A-05,90813751-60f8-4e79-bfd3-1f363203a029,TCGA-AR-A24N-01,TCGA-AR-A24N-01A-11D-A167-09,,,TCGA-AR-A24N-01,TCGA-AR-A24N-01A-11D-A167-09,,48bf0fa5-66c2-495d-93ef-943bc7ff31ac,,TCGA-AR-A24N-01A-11D-A166-01,TCGA-AR-A24N-01,,48bf0fa5-66c2-495d-93ef-943bc7ff31ac,TCGA-AR-A24N-01A-11D-A166-01,,TCGA-AR-A24N-01,69.13333333333334,0,Stage I,LumB,0
TCGA-AR-A24O-01,Stage III,43.0,2.0,Stage IIIA,1997.0,,Positive,FEMALE,Negative,,,,Negative,M0,Positive,N2,1997.0,0.0,LumA,,Positive,,,,enrollment,T_Other,T3,LIVING,TCGA-AR-A24O-01,Squamous,C3-BRCA/Luminal,cluster 1,BRCA non-CIMP c9,BRCA nonbasal-like c8,BRCA nonbasal-like c7,miRNA c1uster 10,cluster 7,mutation cluster 4,TCGA-AR-A24O,TCGA Breast Cancer (BRCA),breast invasive carcinoma,Breast,,,,,43.0,Left,,,TCGA-AR-A24O-F71713,TCGA-AR-A24O,TCGA-AR-A24O-01A,Negative,Positive,,,,Mastectomy NOS,Positive,Modified Radical Mastectomy,,,,,-15977.0,2213.0,,0.0,3607.0,,,2561,,,,,,Scheduled Follow-up Submission,2015-3-30,FEMALE,,,,,,,,,,Mixed Histology (please specify),Lobular carcinoma with ductal features,No,,C50.9,8522/3,C50.9,,YES,,Incisional Biopsy,700.0,NO,Negative,,NO,19.0,Positive,Pre (<6 months since LMP AND no prior bilateral ovariectomy AND not on estrogen replacement),,,,,,,,,,,,,,,,,,,,1.0,7.0,,,,,,,,YES,7.0,,True,No,M0,N2,T3,Stage IIIA,TCGA-AR-A24O.887F0E3A-DC70-4CD4-AAAF-3C613195D895.pdf,A24O,WITH TUMOR,,,,,,YES,YES,,,YES,Primary Tumor,1,,6th,YES,NO,YES,AR,Breast,A,LIVING,2005.0,2cd8167d-d35f-43e8-927f-cd7decebd9cf,2cd8167d-d35f-43e8-927f-cd7decebd9cf,TCGA-AR-A24O-01A-21-A17I-20,TCGA-AR-A24O-01A-11D-A167-09,TCGA-AR-A24O-01,TCGA-AR-A24O-01A-11D-A16A-05,c364acc4-6658-4deb-97ff-a367022c6958,TCGA-AR-A24O-01,TCGA-AR-A24O-01A-11D-A167-09,,,TCGA-AR-A24O-01,TCGA-AR-A24O-01A-11D-A167-09,,2cd8167d-d35f-43e8-927f-cd7decebd9cf,,TCGA-AR-A24O-01A-11D-A166-01,TCGA-AR-A24O-01,,2cd8167d-d35f-43e8-927f-cd7decebd9cf,TCGA-AR-A24O-01A-11D-A166-01,,TCGA-AR-A24O-01,66.56666666666666,0,Stage III,LumA,0
TCGA-AR-A24Q-01,Stage II,49.0,1.0,Stage IIB,2008.0,,Positive,FEMALE,Negative,,,,Negative,M0,Negative,N0,2008.0,0.0,Basal,,Negative,,,,enrollment,T_Other,T3,LIVING,TCGA-AR-A24Q-01,High,C4-BRCA/Basal,cluster 5,BRCA basal-like c8,KIRC-like c1,BRCA basal-like c8,miRNA c1uster 9,cluster 6,mutation cluster 2,TCGA-AR-A24Q,TCGA Breast Cancer (BRCA),breast invasive carcinoma,Breast,,,,,49.0,Left Upper Inner Quadrant,Sentinel lymph node biopsy plus axillary dissection,,TCGA-AR-A24Q-F65802,TCGA-AR-A24Q,TCGA-AR-A24Q-01A,,Positive,,,,,Negative,Simple Mastectomy,,,,,-18084.0,1932.0,,0.0,3172.0,,,,,,,<10%,,Scheduled Follow-up Submission,2014-9-30,FEMALE,,,,,,,,,,Infiltrating Ductal Carcinoma,,No,,C50.9,8500/3,C50.9,,YES,,Core needle biopsy,590.0,NO,Negative,,NO,2.0,Negative,Post (prior bilateral ovariectomy OR >12 mo since LMP with no prior hysterectomy),,,,,,,,,,,,,,,,,,,,5.0,6.0,,,,,,,,NO,0.0,,True,No,M0,N0,T3,Stage IIB,TCGA-AR-A24Q.CCE8E855-2582-4214-B9B1-25F0431065CB.pdf,A24Q,TUMOR FREE,,,,,,YES,YES,,,YES,Primary Tumor,1,,6th,YES,NO,YES,AR,Breast,A,LIVING,2006.0,72c34d2c-f255-492b-9249-e9e9c506ece2,72c34d2c-f255-492b-9249-e9e9c506ece2,TCGA-AR-A24Q-01A-21-A17I-20,TCGA-AR-A24Q-01A-12D-A167-09,TCGA-AR-A24Q-01,TCGA-AR-A24Q-01A-12D-A16A-05,f39fe8fb-2c5e-403b-aceb-bd9604f1a25e,TCGA-AR-A24Q-01,TCGA-AR-A24Q-01A-12D-A167-09,,,TCGA-AR-A24Q-01,TCGA-AR-A24Q-01A-12D-A167-09,,72c34d2c-f255-492b-9249-e9e9c506ece2,,TCGA-AR-A24Q-01A-12D-A166-01,TCGA-AR-A24Q-01,,72c34d2c-f255-492b-9249-e9e9c506ece2,TCGA-AR-A24Q-01A-12D-A166-01,,TCGA-AR-A24Q-01,66.93333333333334,0,Stage II,Basal,0
TCGA-AR-A24S-01,Stage I,61.0,1.0,Stage I,1888.0,,Positive,FEMALE,Negative,,,,Negative,M0,Negative,N0,1888.0,0.0,LumB,,Positive,,,,enrollment,T1,T1,LIVING,TCGA-AR-A24S-01,Squamous,C3-BRCA/Luminal,cluster 2,Cluster 5,BRCA nonbasal-like c8,BRCA nonbasal-like c7,miRNA cluster 4,cluster 4,mutation cluster 2,TCGA-AR-A24S,TCGA Breast Cancer (BRCA),breast invasive carcinoma,Breast,,,,,61.0,Right Lower Outer Quadrant,Sentinel lymph node biopsy plus axillary dissection,,TCGA-AR-A24S-F31496,TCGA-AR-A24S,TCGA-AR-A24S-01A,,Positive,,,,,Positive,Other,,YES,,,-22587.0,1812.0,,0.0,2976.0,,,,,,,70-79%,,Scheduled Follow-up Submission,2012-5-4,FEMALE,,,,,,,,,,Infiltrating Ductal Carcinoma,,No,,C50.9,8500/3,C50.9,,YES,,Core needle biopsy,520.0,NO,Negative,,,4.0,Negative,Post (prior bilateral ovariectomy OR >12 mo since LMP with no prior hysterectomy),,,,,,,,,,,,,,,,,,,,2.0,4.0,,,,,,,,NO,0.0,,True,No,M0,N0,T1,Stage I,TCGA-AR-A24S.C0A8A457-8790-4745-BD5D-AFBE55254A1C.pdf,A24S,,,,,,,,YES,,,YES,Primary Tumor,1,Wide local excision,6th,YES,NO,YES,AR,Breast,A,LIVING,2006.0,3795f6d6-3a1d-4b41-8a4b-e832078e9d48,3795f6d6-3a1d-4b41-8a4b-e832078e9d48,TCGA-AR-A24S-01A-21-A17I-20,TCGA-AR-A24S-01A-11D-A167-09,TCGA-AR-A24S-01,TCGA-AR-A24S-01A-11D-A16A-05,9e00e8b9-5977-4a9c-aef4-c9f3e8007475,TCGA-AR-A24S-01,TCGA-AR-A24S-01A-11D-A167-09,,,TCGA-AR-A24S-01,TCGA-AR-A24S-01A-11D-A167-09,,3795f6d6-3a1d-4b41-8a4b-e832078e9d48,,TCGA-AR-A24S-01A-11D-A166-01,TCGA-AR-A24S-01,,3795f6d6-3a1d-4b41-8a4b-e832078e9d48,TCGA-AR-A24S-01A-11D-A166-01,,TCGA-AR-A24S-01,62.93333333333333,0,Stage I,LumB,0
TCGA-AR-A256-01,Stage II,45.0,1.0,Stage IIA,2854.0,2854.0,Negative,FEMALE,Negative,,,,Negative,M0,Negative,N0,2854.0,1.0,Basal,,Negative,,,,enrollment,T_Other,T2,DECEASED,TCGA-AR-A256-01,High,C4-BRCA/Basal,cluster 5,BRCA basal-like c8,BRCA basal-like c6,BRCA basal-like c8,miRNA cluster 12,,mutation cluster 5,TCGA-AR-A256,TCGA Breast Cancer (BRCA),breast invasive carcinoma,Breast,,,,,45.0,Right Lower Inner Quadrant,Sentinel lymph node biopsy plus axillary dissection,,TCGA-AR-A256-F31923,TCGA-AR-A256,TCGA-AR-A256-01A,,Negative,,,,,Negative,Other,,YES,,,-16642.0,3740.0,2854.0,0.0,,,,1640,,,,,,Scheduled Follow-up Submission,2012-5-11,FEMALE,,,,,1+,,,,,Infiltrating Ductal Carcinoma,,No,,C50.9,8500/3,C50.9,,YES,,Fine needle aspiration biopsy,210.0,NO,Negative,,,5.0,Negative,Pre (<6 months since LMP AND no prior bilateral ovariectomy AND not on estrogen replacement),,,,,,,,,,,,,,,,,,,,5.0,,,,,,Locoregional Disease,,,YES,0.0,,True,No,M0,N0,T2,Stage IIA,TCGA-AR-A256.0FDC2801-71F8-4D45-BFF1-89445E621A41.pdf,A256,,,,,,,,YES,,,NO,Primary Tumor,1,Mastectomy,5th,YES,NO,YES,AR,Breast,A,DECEASED,2001.0,60534f8f-970a-4308-9844-a3a41dd6c187,60534f8f-970a-4308-9844-a3a41dd6c187,TCGA-AR-A256-01A-21-A17I-20,TCGA-AR-A256-01A-11D-A167-09,TCGA-AR-A256-01,TCGA-AR-A256-01A-11D-A16A-05,c98c88ee-f8ed-444b-a51c-67e6d942a8b5,TCGA-AR-A256-01,TCGA-AR-A256-01A-11D-A167-09,,,TCGA-AR-A256-01,TCGA-AR-A256-01A-11D-A167-09,,60534f8f-970a-4308-9844-a3a41dd6c187,,TCGA-AR-A256-01A-11D-A166-01,TCGA-AR-A256-01,,60534f8f-970a-4308-9844-a3a41dd6c187,TCGA-AR-A256-01A-11D-A166-01,,TCGA-AR-A256-01,95.13333333333334,1,Stage II,Basal,0
TCGA-B6-A0I2-01,Stage IA,45.0,3.0,Stage I,4360.0,,,FEMALE,Negative,2.0,2.0,2.0,Negative,M0,Negative,N0,4360.0,0.0,Basal,Basal-like,,ReacII,-13.0,-12.0,followup,T1,T1,LIVING,TCGA-B6-A0I2-01,High,C4-BRCA/Basal,cluster 5,BRCA basal-like c8,KIRC-like c1,BRCA basal-like c8,miRNA cluster 7,cluster 3,mutation cluster 5,TCGA-B6-A0I2,TCGA Breast Cancer (BRCA),breast invasive carcinoma,Breast,,,,,45.0,Left Upper Outer Quadrant|Left,Axillary lymph node dissection alone,,TCGA-B6-A0I2-F12630,TCGA-B6-A0I2,TCGA-B6-A0I2-01A,,,,,,,,,,NO,,,-16702.0,5305.0,,0.0,4361.0,,,,,,,,,Scheduled Follow-up Submission,2011-6-2,FEMALE,,,,,,,,,,Infiltrating Ductal Carcinoma,,No,,C50.9,8500/3,C50.9,,YES,,Excisional Biopsy,200.0,NO,,,,8.0,,Indeterminate (neither Pre or Postmenopausal),,,,,,,,,,,,,,,,,,,,5.0,3.0,,,,,,,,NO,0.0,,True,No,M0,N0 (i-),T1c,Stage IA,TCGA-B6-A0I2.CA834E5F-30DC-46CF-AF33-AD11226FC09E.pdf,A0I2,TUMOR FREE,,,,,,,,,,YES,Primary Tumor,1,,4th,YES,NO,YES,B6,Breast,A,LIVING,1995.0,7175b3eb-5198-4d7f-b205-91ae8df344b4,7175b3eb-5198-4d7f-b205-91ae8df344b4,TCGA-B6-A0I2-01A-21-A13C-20,TCGA-B6-A0I2-01A-11W-A050-09,TCGA-B6-A0I2-01,,3c520911-0d5d-4a69-bef5-f2666b99544c,TCGA-B6-A0I2-01,TCGA-B6-A0I2-01A-11W-A050-09,TCGA-B6-A0I2-01A-11D-A032-05,TCGA-B6-A0I2-01,,TCGA-B6-A0I2-01A-11W-A050-09,TCGA-B6-A0I2-01,7175b3eb-5198-4d7f-b205-91ae8df344b4,TCGA-B6-A0I2-01,TCGA-B6-A0I2-01A-11D-A036-01,,TCGA-B6-A0I2-01A-11R-A034-07,7175b3eb-5198-4d7f-b205-91ae8df344b4,TCGA-B6-A0I2-01A-11D-A036-01,TCGA-B6-A0I2-01,TCGA-B6-A0I2-01,145.33333333333334,0,Stage IA,Basal,0
TCGA-B6-A0I5-01,Stage IIB,49.0,2.0,No_Conversion,4549.0,,Positive,FEMALE,Negative,,,,Negative,M0,Positive,N1,4549.0,0.0,LumA,Luminal A,Positive,,-5.0,-3.0,followup,T_Other,T2,LIVING,TCGA-B6-A0I5-01,BRCA-LUAD+,C3-BRCA/Luminal,cluster 1,BRCA non-CIMP c9,,BRCA nonbasal-like c7,miRNA cluster 12,cluster 6,mutation cluster 4,TCGA-B6-A0I5,TCGA Breast Cancer (BRCA),breast invasive carcinoma,Breast,,,,,49.0,Right Lower Inner Quadrant,Axillary lymph node dissection alone,,TCGA-B6-A0I5-F71505,TCGA-B6-A0I5,TCGA-B6-A0I5-01A,,Positive,,,,,Positive,Other,,NO,,,-18038.0,7820.0,,0.0,8556.0,,,,,,,,,Scheduled Follow-up Submission,2015-3-26,FEMALE,,,,,,,,,,Infiltrating Ductal Carcinoma,,No,,C50.9,8500/3,C50.9,,YES,"biopsy, NOS","Other method, specify:",50.0,NO,,,NO,13.0,Negative,Indeterminate (neither Pre or Postmenopausal),,,,,,,,,,,,,,,,,,,,1.0,6.0,,,,,,,,NO,5.0,,True,No,M0,N1b,T2,Stage IIB,TCGA-B6-A0I5.FA43414D-3757-43CC-8949-77F82DF4FA4D.pdf,A0I5,TUMOR FREE,,,,,,YES,,,,NO,Primary Tumor,1,biopsy,3rd,YES,NO,YES,B6,Breast,A,LIVING,1988.0,2448118f-9664-4b9e-b67f-c019cf5b8d35,2448118f-9664-4b9e-b67f-c019cf5b8d35,,TCGA-B6-A0I5-01A-11W-A100-09,TCGA-B6-A0I5-01,,,TCGA-B6-A0I5-01,TCGA-B6-A0I5-01A-11W-A100-09,TCGA-B6-A0I5-01A-11D-A032-05,TCGA-B6-A0I5-01,,TCGA-B6-A0I5-01A-11W-A100-09,TCGA-B6-A0I5-01,2448118f-9664-4b9e-b67f-c019cf5b8d35,TCGA-B6-A0I5-01,TCGA-B6-A0I5-01A-11D-A036-01,,TCGA-B6-A0I5-01A-11R-A034-07,2448118f-9664-4b9e-b67f-c019cf5b8d35,TCGA-B6-A0I5-01A-11D-A036-01,TCGA-B6-A0I5-01,TCGA-B6-A0I5-01,151.63333333333333,0,Stage IIB,LumA,0
TCGA-B6-A0I6-01,Stage IIA,49.0,,No_Conversion,991.0,997.0,Negative,FEMALE,,,,,Negative,M0,Positive,N1,997.0,1.0,Basal,Basal-like,Negative,Basal,-13.0,0.0,followup,T1,T1,DECEASED,TCGA-B6-A0I6-01,,C4-BRCA/Basal,cluster 5,BRCA basal-like c8,BRCA basal-like c6,BRCA basal-like c8,miRNA cluster 4,cluster 4,mutation c1uster 9,TCGA-B6-A0I6,TCGA Breast Cancer (BRCA),breast invasive carcinoma,Breast,NO,NO,NO,,49.0,Left Upper Outer Quadrant|Left,Axillary lymph node dissection alone,,TCGA-B6-A0I6-F12605,TCGA-B6-A0I6,TCGA-B6-A0I6-01A,,Negative,,,,,Negative,Modified Radical Mastectomy,,NO,,,-18014.0,7362.0,991.0,0.0,,,,859,,,,,,Scheduled Follow-up Submission,2011-6-1,FEMALE,,,,,,,,,,Infiltrating Ductal Carcinoma,,No,,C50.9,8500/3,C50.9,,YES,"Biopsy, NOS","Other method, specify:",200.0,NO,,,,32.0,Negative,Indeterminate (neither Pre or Postmenopausal),,,,,,,,,,,,,,,,,,,,5.0,4.0,,,,"Other, specify",Distant Metastasis,Skin and bone,,YES,6.0,,True,No,M0,N1,T1c,Stage IIA,TCGA-B6-A0I6.2D3D759B-D06A-4FC6-855A-5E9F83ADBED9.pdf,A0I6,WITH TUMOR,,,,,,,,,,NO,Primary Tumor,1,,3rd,YES,NO,YES,B6,Breast,A,DECEASED,1990.0,09c248f8-cdd7-4c13-9085-26c56544bcf7,09c248f8-cdd7-4c13-9085-26c56544bcf7,TCGA-B6-A0I6-01A-21-A13B-20,TCGA-B6-A0I6-01A-11D-A128-09,TCGA-B6-A0I6-01,,4b55651d-88f5-411e-9986-702e8173a3d9,,TCGA-B6-A0I6-01A-11D-A128-09,TCGA-B6-A0I6-01A-11D-A032-05,,,TCGA-B6-A0I6-01A-11D-A128-09,TCGA-B6-A0I6-01,09c248f8-cdd7-4c13-9085-26c56544bcf7,TCGA-B6-A0I6-01,,,TCGA-B6-A0I6-01A-11R-A034-07,09c248f8-cdd7-4c13-9085-26c56544bcf7,,TCGA-B6-A0I6-01,TCGA-B6-A0I6-01,33.233333333333334,1,Stage IIA,Basal,1
TCGA-B6-A0I8-01,,46.0,,No_Conversion,749.0,749.0,,FEMALE,,,,,Negative,M0,Negative,N0,749.0,1.0,LumA,Luminal A,,Her2,0.0,-3.0,followup,T1,T1,DECEASED,TCGA-B6-A0I8-01,,C3-BRCA/Luminal,cluster 2,BRCA non-CIMP c9,BRCA nonbasal-like c8,BRCA nonbasal-like c7,miRNA cluster 4,cluster 4,mutation c1uster 9,TCGA-B6-A0I8,TCGA Breast Cancer (BRCA),breast invasive carcinoma,Breast,YES,YES,YES,,46.0,Right Upper Inner Quadrant|Right,No axillary staging,,TCGA-B6-A0I8-F12607,TCGA-B6-A0I8,,,,,,,,,,,NO,,746.0,-17073.0,,749.0,0.0,,,,746,,,,,,Scheduled Follow-up Submission,2011-6-1,FEMALE,,,,,,,,,,Infiltrating Ductal Carcinoma,,No,,C50.9,8500/3,C50.9,,YES,"Biopsy, NOS","Other method, specify:",,,,,,0.0,,Indeterminate (neither Pre or Postmenopausal),,,,,,,,,,,,,,,,,,,,2.0,4.0,,,,"Other, specify",Locoregional Disease,Pectoral muscle,,YES,,,,Yes,M0,NX,T1,Stage X,,A0I8,WITH TUMOR,,,,,,,,,,NO,Primary Tumor,1,,4th,YES,NO,YES,B6,Breast,,DECEASED,1992.0,c71ca9f7-248f-460c-b5d3-afb2c648fef2,c71ca9f7-248f-460c-b5d3-afb2c648fef2,TCGA-B6-A0I8-01A-21-A13B-20,TCGA-B6-A0I8-01A-11W-A050-09,TCGA-B6-A0I8-01,,b8370b84-548e-42c1-8cf5-435502ae0050,,TCGA-B6-A0I8-01A-11W-A050-09,TCGA-B6-A0I8-01A-11D-A032-05,,,TCGA-B6-A0I8-01A-11W-A050-09,TCGA-B6-A0I8-01,c71ca9f7-248f-460c-b5d3-afb2c648fef2,TCGA-B6-A0I8-01,,,TCGA-B6-A0I8-01A-11R-A034-07,c71ca9f7-248f-460c-b5d3-afb2c648fef2,,TCGA-B6-A0I8-01,TCGA-B6-A0I8-01,24.966666666666665,1,,LumA,1
TCGA-B6-A0I9-01,Stage IV,62.0,5.0,No_Conversion,369.0,369.0,Indeterminate,FEMALE,Positive,1.0,1.0,1.0,Positive,M1,Negative,N0,369.0,1.0,Her2,HER2-enriched,Positive,Her2,-2.0,-5.0,followup,T_Other,T3,DECEASED,TCGA-B6-A0I9-01,BRCA-LUAD+,C3-BRCA/Luminal,cluster 4,BRCA CIMP c7,BRCA basal-like c6,BRCA nonbasal-like c7,miRNA cluster 4,cluster 4,mutation cluster 5,TCGA-B6-A0I9,TCGA Breast Cancer (BRCA),breast invasive carcinoma,Breast,,,,,62.0,Left Lower Outer Quadrant|Left,No axillary staging,,TCGA-B6-A0I9-F12609,TCGA-B6-A0I9,TCGA-B6-A0I9-01A,,Indeterminate,,,,,Positive,,,NO,,,-22798.0,6687.0,362.0,0.0,,,,,,,IHC,,,Scheduled Follow-up Submission,2011-6-1,FEMALE,,,,,,,,,,Infiltrating Ductal Carcinoma,,No,,C50.9,8500/3,C50.9,,YES,"Biopsy, NOS","Other method, specify:",180.0,NO,,,,,,Indeterminate (neither Pre or Postmenopausal),,,,,,,,,,,,,,,,,,Bone,,4.0,4.0,,,,,,,,NO,,,True,No,M1,NX,T3,Stage IV,TCGA-B6-A0I9.291884D2-FDFD-4C98-BA19-1A0824ABB68F.pdf,A0I9,WITH TUMOR,IHC,,,,,,,,,YES,Primary Tumor,1,,3rd,YES,NO,YES,B6,Breast,A,DECEASED,1992.0,1a99c4ba-6948-4054-96cd-62164ff4a6f0,1a99c4ba-6948-4054-96cd-62164ff4a6f0,TCGA-B6-A0I9-01A-21-A13B-20,TCGA-B6-A0I9-01A-11W-A050-09,TCGA-B6-A0I9-01,,be91388f-7261-4e1a-94a0-29215be9bb4d,TCGA-B6-A0I9-01,TCGA-B6-A0I9-01A-11W-A050-09,TCGA-B6-A0I9-01A-11D-A032-05,TCGA-B6-A0I9-01,,TCGA-B6-A0I9-01A-11W-A050-09,TCGA-B6-A0I9-01,1a99c4ba-6948-4054-96cd-62164ff4a6f0,TCGA-B6-A0I9-01,TCGA-B6-A0I9-01A-11D-A036-01,,TCGA-B6-A0I9-01A-11R-A034-07,1a99c4ba-6948-4054-96cd-62164ff4a6f0,TCGA-B6-A0I9-01A-11D-A036-01,TCGA-B6-A0I9-01,TCGA-B6-A0I9-01,12.3,1,Stage IV,Her2,1
TCGA-B6-A0IA-01,Stage IIA,51.0,4.0,Stage IIA,6718.0,,Positive,FEMALE,Negative,,,,Negative,M0,Negative,N0,6718.0,0.0,LumA,Luminal A,Positive,,-12.0,-3.0,followup,T_Other,T2,LIVING,TCGA-B6-A0IA-01,BRCA-LUAD+,C3-BRCA/Luminal,cluster 2,BRCA non-CIMP c9,,BRCA nonbasal-like c7,miRNA cluster 12,cluster 4,mutation c1uster 9,TCGA-B6-A0IA,TCGA Breast Cancer (BRCA),breast invasive carcinoma,Breast,,,,,51.0,Right,Axillary lymph node dissection alone,,TCGA-B6-A0IA-F71513,TCGA-B6-A0IA,TCGA-B6-A0IA-01A,,Positive,,,,,Positive,Other,,NO,,,-18748.0,6664.0,,0.0,8391.0,,,,,,IHC,,,Scheduled Follow-up Submission,2015-3-26,FEMALE,,,,,,,,,,"Other, specify",,No,,C50.9,8523/3,C50.9,,YES,"Biopsy, NOS","Other method, specify:",70.0,NO,,,NO,15.0,Negative,Indeterminate (neither Pre or Postmenopausal),,,,,,,,,,,,,,,,,,,,2.0,4.0,,,,,,,,NO,0.0,,True,No,M0,N0 (i-),T2,Stage IIA,TCGA-B6-A0IA.55F3F917-E441-4C10-A3E3-0645A4E8374E.pdf,A0IA,TUMOR FREE,IHC,,,,,YES,,,,NO,Primary Tumor,1,Excisional biopsy,,YES,NO,YES,B6,Breast,A,LIVING,1992.0,80cfaf9d-f0aa-4a35-918a-2eaad05b3a5a,80cfaf9d-f0aa-4a35-918a-2eaad05b3a5a,,TCGA-B6-A0IA-01A-11W-A050-09,TCGA-B6-A0IA-01,,,TCGA-B6-A0IA-01,TCGA-B6-A0IA-01A-11W-A050-09,TCGA-B6-A0IA-01A-11D-A032-05,TCGA-B6-A0IA-01,,TCGA-B6-A0IA-01A-11W-A050-09,TCGA-B6-A0IA-01,80cfaf9d-f0aa-4a35-918a-2eaad05b3a5a,TCGA-B6-A0IA-01,TCGA-B6-A0IA-01A-11D-A036-01,,TCGA-B6-A0IA-01A-11R-A034-07,80cfaf9d-f0aa-4a35-918a-2eaad05b3a5a,TCGA-B6-A0IA-01A-11D-A036-01,TCGA-B6-A0IA-01,TCGA-B6-A0IA-01,223.93333333333334,0,Stage IIA,LumA,0
TCGA-B6-A0IB-01,Stage IV,64.0,4.0,No_Conversion,3941.0,3941.0,Positive,FEMALE,Negative,1.0,3.0,4.0,Positive,M1,Positive,N3,3941.0,1.0,LumB,Luminal B,Positive,LumA/B,0.0,-3.0,followup,T_Other,T3,DECEASED,TCGA-B6-A0IB-01,BRCA-LUAD+,C3-BRCA/Luminal,cluster 4,BRCA CIMP c7,BRCA nonbasal-like c8,BRCA nonbasal-like c7,miRNA cluster 6,cluster 1,mutation c1uster 9,TCGA-B6-A0IB,TCGA Breast Cancer (BRCA),breast invasive carcinoma,Breast,,,NO,,64.0,Right Upper Inner Quadrant|Right,Axillary lymph node dissection alone,,TCGA-B6-A0IB-F12612,TCGA-B6-A0IB,TCGA-B6-A0IB-01A,,Positive,,,,,Positive,Modified Radical Mastectomy,,NO,,,-23646.0,6660.0,3941.0,0.0,,,,2717,,,IHC,,,Scheduled Follow-up Submission,2011-6-1,FEMALE,,,,,,,,,,Infiltrating Ductal Carcinoma,,No,,C50.9,8500/3,C50.9,,YES,"Biopsy, NOS","Other method, specify:",150.0,NO,,,,15.0,Negative,Indeterminate (neither Pre or Postmenopausal),fmol/mg,,,image cytometry,Positive,,,,,,,,,,,image cytometry,Positive,"Other, specify",Skin,4.0,1.0,,,,"Other, specify",Distant Metastasis,"lung, bone, liver",,YES,8.0,,True,No,M1,N3,T3,Stage IV,TCGA-B6-A0IB.CFC4801B-04BD-4FFC-911A-7B88E2FA4B49.pdf,A0IB,WITH TUMOR,IHC,,fmol/mg,,,,,,,NO,Primary Tumor,1,,3rd,YES,NO,YES,B6,Breast,A,DECEASED,1992.0,9857acef-08eb-43d6-b086-4b513e23753a,9857acef-08eb-43d6-b086-4b513e23753a,TCGA-B6-A0IB-01A-21-A13B-20,TCGA-B6-A0IB-01A-11W-A050-09,TCGA-B6-A0IB-01,,5e4f32df-eccb-4283-b97e-41addb397f4b,TCGA-B6-A0IB-01,TCGA-B6-A0IB-01A-11W-A050-09,TCGA-B6-A0IB-01A-11D-A032-05,TCGA-B6-A0IB-01,,TCGA-B6-A0IB-01A-11W-A050-09,TCGA-B6-A0IB-01,9857acef-08eb-43d6-b086-4b513e23753a,TCGA-B6-A0IB-01,TCGA-B6-A0IB-01A-11D-A036-01,,TCGA-B6-A0IB-01A-11R-A034-07,9857acef-08eb-43d6-b086-4b513e23753a,TCGA-B6-A0IB-01A-11D-A036-01,TCGA-B6-A0IB-01,TCGA-B6-A0IB-01,131.36666666666667,1,Stage IV,LumB,0
TCGA-B6-A0IC-01,,90.0,2.0,No_Conversion,1542.0,1542.0,Positive,FEMALE,Negative,,,,,,Negative,N0,1542.0,1.0,LumA,Luminal B,Positive,,-12.0,-3.0,followup,T_Other,T2,DECEASED,TCGA-B6-A0IC-01,Kirc+,C3-BRCA/Luminal,cluster 2,BRCA non-CIMP c9,,BRCA nonbasal-like c7,miRNA cluster 14,cluster 2,mutation cluster 4,TCGA-B6-A0IC,TCGA Breast Cancer (BRCA),breast invasive carcinoma,Breast,,,,,90.0,Right,No axillary staging,,TCGA-B6-A0IC-F12613,TCGA-B6-A0IC,TCGA-B6-A0IC-01A,,Positive,,,,,Positive,Other,,NO,,,-32872.0,6475.0,1542.0,0.0,,,,,,,IHC,,,Scheduled Follow-up Submission,2011-6-1,FEMALE,,,,,,,,,,"Other, specify",,No,,C50.9,8503/3,C50.9,,YES,,Fine needle aspiration biopsy,100.0,NO,,,,,Negative,Post (prior bilateral ovariectomy OR >12 mo since LMP with no prior hysterectomy),,,,,,,,,,,,,,,,,,,,2.0,2.0,,,,,,,,NO,,,True,No,MX,NX,T2,Stage X,TCGA-B6-A0IC.8AABC46F-03C7-4FBF-AC20-2C862E303A8B.pdf,A0IC,TUMOR FREE,IHC,,,,,,,,,NO,Primary Tumor,1,Excisional biopsy,3rd,NO,NO,YES,B6,Breast,A,DECEASED,1992.0,718599d7-723a-4121-ac07-51120cde9af1,718599d7-723a-4121-ac07-51120cde9af1,,TCGA-B6-A0IC-01A-11W-A050-09,TCGA-B6-A0IC-01,,,TCGA-B6-A0IC-01,TCGA-B6-A0IC-01A-11W-A050-09,TCGA-B6-A0IC-01A-11D-A032-05,TCGA-B6-A0IC-01,,TCGA-B6-A0IC-01A-11W-A050-09,TCGA-B6-A0IC-01,718599d7-723a-4121-ac07-51120cde9af1,TCGA-B6-A0IC-01,TCGA-B6-A0IC-01A-11D-A036-01,,TCGA-B6-A0IC-01A-11R-A034-07,718599d7-723a-4121-ac07-51120cde9af1,TCGA-B6-A0IC-01A-11D-A036-01,TCGA-B6-A0IC-01,TCGA-B6-A0IC-01,51.4,1,,LumA,1
TCGA-B6-A0IE-01,,38.0,3.0,No_Conversion,1998.0,1998.0,Negative,FEMALE,Negative,,,,Negative,M0,Positive,N1,1998.0,1.0,LumA,Normal-like,Negative,,-2.0,-3.0,followup,,TX,DECEASED,TCGA-B6-A0IE-01,Kirc+,C3-BRCA/Luminal,cluster 1,BRCA non-CIMP c9,,BRCA nonbasal-like c7,miRNA cluster 4,cluster 4,mutation cluster 3,TCGA-B6-A0IE,TCGA Breast Cancer (BRCA),breast invasive carcinoma,Breast,YES,YES,NO,,38.0,Left Upper Outer Quadrant|Left,Axillary lymph node dissection alone,,TCGA-B6-A0IE-F12614,TCGA-B6-A0IE,,Negative,Negative,,,,,Negative,Other,,NO,,,-13982.0,,1993.0,0.0,,,,834,,,Image Analysis,,,Scheduled Follow-up Submission,2011-6-1,FEMALE,,,,,,,,,,Mixed Histology (please specify),Lobular/Ductal,No,,C50.9,8520/3,C50.9,,YES,,Incisional Biopsy,,,,,,24.0,Close,Pre (<6 months since LMP AND no prior bilateral ovariectomy AND not on estrogen replacement),,,,,,,,,,,,,,,,,,,,1.0,4.0,,,,Bone,Distant Metastasis,,,YES,6.0,,,No,M0,N1b,T3,Stage IIIA,,A0IE,WITH TUMOR,Image Analysis,,,,,,,,,YES,Primary Tumor,1,Wide re-excisional biopsy,4th,YES,NO,YES,B6,Breast,,DECEASED,1995.0,f40b4aa3-b474-4c2e-a197-0347e46d3309,f40b4aa3-b474-4c2e-a197-0347e46d3309,,TCGA-B6-A0IE-01A-11W-A050-09,TCGA-B6-A0IE-01,,,TCGA-B6-A0IE-01,TCGA-B6-A0IE-01A-11W-A050-09,TCGA-B6-A0IE-01A-11D-A032-05,TCGA-B6-A0IE-01,,TCGA-B6-A0IE-01A-11W-A050-09,TCGA-B6-A0IE-01,f40b4aa3-b474-4c2e-a197-0347e46d3309,TCGA-B6-A0IE-01,TCGA-B6-A0IE-01A-11D-A036-01,,TCGA-B6-A0IE-01A-11R-A034-07,f40b4aa3-b474-4c2e-a197-0347e46d3309,TCGA-B6-A0IE-01A-11D-A036-01,TCGA-B6-A0IE-01,TCGA-B6-A0IE-01,66.6,1,,LumA,0
TCGA-B6-A0IG-01,Stage IIB,50.0,,No_Conversion,4456.0,4456.0,Positive,FEMALE,,,,,Negative,M0,Positive,N1,4456.0,1.0,LumA,Luminal A,Positive,Her2,-2.0,0.0,followup,T_Other,T2,DECEASED,TCGA-B6-A0IG-01,Squamous,C3-BRCA/Luminal,cluster 4,BRCA CIMP c7,BRCA basal-like c6,BRCA nonbasal-like c7,miRNA cluster 6,cluster 7,mutation cluster 12,TCGA-B6-A0IG,TCGA Breast Cancer (BRCA),breast invasive carcinoma,Breast,,,,,50.0,Left,Axillary lymph node dissection alone,,TCGA-B6-A0IG-F12616,TCGA-B6-A0IG,TCGA-B6-A0IG-01A,,Positive,,,,,Positive,Modified Radical Mastectomy,,NO,,,-18433.0,5836.0,4456.0,0.0,,,,,,,Image Analysis,,,Scheduled Follow-up Submission,2011-6-2,FEMALE,,,,,,,,,,Infiltrating Ductal Carcinoma,,No,,C50.9,8500/3,C50.9,,YES,"Biopsy, NOS","Other method, specify:",200.0,NO,,,,16.0,Negative,Indeterminate (neither Pre or Postmenopausal),,,,,,,,,,,,,,,,,,,,4.0,7.0,,,,,,,,,4.0,,True,No,M0,N1b,T2,Stage IIB,TCGA-B6-A0IG.4379DEE0-F7CB-4A73-8828-21EA0AA830F5.pdf,A0IG,WITH TUMOR,Image Analysis,,,,,,,,,YES,Primary Tumor,1,,4th,YES,NO,YES,B6,Breast,A,DECEASED,1994.0,463d3f12-16bb-456a-8fb1-f200c7996406,463d3f12-16bb-456a-8fb1-f200c7996406,TCGA-B6-A0IG-01A-21-A13B-20,TCGA-B6-A0IG-01A-11W-A050-09,TCGA-B6-A0IG-01,,439c88c2-8efe-4981-96b8-015a9360ec6a,TCGA-B6-A0IG-01,TCGA-B6-A0IG-01A-11W-A050-09,TCGA-B6-A0IG-01A-11D-A032-05,TCGA-B6-A0IG-01,,TCGA-B6-A0IG-01A-11W-A050-09,TCGA-B6-A0IG-01,463d3f12-16bb-456a-8fb1-f200c7996406,TCGA-B6-A0IG-01,TCGA-B6-A0IG-01A-11D-A036-01,,TCGA-B6-A0IG-01A-11R-A034-07,463d3f12-16bb-456a-8fb1-f200c7996406,TCGA-B6-A0IG-01A-11D-A036-01,TCGA-B6-A0IG-01,TCGA-B6-A0IG-01,148.53333333333333,1,Stage IIB,LumA,0
TCGA-B6-A0IH-01,Stage IIIA,81.0,2.0,Stage IIIA,,3418.0,Positive,FEMALE,Negative,,,,Negative,M0,Positive,N1,3418.0,1.0,LumA,Luminal A,Positive,,-5.0,-7.0,followup,T_Other,T3,DECEASED,TCGA-B6-A0IH-01,BRCA-LUAD+,C3-BRCA/Luminal,cluster 4,BRCA non-CIMP c9,,BRCA nonbasal-like c7,miRNA cluster 13,cluster 6,mutation c1uster 9,TCGA-B6-A0IH,TCGA Breast Cancer (BRCA),breast invasive carcinoma,Breast,,,,,81.0,Left Upper Outer Quadrant|Left,Axillary lymph node dissection alone,,TCGA-B6-A0IH-F12617,TCGA-B6-A0IH,TCGA-B6-A0IH-01A,Negative,Positive,,,,Modified radical mastectomy,Positive,Other,,NO,,,-29907.0,5388.0,3418.0,0.0,,,,,,,Image Analysis,,,Scheduled Follow-up Submission,2011-6-2,FEMALE,,,,,,,,,,Infiltrating Lobular Carcinoma,,No,,C50.9,8520/3,C50.9,,YES,,Fine needle aspiration biopsy,110.0,NO,,,,27.0,Positive,Post (prior bilateral ovariectomy OR >12 mo since LMP with no prior hysterectomy),,,,,,,,,,,,,,,,,,,,4.0,6.0,,,,,,,,,25.0,,True,No,M0,N1b,T3,Stage IIIA,TCGA-B6-A0IH.12C64846-1CB3-42E4-B307-54C7AD12F530.pdf,A0IH,,Image Analysis,,,,,,YES,,,YES,Primary Tumor,1,Excisional biopsy,4th,YES,NO,YES,B6,Breast,A,DECEASED,1995.0,76fabc98-ad85-4315-8653-4028e24cd2ff,76fabc98-ad85-4315-8653-4028e24cd2ff,,TCGA-B6-A0IH-01A-11D-A10Y-09,TCGA-B6-A0IH-01,,,TCGA-B6-A0IH-01,TCGA-B6-A0IH-01A-11D-A10Y-09,TCGA-B6-A0IH-01A-11D-A112-05,TCGA-B6-A0IH-01,TCGA-B6-A0IH-01,TCGA-B6-A0IH-01A-11D-A10Y-09,,76fabc98-ad85-4315-8653-4028e24cd2ff,,TCGA-B6-A0IH-01A-11D-A111-01,TCGA-B6-A0IH-01,TCGA-B6-A0IH-01A-11R-A115-07,76fabc98-ad85-4315-8653-4028e24cd2ff,TCGA-B6-A0IH-01A-11D-A111-01,TCGA-B6-A0IH-01,TCGA-B6-A0IH-01,113.93333333333334,1,Stage IIIA,LumA,0
TCGA-B6-A0IJ-01,Stage IIB,42.0,3.0,Stage IIB,5383.0,,Positive,FEMALE,Negative,2.0,2.0,2.0,Negative,M0,Negative,N0,5383.0,0.0,Basal,Basal-like,Positive,Basal,-13.0,-12.0,followup,T_Other,T3,LIVING,TCGA-B6-A0IJ-01,High,C4-BRCA/Basal,cluster 5,BRCA basal-like c8,squamous c3,BRCA basal-like c8,miRNA cluster 12,cluster 5,mutation cluster 5,TCGA-B6-A0IJ,TCGA Breast Cancer (BRCA),breast invasive carcinoma,Breast,,,,,42.0,Right Upper Outer Quadrant|Right,Axillary lymph node dissection alone,,TCGA-B6-A0IJ-F71500,TCGA-B6-A0IJ,TCGA-B6-A0IJ-01A,,Positive,,,,,Positive,Modified Radical Mastectomy,,NO,,,-15625.0,5350.0,,0.0,7106.0,,,,,,Image Analysis,,,Scheduled Follow-up Submission,2015-3-26,FEMALE,,,,,,,,,,Infiltrating Ductal Carcinoma,,No,,C50.9,8500/3,C50.9,,YES,,Excisional Biopsy,170.0,NO,,,NO,27.0,Negative,Indeterminate (neither Pre or Postmenopausal),,,,,,,,,,,,,,,,,,,,5.0,5.0,,,,,,,,NO,0.0,,True,No,M0,N0 (i-),T3,Stage IIB,TCGA-B6-A0IJ.F3BAF04C-35EE-450F-BFA8-E9DFE9F984FD.pdf,A0IJ,TUMOR FREE,Image Analysis,,,,,YES,,,,NO,Primary Tumor,1,,,YES,NO,YES,B6,Breast,A,LIVING,1995.0,f77e9ef0-0a62-426b-98d9-6813edeb63a5,f77e9ef0-0a62-426b-98d9-6813edeb63a5,TCGA-B6-A0IJ-01A-21-A13B-20,TCGA-B6-A0IJ-01A-11W-A050-09,TCGA-B6-A0IJ-01,,25933fc4-60a0-4223-af5f-c8eed92f0f02,TCGA-B6-A0IJ-01,TCGA-B6-A0IJ-01A-11W-A050-09,TCGA-B6-A0IJ-01A-11D-A032-05,TCGA-B6-A0IJ-01,,TCGA-B6-A0IJ-01A-11W-A050-09,TCGA-B6-A0IJ-01,f77e9ef0-0a62-426b-98d9-6813edeb63a5,TCGA-B6-A0IJ-01,TCGA-B6-A0IJ-01A-11D-A036-01,,TCGA-B6-A0IJ-01A-11R-A034-07,f77e9ef0-0a62-426b-98d9-6813edeb63a5,TCGA-B6-A0IJ-01A-11D-A036-01,TCGA-B6-A0IJ-01,TCGA-B6-A0IJ-01,179.43333333333334,0,Stage IIB,Basal,0
TCGA-B6-A0IK-01,Stage IIIB,63.0,5.0,No_Conversion,571.0,571.0,Negative,FEMALE,Negative,1.0,1.0,1.0,Negative,M0,Positive,N1,571.0,1.0,Her2,HER2-enriched,Negative,ReacII,-11.0,-5.0,followup,T_Other,T4,DECEASED,TCGA-B6-A0IK-01,Squamous,C3-BRCA/Luminal,cluster 4,BRCA CIMP c7,KIRC-like c1,BRCA nonbasal-like c7,miRNA cluster 4,cluster 4,mutation cluster 3,TCGA-B6-A0IK,TCGA Breast Cancer (BRCA),breast invasive carcinoma,Breast,YES,YES,YES,,63.0,Left,,,TCGA-B6-A0IK-F12621,TCGA-B6-A0IK,TCGA-B6-A0IK-01A,Negative,Negative,,,,Modified radical mastectomy,Negative,Lumpectomy,,NO,,489.0,-23150.0,5724.0,571.0,0.0,,,,489,,,Image Analysis,,,Scheduled Follow-up Submission,2011-6-2,FEMALE,,,,,,,,,,Infiltrating Ductal Carcinoma,,No,,C50.9,8500/3,C50.9,,YES,"Biopsy, NOS","Other method, specify:",140.0,NO,,,,14.0,Positive,Indeterminate (neither Pre or Postmenopausal),,,,,,,,,,,,,,,,,,,,4.0,4.0,,,,Brain,Distant Metastasis,,,YES,1.0,,True,No,M0,N1,T4,Stage IIIB,TCGA-B6-A0IK.3A38A97C-2CBB-4802-9528-A4BBD62AEA4A.pdf,A0IK,WITH TUMOR,Image Analysis,,,,,,,,,NO,Primary Tumor,1,,4th,YES,NO,YES,B6,Breast,A,DECEASED,1994.0,8fb338fe-ffa8-45c2-857b-f713d1935330,8fb338fe-ffa8-45c2-857b-f713d1935330,TCGA-B6-A0IK-01A-21-A13B-20,TCGA-B6-A0IK-01A-12W-A071-09,TCGA-B6-A0IK-01,TCGA-B6-A0IK-01A-12D-A10P-05,3d6a2ce9-3d70-4bec-80f1-bd5035ae2b3d,TCGA-B6-A0IK-01,TCGA-B6-A0IK-01A-12W-A071-09,,TCGA-B6-A0IK-01,,TCGA-B6-A0IK-01A-12W-A071-09,TCGA-B6-A0IK-01,8fb338fe-ffa8-45c2-857b-f713d1935330,TCGA-B6-A0IK-01,TCGA-B6-A0IK-01A-12D-A059-01,,TCGA-B6-A0IK-01A-12R-A056-07,8fb338fe-ffa8-45c2-857b-f713d1935330,TCGA-B6-A0IK-01A-12D-A059-01,TCGA-B6-A0IK-01,TCGA-B6-A0IK-01,19.033333333333335,1,Stage IIIB,Her2,1
TCGA-B6-A0IM-01,Stage IIB,75.0,4.0,Stage IIB,3836.0,,Positive,FEMALE,Negative,,,,Negative,M0,Negative,N0,3836.0,0.0,LumA,Luminal B,Positive,,-10.0,-3.0,followup,T_Other,T3,LIVING,TCGA-B6-A0IM-01,BRCA-LUAD+,C3-BRCA/Luminal,cluster 4,BRCA CIMP c7,,BRCA nonbasal-like c7,miRNA cluster 4,cluster 4,mutation c1uster 9,TCGA-B6-A0IM,TCGA Breast Cancer (BRCA),breast invasive carcinoma,Breast,,,,,75.0,Right Upper Outer Quadrant|Right,Axillary lymph node dissection alone,,TCGA-B6-A0IM-F12623,TCGA-B6-A0IM,TCGA-B6-A0IM-01A,Negative,Positive,,,,Modified radical mastectomy,Positive,Lumpectomy,,NO,,,-27557.0,4754.0,3873.0,0.0,3836.0,,,,,,Image Analysis,,,Scheduled Follow-up Submission,2011-6-2,FEMALE,,,,,,,,,,"Other, specify",,No,,C50.9,8523/3,C50.9,,YES,,Fine needle aspiration biopsy,110.0,NO,,,,9.0,Positive,Post (prior bilateral ovariectomy OR >12 mo since LMP with no prior hysterectomy),,,,,,,,,,,,,,,,,,,,4.0,4.0,,,,,,,,NO,0.0,,True,No,M0,N0 (i-),T3,Stage IIB,TCGA-B6-A0IM.4A86A028-C56D-455E-A5CD-47D8A34B5734.pdf,A0IM,TUMOR FREE,Image Analysis,,,,,,,,,NO,Primary Tumor,1,,4th,YES,NO,YES,B6,Breast,A,DECEASED,1997.0,53f4d557-cad7-4367-9546-c10752cc6189,53f4d557-cad7-4367-9546-c10752cc6189,,TCGA-B6-A0IM-01A-11W-A050-09,TCGA-B6-A0IM-01,,,TCGA-B6-A0IM-01,TCGA-B6-A0IM-01A-11W-A050-09,TCGA-B6-A0IM-01A-11D-A032-05,TCGA-B6-A0IM-01,,TCGA-B6-A0IM-01A-11W-A050-09,TCGA-B6-A0IM-01,53f4d557-cad7-4367-9546-c10752cc6189,TCGA-B6-A0IM-01,TCGA-B6-A0IM-01A-11D-A036-01,,TCGA-B6-A0IM-01A-11R-A034-07,53f4d557-cad7-4367-9546-c10752cc6189,TCGA-B6-A0IM-01A-11D-A036-01,TCGA-B6-A0IM-01,TCGA-B6-A0IM-01,127.86666666666666,0,Stage IIB,LumA,0
TCGA-B6-A0IN-01,,45.0,3.0,No_Conversion,2573.0,2573.0,Positive,FEMALE,,,,,,,Negative,N0,2573.0,1.0,LumB,Luminal A,Negative,,-2.0,-3.0,followup,T1,T1,DECEASED,TCGA-B6-A0IN-01,Kirc+,C3-BRCA/Luminal,cluster 4,BRCA CIMP c7,,BRCA nonbasal-like c7,miRNA cluster 6,cluster 1,mutation c1uster 9,TCGA-B6-A0IN,TCGA Breast Cancer (BRCA),breast invasive carcinoma,Breast,YES,,NO,,45.0,Right Upper Outer Quadrant|Right,No axillary staging,,TCGA-B6-A0IN-F12625,TCGA-B6-A0IN,TCGA-B6-A0IN-01A,Negative,Positive,,,,Modified radical mastectomy,Negative,Other,,NO,,,-16705.0,5073.0,2573.0,0.0,,,,1412,,,Image Analysis,,,Scheduled Follow-up Submission,2011-6-2,FEMALE,,,,,,,,,,"Other, specify",,No,,C50.9,8523/3,C50.9,,YES,,Fine needle aspiration biopsy,20.0,NO,,,,,Positive,Indeterminate (neither Pre or Postmenopausal),,,,,,,,,,,,,,,,,,,,4.0,1.0,,,,"Other, specify",Distant Metastasis,"bone, brain",,YES,,,True,No,MX,NX,T1c,Stage X,TCGA-B6-A0IN.267F1EFD-AB89-4124-B803-00CC0E8E9CD2.pdf,A0IN,WITH TUMOR,Image Analysis,,,,,,,,,NO,Primary Tumor,1,Excisional biopsy,4th,YES,NO,YES,B6,Breast,A,DECEASED,1996.0,4eaae575-d631-4e2e-8e70-4b4e0a429d74,4eaae575-d631-4e2e-8e70-4b4e0a429d74,,TCGA-B6-A0IN-01A-11W-A050-09,TCGA-B6-A0IN-01,,,TCGA-B6-A0IN-01,TCGA-B6-A0IN-01A-11W-A050-09,TCGA-B6-A0IN-01A-11D-A032-05,TCGA-B6-A0IN-01,,TCGA-B6-A0IN-01A-11W-A050-09,TCGA-B6-A0IN-01,4eaae575-d631-4e2e-8e70-4b4e0a429d74,TCGA-B6-A0IN-01,TCGA-B6-A0IN-01A-11D-A036-01,,TCGA-B6-A0IN-01A-11R-A034-07,4eaae575-d631-4e2e-8e70-4b4e0a429d74,TCGA-B6-A0IN-01A-11D-A036-01,TCGA-B6-A0IN-01,TCGA-B6-A0IN-01,85.76666666666667,1,,LumB,0
TCGA-B6-A0IO-01,Stage IIA,66.0,3.0,Stage IIA,3350.0,,Positive,FEMALE,Negative,3.0,3.0,3.0,Negative,M0,Negative,N0,3350.0,0.0,LumA,Luminal A,Indeterminate,X,0.0,-3.0,followup,T_Other,T2,LIVING,TCGA-B6-A0IO-01,High,C3-BRCA/Luminal,cluster 2,BRCA non-CIMP c9,BRCA nonbasal-like c8,BRCA nonbasal-like c7,miRNA cluster 6,cluster 1,mutation c1uster 9,TCGA-B6-A0IO,TCGA Breast Cancer (BRCA),breast invasive carcinoma,Breast,,,,,66.0,Left,Axillary lymph node dissection alone,,TCGA-B6-A0IO-F71503,TCGA-B6-A0IO,,,Positive,,,,,Indeterminate,Modified Radical Mastectomy,,NO,,,-24322.0,,,0.0,5042.0,,,,,,Image Analysis,,,Scheduled Follow-up Submission,2015-3-26,FEMALE,,,,,,,,,,Infiltrating Ductal Carcinoma,,No,,C50.9,8500/3,C50.9,,YES,,Core needle biopsy,,,,,NO,17.0,Negative,Indeterminate (neither Pre or Postmenopausal),,,,,,,,,,,,,,,,,,,,2.0,1.0,,,,,,,,NO,0.0,,,No,M0,N0 (i-),T2,Stage IIA,,A0IO,TUMOR FREE,Image Analysis,,,,,YES,,,,NO,Primary Tumor,1,,,YES,NO,YES,B6,Breast,,LIVING,2001.0,e7a1527b-dbaf-48ae-a322-e54efd36985d,e7a1527b-dbaf-48ae-a322-e54efd36985d,TCGA-B6-A0IO-01A-21-A13B-20,TCGA-B6-A0IO-01A-11W-A050-09,TCGA-B6-A0IO-01,,f7075f2f-6892-4338-b042-1c48529275bd,TCGA-B6-A0IO-01,TCGA-B6-A0IO-01A-11W-A050-09,TCGA-B6-A0IO-01A-11D-A032-05,TCGA-B6-A0IO-01,,TCGA-B6-A0IO-01A-11W-A050-09,TCGA-B6-A0IO-01,e7a1527b-dbaf-48ae-a322-e54efd36985d,TCGA-B6-A0IO-01,TCGA-B6-A0IO-01A-11D-A036-01,,TCGA-B6-A0IO-01A-11R-A034-07,e7a1527b-dbaf-48ae-a322-e54efd36985d,TCGA-B6-A0IO-01A-11D-A036-01,TCGA-B6-A0IO-01,TCGA-B6-A0IO-01,111.66666666666667,0,Stage IIA,LumA,0
TCGA-B6-A0IP-01,Stage IA,74.0,2.0,Stage I,3374.0,,Positive,FEMALE,Negative,,,,Negative,M0,Negative,N0,3374.0,0.0,LumA,Luminal A,Positive,,-5.0,0.0,followup,T1,T1,LIVING,TCGA-B6-A0IP-01,Iq,C3-BRCA/Luminal,cluster 4,BRCA CIMP c7,,BRCA nonbasal-like c7,miRNA cluster 14,cluster 2,mutation cluster 4,TCGA-B6-A0IP,TCGA Breast Cancer (BRCA),breast invasive carcinoma,Breast,,,,,74.0,Left Upper Outer Quadrant,Axillary lymph node dissection alone,,TCGA-B6-A0IP-F71501,TCGA-B6-A0IP,TCGA-B6-A0IP-01A,,Positive,,,,,Positive,Modified Radical Mastectomy,,NO,,,-27047.0,4565.0,3926.0,0.0,3374.0,,,,,,IMAGE ALYSIS,,,Scheduled Follow-up Submission,2015-3-26,FEMALE,,,,,,,,,,Infiltrating Lobular Carcinoma,,No,,C50.9,8520/3,C50.9,,YES,,Fine needle aspiration biopsy,80.0,NO,,,NO,16.0,Negative,Post (prior bilateral ovariectomy OR >12 mo since LMP with no prior hysterectomy),,,,,,,,,,,,,,,,,,,,4.0,2.0,,,,,,,,NO,0.0,,True,No,M0,N0 (i-),T1c,Stage IA,TCGA-B6-A0IP.6C91D49C-9738-4A4F-A480-E71CD8EE5268.pdf,A0IP,TUMOR FREE,IMAGE ALYSIS,,,,,,YES,,,NO,Primary Tumor,1,,,NO,NO,YES,B6,Breast,A,DECEASED,1997.0,9384eb09-5787-49e8-b07e-bd9f71997771,9384eb09-5787-49e8-b07e-bd9f71997771,,TCGA-B6-A0IP-01A-11D-A045-09,TCGA-B6-A0IP-01,,,TCGA-B6-A0IP-01,TCGA-B6-A0IP-01A-11D-A045-09,TCGA-B6-A0IP-01A-11D-A032-05,TCGA-B6-A0IP-01,,TCGA-B6-A0IP-01A-11D-A045-09,TCGA-B6-A0IP-01,9384eb09-5787-49e8-b07e-bd9f71997771,TCGA-B6-A0IP-01,TCGA-B6-A0IP-01A-11D-A036-01,,TCGA-B6-A0IP-01A-11R-A034-07,9384eb09-5787-49e8-b07e-bd9f71997771,TCGA-B6-A0IP-01A-11D-A036-01,TCGA-B6-A0IP-01,TCGA-B6-A0IP-01,112.46666666666667,0,Stage IA,LumA,0
TCGA-B6-A0IQ-01,Stage IIIA,40.0,1.0,No_Conversion,4284.0,,Negative,FEMALE,Negative,2.0,2.0,2.0,Negative,M0,Positive,N1,4284.0,0.0,Basal,Basal-like,Negative,Basal,-13.0,-12.0,followup,T_Other,T3,LIVING,TCGA-B6-A0IQ-01,High,C4-BRCA/Basal,cluster 5,BRCA basal-like c8,BRCA basal-like c6,BRCA basal-like c8,miRNA cluster 7,cluster 5,mutation cluster 5,TCGA-B6-A0IQ,TCGA Breast Cancer (BRCA),breast invasive carcinoma,Breast,,,,,40.0,Left Upper Outer Quadrant|Left,Axillary lymph node dissection alone,,TCGA-B6-A0IQ-F12629,TCGA-B6-A0IQ,TCGA-B6-A0IQ-01A,,Negative,,,,,Negative,Modified Radical Mastectomy,,NO,,,-14669.0,5238.0,,0.0,4285.0,,,,,,Image Analysis,,,Scheduled Follow-up Submission,2011-6-2,FEMALE,,,,,,,,,,Infiltrating Ductal Carcinoma,,No,,C50.9,8500/3,C50.9,,YES,"Biopsy, NOS","Other method, specify:",210.0,NO,,,,26.0,Negative,Indeterminate (neither Pre or Postmenopausal),,,,,,,,,,,,,,,,,,,,5.0,5.0,,,,,,,,NO,1.0,,True,No,M0,N1b,T3,Stage IIIA,TCGA-B6-A0IQ.0ED7357E-662C-4D65-82ED-29739919068F.pdf,A0IQ,TUMOR FREE,Image Analysis,,,,,,,,,YES,Primary Tumor,1,,4th,YES,NO,YES,B6,Breast,A,LIVING,1996.0,2e9c893c-1d72-49a7-8755-1ede20b26fcf,2e9c893c-1d72-49a7-8755-1ede20b26fcf,TCGA-B6-A0IQ-01A-21-A13B-20,TCGA-B6-A0IQ-01A-11W-A050-09,TCGA-B6-A0IQ-01,,940d8074-3223-49f6-8d86-d50e9ae69c9b,TCGA-B6-A0IQ-01,TCGA-B6-A0IQ-01A-11W-A050-09,TCGA-B6-A0IQ-01A-11D-A032-05,TCGA-B6-A0IQ-01,,TCGA-B6-A0IQ-01A-11W-A050-09,TCGA-B6-A0IQ-01,2e9c893c-1d72-49a7-8755-1ede20b26fcf,TCGA-B6-A0IQ-01,TCGA-B6-A0IQ-01A-11D-A036-01,,TCGA-B6-A0IQ-01A-11R-A034-07,2e9c893c-1d72-49a7-8755-1ede20b26fcf,TCGA-B6-A0IQ-01A-11D-A036-01,TCGA-B6-A0IQ-01,TCGA-B6-A0IQ-01,142.8,0,Stage IIIA,Basal,0
TCGA-B6-A0RE-01,,61.0,1.0,No_Conversion,6434.0,,Negative,FEMALE,Negative,,,,Negative,M0,Negative,N0,6434.0,0.0,Basal,Basal-like,Negative,,-13.0,-12.0,followup,,TX,LIVING,TCGA-B6-A0RE-01,High,C4-BRCA/Basal,cluster 5,BRCA basal-like c8,,BRCA basal-like c8,miRNA cluster 4,cluster 4,mutation cluster 5,TCGA-B6-A0RE,TCGA Breast Cancer (BRCA),breast invasive carcinoma,Breast,,,,,61.0,Right Upper Outer Quadrant|Right,Axillary lymph node dissection alone,,TCGA-B6-A0RE-F71507,TCGA-B6-A0RE,,,Negative,,,,,Negative,Modified Radical Mastectomy,,NO,,,-22449.0,,,0.0,7777.0,,,,,,,,,Scheduled Follow-up Submission,2015-3-26,FEMALE,,,,,,,,,,Infiltrating Ductal Carcinoma,,No,,C50.9,8500/3,C50.9,,YES,,"Other method, specify:",,,,,NO,14.0,Negative,Indeterminate (neither Pre or Postmenopausal),,,,,,,,,,,,,,,,,,,,5.0,4.0,,,,,,,,NO,0.0,,,No,M0,N0 (i-),TX,Stage X,,A0RE,TUMOR FREE,,,,,,NO,,,,YES,Primary Tumor,1,,,NO,NO,YES,B6,Breast,,LIVING,1989.0,ad46ed65-3cc2-4956-9d90-3e1edca24417,ad46ed65-3cc2-4956-9d90-3e1edca24417,,TCGA-B6-A0RE-01A-11W-A071-09,TCGA-B6-A0RE-01,TCGA-B6-A0RE-01A-11D-A10P-05,,TCGA-B6-A0RE-01,TCGA-B6-A0RE-01A-11W-A071-09,,TCGA-B6-A0RE-01,,TCGA-B6-A0RE-01A-11W-A071-09,TCGA-B6-A0RE-01,ad46ed65-3cc2-4956-9d90-3e1edca24417,TCGA-B6-A0RE-01,TCGA-B6-A0RE-01A-11D-A059-01,,TCGA-B6-A0RE-01A-11R-A056-07,ad46ed65-3cc2-4956-9d90-3e1edca24417,TCGA-B6-A0RE-01A-11D-A059-01,TCGA-B6-A0RE-01,TCGA-B6-A0RE-01,214.46666666666667,0,,Basal,0
TCGA-B6-A0RG-01,Stage IIB,26.0,2.0,Stage IIB,2082.0,,Negative,FEMALE,Negative,3.0,3.0,3.0,Negative,M0,Negative,N0,2082.0,0.0,LumA,Luminal A,Negative,ReacII,0.0,-3.0,followup,T_Other,T3,LIVING,TCGA-B6-A0RG-01,High,C3-BRCA/Luminal,cluster 2,BRCA non-CIMP c9,BRCA nonbasal-like c8,BRCA nonbasal-like c7,miRNA cluster 3,cluster 4,mutation cluster 4,TCGA-B6-A0RG,TCGA Breast Cancer (BRCA),breast invasive carcinoma,Breast,,,,,26.0,Left,Axillary lymph node dissection alone,,TCGA-B6-A0RG-F13793,TCGA-B6-A0RG,TCGA-B6-A0RG-01A,,Negative,,,,,Negative,Lumpectomy,,NO,,,-9840.0,6869.0,,0.0,2082.0,,,,,,IHC,,,Scheduled Follow-up Submission,2011-7-12,FEMALE,,,,,,,,,,Infiltrating Ductal Carcinoma,,No,,C50.9,8500/3,C50.9,,YES,"Biopsy, NOS","Other method, specify:",160.0,NO,,,,19.0,Negative,Indeterminate (neither Pre or Postmenopausal),,,,,,,,,,,,,,,,,,,,2.0,4.0,,,,,,,,NO,0.0,,True,No,M0,N0 (i-),T3,Stage IIB,TCGA-B6-A0RG.0429FA9A-AD19-424C-94ED-1A902119E559.pdf,A0RG,TUMOR FREE,IHC,,,,,,,,,NO,Primary Tumor,1,,4th,YES,NO,YES,B6,Breast,A,LIVING,1991.0,006e88ce-ad31-45bf-8da5-802f0e387b3a,006e88ce-ad31-45bf-8da5-802f0e387b3a,TCGA-B6-A0RG-01A-21-A13C-20,TCGA-B6-A0RG-01A-11W-A071-09,TCGA-B6-A0RG-01,TCGA-B6-A0RG-01A-11D-A10P-05,5da7a020-3d19-499b-9941-2028de5c5a3e,TCGA-B6-A0RG-01,TCGA-B6-A0RG-01A-11W-A071-09,,TCGA-B6-A0RG-01,,TCGA-B6-A0RG-01A-11W-A071-09,TCGA-B6-A0RG-01,006e88ce-ad31-45bf-8da5-802f0e387b3a,TCGA-B6-A0RG-01,TCGA-B6-A0RG-01A-11D-A059-01,,TCGA-B6-A0RG-01A-11R-A056-07,006e88ce-ad31-45bf-8da5-802f0e387b3a,TCGA-B6-A0RG-01A-11D-A059-01,TCGA-B6-A0RG-01,TCGA-B6-A0RG-01,69.4,0,Stage IIB,LumA,0
TCGA-B6-A0RH-01,Stage IIA,51.0,2.0,Stage IIA,5748.0,,Positive,FEMALE,Positive,3.0,3.0,3.0,Negative,M0,Negative,N0,5748.0,0.0,Her2,HER2-enriched,Positive,ReacII,-1.0,-5.0,followup,T_Other,T2,LIVING,TCGA-B6-A0RH-01,High,C3-BRCA/Luminal,cluster 2,BRCA non-CIMP c9,BRCA basal-like c6,BRCA nonbasal-like c7,miRNA cluster 4,cluster 6,mutation cluster 3,TCGA-B6-A0RH,TCGA Breast Cancer (BRCA),breast invasive carcinoma,Breast,YES,YES,YES,,51.0,Left Lower Inner Quadrant,Axillary lymph node dissection alone,,TCGA-B6-A0RH-F71512,TCGA-B6-A0RH,TCGA-B6-A0RH-01A,Negative,Positive,,,,,Positive,Modified Radical Mastectomy,,NO,,2268.0,-18759.0,6821.0,6456.0,0.0,5749.0,,,2165,,,Immunohistochemistry,,,Scheduled Follow-up Submission,2015-3-26,FEMALE,,,,,,,,,,Infiltrating Ductal Carcinoma,,No,,C50.9,8500/3,C50.9,,YES,,Incisional Biopsy,130.0,NO,,,NO,23.0,Positive,Indeterminate (neither Pre or Postmenopausal),,,,,,,,,,,,,,,,,,,,2.0,6.0,,,,"Other, specify",Locoregional Disease,Chest Wall,,NO,0.0,,True,No,M0,N0 (i-),T2,Stage IIA,TCGA-B6-A0RH.3801F39A-6F4B-40C0-9625-9E0818266819.pdf,A0RH,TUMOR FREE,Immunohistochemistry,,,,,YES,YES,,,NO,Primary Tumor,1,,6th,YES,NO,YES,B6,Breast,A,DECEASED,1991.0,d40f62c9-c134-4477-98d7-11d343b5e867,d40f62c9-c134-4477-98d7-11d343b5e867,TCGA-B6-A0RH-01A-11-A13C-20,TCGA-B6-A0RH-01A-21D-A10Y-09,TCGA-B6-A0RH-01,,90975b3f-f130-4032-804a-88f06b0d3147,TCGA-B6-A0RH-01,TCGA-B6-A0RH-01A-21D-A10Y-09,TCGA-B6-A0RH-01A-21D-A112-05,TCGA-B6-A0RH-01,TCGA-B6-A0RH-01,TCGA-B6-A0RH-01A-21D-A10Y-09,,d40f62c9-c134-4477-98d7-11d343b5e867,,TCGA-B6-A0RH-01A-21D-A111-01,TCGA-B6-A0RH-01,TCGA-B6-A0RH-01A-21R-A115-07,d40f62c9-c134-4477-98d7-11d343b5e867,TCGA-B6-A0RH-01A-21D-A111-01,TCGA-B6-A0RH-01,TCGA-B6-A0RH-01,191.6,0,Stage IIA,Her2,0
TCGA-B6-A0RI-01,Stage IIIB,44.0,2.0,No_Conversion,7125.0,,Positive,FEMALE,Negative,,,,Negative,M0,Positive,N1,7125.0,0.0,LumA,Luminal A,Positive,,-7.0,-3.0,followup,T_Other,T4,LIVING,TCGA-B6-A0RI-01,Iq,C3-BRCA/Luminal,cluster 2,BRCA non-CIMP c9,,BRCA nonbasal-like c7,miRNA cluster 4,cluster 4,mutation c1uster 9,TCGA-B6-A0RI,TCGA Breast Cancer (BRCA),breast invasive carcinoma,Breast,YES,YES,YES,,44.0,Right Upper Outer Quadrant|Right,Axillary lymph node dissection alone,,TCGA-B6-A0RI-F13795,TCGA-B6-A0RI,TCGA-B6-A0RI-01A,,Positive,,,,,Positive,Modified Radical Mastectomy,,NO,,1100.0,-16138.0,6755.0,,0.0,7126.0,,,1100,,,IHC,,,Scheduled Follow-up Submission,2011-7-12,FEMALE,,,,,,,,,,Infiltrating Ductal Carcinoma,,No,,C50.9,8500/3,C50.9,,YES,"Biopsy, NOS","Other method, specify:",50.0,NO,,,,15.0,Negative,Indeterminate (neither Pre or Postmenopausal),105 fmol/mg,,,image cytometry,Positive,,,,,Other Reporting Scale,,,,,,image cytometry,Positive,,,2.0,4.0,,,Other Reporting Scale,"Other, specify",Locoregional Disease,Chest Wall,,YES,6.0,,True,No,M0,N1b,T4b,Stage IIIB,TCGA-B6-A0RI.F2B21F52-74F4-44C5-9991-60EBCC4E43A6.pdf,A0RI,WITH TUMOR,IHC,,133 fmol/mg,,,,,,,YES,Primary Tumor,1,,3rd,YES,NO,YES,B6,Breast,A,LIVING,1992.0,6f5986b6-28b9-4213-97a9-899190ea36dd,6f5986b6-28b9-4213-97a9-899190ea36dd,,TCGA-B6-A0RI-01A-11W-A071-09,TCGA-B6-A0RI-01,TCGA-B6-A0RI-01A-11D-A10P-05,,TCGA-B6-A0RI-01,TCGA-B6-A0RI-01A-11W-A071-09,,TCGA-B6-A0RI-01,,TCGA-B6-A0RI-01A-11W-A071-09,TCGA-B6-A0RI-01,6f5986b6-28b9-4213-97a9-899190ea36dd,TCGA-B6-A0RI-01,TCGA-B6-A0RI-01A-11D-A059-01,,TCGA-B6-A0RI-01A-11R-A056-07,6f5986b6-28b9-4213-97a9-899190ea36dd,TCGA-B6-A0RI-01A-11D-A059-01,TCGA-B6-A0RI-01,TCGA-B6-A0RI-01,237.5,0,Stage IIIB,LumA,0
TCGA-B6-A0RL-01,Stage IIA,60.0,2.0,Stage IIA,2469.0,2469.0,Positive,FEMALE,Negative,4.0,3.0,4.0,Negative,M0,Negative,N0,2469.0,1.0,LumB,Luminal B,Positive,LumA/B,-10.0,-3.0,followup,T_Other,T2,DECEASED,TCGA-B6-A0RL-01,High,C3-BRCA/Luminal,cluster 3,BRCA CIMP c7,BRCA nonbasal-like c8,BRCA nonbasal-like c7,miRNA cluster 12,cluster 5,mutation c1uster 10,TCGA-B6-A0RL,TCGA Breast Cancer (BRCA),breast invasive carcinoma,Breast,,,,,60.0,Left,Axillary lymph node dissection alone,,TCGA-B6-A0RL-F13796,TCGA-B6-A0RL,TCGA-B6-A0RL-01A,,Positive,,,,,Positive,Modified Radical Mastectomy,,NO,,,-22238.0,6336.0,2469.0,0.0,,,,,,,Image Analysis,,,Scheduled Follow-up Submission,2011-7-12,FEMALE,,,,,,,,,,Infiltrating Ductal Carcinoma,,No,,C50.9,8500/3,C50.9,,YES,,Fine needle aspiration biopsy,170.0,NO,,,,16.0,Negative,,,,,,,,,,,,,,,,,,,,,3.0,5.0,,,,,,,,NO,0.0,,True,No,M0,N0 (i-),T2,Stage IIA,TCGA-B6-A0RL.6C50D456-A828-4514-92D2-01A5900B74F1.pdf,A0RL,TUMOR FREE,Image Analysis,,,,,,,,,NO,Primary Tumor,1,,4th,YES,NO,YES,B6,Breast,A,DECEASED,1993.0,0e704d8f-c0c0-4165-83c4-a1fa93014894,0e704d8f-c0c0-4165-83c4-a1fa93014894,TCGA-B6-A0RL-01A-21-A13C-20,TCGA-B6-A0RL-01A-11D-A099-09,TCGA-B6-A0RL-01,TCGA-B6-A0RL-01A-11D-A10P-05,0ca6a866-1fd5-4144-80a9-01cc7f7caa9c,TCGA-B6-A0RL-01,,,TCGA-B6-A0RL-01,,TCGA-B6-A0RL-01A-11D-A099-09,TCGA-B6-A0RL-01,0e704d8f-c0c0-4165-83c4-a1fa93014894,TCGA-B6-A0RL-01,TCGA-B6-A0RL-01A-11D-A087-01,,TCGA-B6-A0RL-01A-11R-A084-07,0e704d8f-c0c0-4165-83c4-a1fa93014894,TCGA-B6-A0RL-01A-11D-A087-01,TCGA-B6-A0RL-01,TCGA-B6-A0RL-01,82.3,1,Stage IIA,LumB,0
TCGA-B6-A0RM-01,,57.0,4.0,No_Conversion,2373.0,2373.0,Positive,FEMALE,Negative,3.0,3.0,3.0,,,Negative,N0,2373.0,1.0,LumA,Luminal A,Positive,LumA,-10.0,-3.0,followup,,TX,DECEASED,TCGA-B6-A0RM-01,Kirc+,C3-BRCA/Luminal,cluster 2,BRCA non-CIMP c9,BRCA nonbasal-like c8,BRCA nonbasal-like c7,miRNA cluster 14,cluster 2,mutation c1uster 9,TCGA-B6-A0RM,TCGA Breast Cancer (BRCA),breast invasive carcinoma,Breast,,,,,57.0,Left,No axillary staging,,TCGA-B6-A0RM-F13797,TCGA-B6-A0RM,TCGA-B6-A0RM-01A,,Positive,,,,,Positive,,,NO,,,-21047.0,6279.0,2373.0,0.0,,,,,,,Image Analysis,,,Scheduled Follow-up Submission,2011-7-12,FEMALE,,,,,,,,,,Infiltrating Ductal Carcinoma,,No,,C50.9,8500/3,C50.9,,YES,"Biopsy, NOS","Other method, specify:",160.0,NO,,,,0.0,,Indeterminate (neither Pre or Postmenopausal),,,,,,,,,,,,,,,,,,,,2.0,2.0,,,,,,,,NO,,,True,No,MX,NX,TX,Stage X,TCGA-B6-A0RM.EC8093CD-66E7-4466-99AD-B2A6B93526FD.pdf,A0RM,TUMOR FREE,Image Analysis,,,,,,,,,NO,Primary Tumor,1,,4th,NO,NO,YES,B6,Breast,A,DECEASED,1993.0,17fdb26d-d808-4b0d-a794-6b664dae8b2b,17fdb26d-d808-4b0d-a794-6b664dae8b2b,TCGA-B6-A0RM-01A-21-A13C-20,TCGA-B6-A0RM-01A-11D-A099-09,TCGA-B6-A0RM-01,TCGA-B6-A0RM-01A-11D-A10P-05,10cf7b61-7523-4c17-a786-618537217cff,TCGA-B6-A0RM-01,,,TCGA-B6-A0RM-01,,TCGA-B6-A0RM-01A-11D-A099-09,TCGA-B6-A0RM-01,17fdb26d-d808-4b0d-a794-6b664dae8b2b,TCGA-B6-A0RM-01,TCGA-B6-A0RM-01A-11D-A087-01,,TCGA-B6-A0RM-01A-11R-A084-07,17fdb26d-d808-4b0d-a794-6b664dae8b2b,TCGA-B6-A0RM-01A-11D-A087-01,TCGA-B6-A0RM-01,TCGA-B6-A0RM-01,79.1,1,,LumA,0
TCGA-B6-A0RN-01,Stage IA,60.0,2.0,Stage I,5261.0,,Negative,FEMALE,Negative,1.0,4.0,3.0,Negative,M0,Negative,N0,5261.0,0.0,LumA,Luminal A,Negative,ReacI,-5.0,-3.0,followup,T1,T1,LIVING,TCGA-B6-A0RN-01,Iq,C3-BRCA/Luminal,cluster 4,BRCA CIMP c7,BRCA nonbasal-like c8,BRCA nonbasal-like c7,miRNA cluster 14,cluster 2,mutation cluster 4,TCGA-B6-A0RN,TCGA Breast Cancer (BRCA),breast invasive carcinoma,Breast,,,,,60.0,Right Upper Inner Quadrant|Right,Axillary lymph node dissection alone,,TCGA-B6-A0RN-F71514,TCGA-B6-A0RN,TCGA-B6-A0RN-01A,,Negative,,,,,Negative,Modified Radical Mastectomy,,NO,,,-22077.0,6286.0,,0.0,8008.0,,,,,,Image Analysis,,,Scheduled Follow-up Submission,2015-3-26,FEMALE,,,,,,,,,,Infiltrating Ductal Carcinoma,,No,,C50.9,8500/3,C50.9,,YES,"Biopsy, NOS","Other method, specify:",130.0,NO,,,NO,19.0,Negative,Post (prior bilateral ovariectomy OR >12 mo since LMP with no prior hysterectomy),,,,,,,,,,,,,,,,,,,,4.0,2.0,,,,,,,,NO,0.0,,True,No,M0,N0 (i-),T1c,Stage IA,TCGA-B6-A0RN.5F08632D-BC1D-4414-80C1-75F67F3A07AF.pdf,A0RN,TUMOR FREE,Image Analysis,,,,,YES,,,,YES,Primary Tumor,1,,,YES,NO,YES,B6,Breast,A,LIVING,1993.0,c417152a-d278-4aeb-951e-a7b6ae5654c1,c417152a-d278-4aeb-951e-a7b6ae5654c1,TCGA-B6-A0RN-01A-21-A13C-20,TCGA-B6-A0RN-01A-12D-A099-09,TCGA-B6-A0RN-01,TCGA-B6-A0RN-01A-12D-A10P-05,734fdc04-4666-4ae2-898f-d375c47eb33b,TCGA-B6-A0RN-01,TCGA-B6-A0RN-01A-12D-A099-09,,TCGA-B6-A0RN-01,,TCGA-B6-A0RN-01A-12D-A099-09,TCGA-B6-A0RN-01,c417152a-d278-4aeb-951e-a7b6ae5654c1,TCGA-B6-A0RN-01,TCGA-B6-A0RN-01A-12D-A087-01,,TCGA-B6-A0RN-01A-12R-A084-07,c417152a-d278-4aeb-951e-a7b6ae5654c1,TCGA-B6-A0RN-01A-12D-A087-01,TCGA-B6-A0RN-01,TCGA-B6-A0RN-01,175.36666666666667,0,Stage IA,LumA,0
TCGA-B6-A0RO-01,Stage IIIB,71.0,3.0,No_Conversion,4928.0,,Positive,FEMALE,Negative,3.0,3.0,3.0,Negative,M0,Positive,N1,4928.0,0.0,LumA,Luminal A,Positive,ReacI,0.0,-3.0,followup,T_Other,T4,LIVING,TCGA-B6-A0RO-01,BRCA-LUAD+,C3-BRCA/Luminal,cluster 2,BRCA non-CIMP c9,BRCA nonbasal-like c8,BRCA nonbasal-like c7,miRNA cluster 6,cluster 1,mutation cluster 4,TCGA-B6-A0RO,TCGA Breast Cancer (BRCA),breast invasive carcinoma,Breast,,,,,71.0,Right,Axillary lymph node dissection alone,,TCGA-B6-A0RO-F13799,TCGA-B6-A0RO,TCGA-B6-A0RO-01A,,Positive,,,,,Positive,Modified Radical Mastectomy,,NO,,,-26269.0,6035.0,,0.0,4929.0,,,,,,Image Analysis,,,Scheduled Follow-up Submission,2011-7-12,FEMALE,,,,,,,,,,Infiltrating Ductal Carcinoma,,No,,C50.9,8500/3,C50.9,,YES,"Biopsy, NOS","Other method, specify:",140.0,NO,,,,17.0,Negative,Post (prior bilateral ovariectomy OR >12 mo since LMP with no prior hysterectomy),,,,,,,,,,,,,,,,,,,,2.0,1.0,,,,,,,,NO,2.0,,True,No,M0,N1a,T4,Stage IIIB,TCGA-B6-A0RO.EFA0354A-641D-4EC2-A1BE-4ACC7CE421DF.pdf,A0RO,TUMOR FREE,Image Analysis,,,,,,,,,NO,Primary Tumor,1,,4th,YES,NO,YES,B6,Breast,A,LIVING,1993.0,d99fef01-1eb5-4300-8031-d5a157fd5b28,d99fef01-1eb5-4300-8031-d5a157fd5b28,TCGA-B6-A0RO-01A-11-A13C-20,TCGA-B6-A0RO-01A-22D-A099-09,TCGA-B6-A0RO-01,TCGA-B6-A0RO-01A-22D-A10P-05,02857059-5b3e-4a7a-a0e0-93ee7f90cfff,TCGA-B6-A0RO-01,TCGA-B6-A0RO-01A-22D-A099-09,,TCGA-B6-A0RO-01,,TCGA-B6-A0RO-01A-22D-A099-09,TCGA-B6-A0RO-01,d99fef01-1eb5-4300-8031-d5a157fd5b28,TCGA-B6-A0RO-01,TCGA-B6-A0RO-01A-22D-A087-01,,TCGA-B6-A0RO-01A-22R-A084-07,d99fef01-1eb5-4300-8031-d5a157fd5b28,TCGA-B6-A0RO-01A-22D-A087-01,TCGA-B6-A0RO-01,TCGA-B6-A0RO-01,164.26666666666668,0,Stage IIIB,LumA,0
TCGA-B6-A0RP-01,Stage IIIB,73.0,4.0,No_Conversion,3126.0,3126.0,Positive,FEMALE,Negative,3.0,3.0,3.0,Negative,M0,Positive,N1,3126.0,1.0,LumA,Luminal A,Positive,LumA,-12.0,-4.0,followup,T_Other,T2,DECEASED,TCGA-B6-A0RP-01,BRCA-LUAD+,C3-BRCA/Luminal,cluster 2,BRCA non-CIMP c9,BRCA nonbasal-like c8,BRCA nonbasal-like c7,miRNA cluster 4,cluster 4,mutation cluster 4,TCGA-B6-A0RP,TCGA Breast Cancer (BRCA),breast invasive carcinoma,Breast,YES,NO,NO,,73.0,Left Upper Outer Quadrant|Left,Axillary lymph node dissection alone,,TCGA-B6-A0RP-F13786,TCGA-B6-A0RP,,Negative,Positive,,,,Modified radical mastectomy,Positive,Lumpectomy,,NO,,,-26941.0,,3126.0,0.0,,,,2787,,,Image Analysis,,,Scheduled Follow-up Submission,2011-7-12,FEMALE,,,,,,,,,,Mixed Histology (please specify),ductal/lobular,No,,C50.9,8522/3,C50.9,,YES,"Biopsy, NOS","Other method, specify:",,,,,,15.0,Positive,Post (prior bilateral ovariectomy OR >12 mo since LMP with no prior hysterectomy),,,,,,,,,,,,,,,,,,,,2.0,4.0,,,,Bone,Distant Metastasis,,,YES,2.0,,,No,M0,N1b,T2,[Discrepancy],,A0RP,WITH TUMOR,Image Analysis,,,,,,,,,NO,Primary Tumor,1,,4th,YES,NO,YES,B6,Breast,,DECEASED,1994.0,a77173cb-3e81-4957-a76f-18824d5e06dd,a77173cb-3e81-4957-a76f-18824d5e06dd,TCGA-B6-A0RP-01A-11-A13C-20,TCGA-B6-A0RP-01A-21D-A099-09,TCGA-B6-A0RP-01,TCGA-B6-A0RP-01A-21D-A10P-05,ac2921f3-13fa-457b-b436-1da8977a163c,TCGA-B6-A0RP-01,TCGA-B6-A0RP-01A-21D-A099-09,,TCGA-B6-A0RP-01,,TCGA-B6-A0RP-01A-21D-A099-09,TCGA-B6-A0RP-01,a77173cb-3e81-4957-a76f-18824d5e06dd,TCGA-B6-A0RP-01,TCGA-B6-A0RP-01A-21D-A087-01,,TCGA-B6-A0RP-01A-21R-A084-07,a77173cb-3e81-4957-a76f-18824d5e06dd,TCGA-B6-A0RP-01A-21D-A087-01,TCGA-B6-A0RP-01,TCGA-B6-A0RP-01,104.2,1,Stage IIIB,LumA,0
TCGA-B6-A0RQ-01,Stage IIB,68.0,1.0,Stage IIB,,4273.0,Positive,FEMALE,Negative,3.0,4.0,3.0,Negative,M0,Negative,N0,4273.0,1.0,Normal,Luminal A,Positive,ReacI,-5.0,-7.0,followup,T_Other,T3,DECEASED,TCGA-B6-A0RQ-01,Quiet,C3-BRCA/Luminal,cluster 1,BRCA non-CIMP c9,BRCA nonbasal-like c8,BRCA nonbasal-like c7,miRNA cluster 4,cluster 6,mutation cluster 4,TCGA-B6-A0RQ,TCGA Breast Cancer (BRCA),breast invasive carcinoma,Breast,,,,,68.0,Right Upper Outer Quadrant|Right,Axillary lymph node dissection alone,,TCGA-B6-A0RQ-F13787,TCGA-B6-A0RQ,TCGA-B6-A0RQ-01A,Negative,Positive,,,,,Positive,Other,,NO,,,-25010.0,5890.0,4267.0,0.0,,,,,,,Image Analysis,,,Scheduled Follow-up Submission,2011-7-12,FEMALE,,,,,,,,,,Infiltrating Lobular Carcinoma,,No,,C50.9,8520/3,C50.9,,YES,,Fine needle aspiration biopsy,160.0,NO,,,,14.0,,Post (prior bilateral ovariectomy OR >12 mo since LMP with no prior hysterectomy),,,,,,,,,,,,,,,,,,,,1.0,6.0,,,,,,,,NO,0.0,,True,No,M0,N0 (i-),T3,Stage IIB,TCGA-B6-A0RQ.46B892B9-82C8-4305-BCB9-805F6F5FC90A.pdf,A0RQ,TUMOR FREE,Image Analysis,,,,,,YES,,,NO,Primary Tumor,1,excisional biopsy,4th,YES,NO,YES,B6,Breast,A,DECEASED,1994.0,184fe3c4-58bb-45c5-a9a5-9a8a56985f9f,184fe3c4-58bb-45c5-a9a5-9a8a56985f9f,TCGA-B6-A0RQ-01A-21-A13C-20,TCGA-B6-A0RQ-01A-11D-A10Y-09,TCGA-B6-A0RQ-01,,23aabbc3-fe66-44d8-8640-5c153f409754,TCGA-B6-A0RQ-01,TCGA-B6-A0RQ-01A-11D-A10Y-09,TCGA-B6-A0RQ-01A-11D-A112-05,TCGA-B6-A0RQ-01,TCGA-B6-A0RQ-01,TCGA-B6-A0RQ-01A-11D-A10Y-09,,184fe3c4-58bb-45c5-a9a5-9a8a56985f9f,,TCGA-B6-A0RQ-01A-11D-A111-01,TCGA-B6-A0RQ-01,TCGA-B6-A0RQ-01A-11R-A115-07,184fe3c4-58bb-45c5-a9a5-9a8a56985f9f,TCGA-B6-A0RQ-01A-11D-A111-01,TCGA-B6-A0RQ-01,TCGA-B6-A0RQ-01,142.43333333333334,1,Stage IIB,Normal,0
TCGA-B6-A0RS-01,Stage IIA,38.0,1.0,Stage IIA,3062.0,3062.0,Negative,FEMALE,Negative,,,,Negative,M0,Negative,N0,3062.0,1.0,Her2,HER2-enriched,Negative,,0.0,0.0,followup,T_Other,T2,DECEASED,TCGA-B6-A0RS-01,High,C3-BRCA/Luminal,cluster 5,Cluster 5,,BRCA nonbasal-like c7,miRNA cluster 4,cluster 4,mutation cluster 5,TCGA-B6-A0RS,TCGA Breast Cancer (BRCA),breast invasive carcinoma,Breast,YES,NO,YES,,38.0,Left Lower Inner Quadrant|Left,Axillary lymph node dissection alone,,TCGA-B6-A0RS-F13788,TCGA-B6-A0RS,,,Negative,,,,,Negative,Modified Radical Mastectomy,,NO,,2041.0,-14134.0,,3063.0,0.0,,,,2041,,,,,,Scheduled Follow-up Submission,2011-7-12,FEMALE,,,,,,,,,,Infiltrating Ductal Carcinoma,,No,,C50.9,8500/3,C50.9,,YES,"Biopsy, NOS","Other method, specify:",,,,,,15.0,Negative,Indeterminate (neither Pre or Postmenopausal),,,,,Negative,,,,,,,,,,,,Negative,,,5.0,4.0,,,,"Other, specify",New Primary Tumor,Breast,,YES,0.0,,,No,M0,N0 (i-),T2,Stage IIA,,A0RS,WITH TUMOR,,,,,,,,,,NO,Primary Tumor,1,,3rd,YES,NO,YES,B6,Breast,,DECEASED,1988.0,be1f09ae-deec-45d7-8504-fea3f6e7feb4,be1f09ae-deec-45d7-8504-fea3f6e7feb4,,TCGA-B6-A0RS-01A-11D-A099-09,TCGA-B6-A0RS-01,TCGA-B6-A0RS-01A-11D-A10P-05,,TCGA-B6-A0RS-01,,,TCGA-B6-A0RS-01,,TCGA-B6-A0RS-01A-11D-A099-09,TCGA-B6-A0RS-01,be1f09ae-deec-45d7-8504-fea3f6e7feb4,TCGA-B6-A0RS-01,TCGA-B6-A0RS-01A-11D-A087-01,,TCGA-B6-A0RS-01A-11R-A084-07,be1f09ae-deec-45d7-8504-fea3f6e7feb4,TCGA-B6-A0RS-01A-11D-A087-01,TCGA-B6-A0RS-01,TCGA-B6-A0RS-01,102.06666666666666,1,Stage IIA,Her2,0
TCGA-B6-A0RT-01,Stage IIIA,39.0,1.0,No_Conversion,2721.0,,Negative,FEMALE,Negative,2.0,2.0,2.0,Negative,M0,Positive,N1,2721.0,0.0,Basal,Basal-like,Negative,ReacII,-13.0,-12.0,followup,T_Other,T3,LIVING,TCGA-B6-A0RT-01,BRCA-LUAD+,C4-BRCA/Basal,cluster 5,Low purity c2,BRCA basal-like c6,BRCA basal-like c8,miRNA cluster 7,cluster 3,mutation c1uster 9,TCGA-B6-A0RT,TCGA Breast Cancer (BRCA),breast invasive carcinoma,Breast,,,,,39.0,Right Upper Outer Quadrant|Right,Axillary lymph node dissection alone,,TCGA-B6-A0RT-F13789,TCGA-B6-A0RT,TCGA-B6-A0RT-01A,,Negative,,,,,Negative,Modified Radical Mastectomy,,NO,,,-14374.0,5047.0,,0.0,2721.0,,,,,,Image Analysis,,,Scheduled Follow-up Submission,2011-7-12,FEMALE,,,,,,,,,,Infiltrating Ductal Carcinoma,,No,,C50.9,8500/3,C50.9,,YES,,Fine needle aspiration biopsy,230.0,NO,,,,23.0,Close,Indeterminate (neither Pre or Postmenopausal),,,,,,,,,,,,,,,,,,,,5.0,3.0,,,,,,,,NO,1.0,,True,No,M0,N1,T3,Stage IIIA,TCGA-B6-A0RT.64D53A4B-4735-4AD2-A413-520797F5F9CB.pdf,A0RT,TUMOR FREE,Image Analysis,,,,,,,,,YES,Primary Tumor,1,,4th,YES,NO,YES,B6,Breast,A,LIVING,1996.0,2b721e04-5452-4b34-b3df-c6cdd04e87b1,2b721e04-5452-4b34-b3df-c6cdd04e87b1,TCGA-B6-A0RT-01A-11-A13C-20,TCGA-B6-A0RT-01A-21D-A099-09,TCGA-B6-A0RT-01,TCGA-B6-A0RT-01A-21D-A10P-05,f4b94eba-e9e8-4f06-812e-7f68eefa407b,TCGA-B6-A0RT-01,TCGA-B6-A0RT-01A-21D-A099-09,,TCGA-B6-A0RT-01,,TCGA-B6-A0RT-01A-21D-A099-09,TCGA-B6-A0RT-01,2b721e04-5452-4b34-b3df-c6cdd04e87b1,TCGA-B6-A0RT-01,TCGA-B6-A0RT-01A-21D-A087-01,,TCGA-B6-A0RT-01A-21R-A084-07,2b721e04-5452-4b34-b3df-c6cdd04e87b1,TCGA-B6-A0RT-01A-21D-A087-01,TCGA-B6-A0RT-01,TCGA-B6-A0RT-01,90.7,0,Stage IIIA,Basal,0
TCGA-B6-A0RU-01,Stage IA,49.0,1.0,Stage I,3991.0,,Negative,FEMALE,Negative,2.0,2.0,2.0,Negative,M0,Negative,N0,3991.0,0.0,Basal,Basal-like,Negative,Basal,-13.0,-11.0,followup,T1,T1,LIVING,TCGA-B6-A0RU-01,Squamous,C4-BRCA/Basal,cluster 5,BRCA basal-like c8,BRCA basal-like c6,BRCA basal-like c8,miRNA cluster 13,cluster 6,mutation cluster 5,TCGA-B6-A0RU,TCGA Breast Cancer (BRCA),breast invasive carcinoma,Breast,,,YES,,40.0,Right,Axillary lymph node dissection alone,,TCGA-B6-A0RU-F71565,TCGA-B6-A0RU,TCGA-B6-A0RU-01A,,Negative,,,,,Negative,Other,,NO,,3076.0,-14920.0,7290.0,,0.0,8605.0,,,3076,,,Image Analysis,,,Scheduled Follow-up Submission,2015-3-26,FEMALE,,,,,,,,,,"Other, specify",,No,,C50.9,8523/3,C50.9,,YES,,Tumor resection,170.0,NO,,,NO,15.0,Negative,Indeterminate (neither Pre or Postmenopausal),,,,,,,,,,,,,,,,,,,,5.0,6.0,,,,"Other, specify",New Primary Tumor,Right Breast,,NO,0.0,,True,No,M0,N0 (i-),T1c,Stage IA,TCGA-B6-A0RU.39C689CA-F7BA-4554-BEC8-11F9C8142D9C.pdf,A0RU,TUMOR FREE,Image Analysis,,,,,YES,,,,YES,Primary Tumor,1,Excisional biopsy,3rd,YES,NO,YES,B6,Breast,A,LIVING,1990.0,7abad802-817a-4d95-b022-f21cc4b1d9bc,7abad802-817a-4d95-b022-f21cc4b1d9bc,TCGA-B6-A0RU-01A-21-A13C-20,TCGA-B6-A0RU-01A-11D-A099-09,TCGA-B6-A0RU-01,TCGA-B6-A0RU-01A-11D-A10P-05,608bb166-ceaa-49d5-ae7d-d4060e8c6dc2,TCGA-B6-A0RU-01,TCGA-B6-A0RU-01A-11D-A099-09,,TCGA-B6-A0RU-01,,TCGA-B6-A0RU-01A-11D-A099-09,TCGA-B6-A0RU-01,7abad802-817a-4d95-b022-f21cc4b1d9bc,TCGA-B6-A0RU-01,TCGA-B6-A0RU-01A-11D-A087-01,,TCGA-B6-A0RU-01A-11R-A084-07,7abad802-817a-4d95-b022-f21cc4b1d9bc,TCGA-B6-A0RU-01A-11D-A087-01,TCGA-B6-A0RU-01,TCGA-B6-A0RU-01,133.03333333333333,0,Stage IA,Basal,0
TCGA-B6-A0RV-01,Stage IIIA,42.0,4.0,No_Conversion,4788.0,,Positive,FEMALE,Negative,3.0,4.0,3.0,Negative,M0,Positive,N2,4788.0,0.0,LumA,Luminal A,Positive,ReacII,-5.0,0.0,followup,T_Other,T3,LIVING,TCGA-B6-A0RV-01,Kirc+,C3-BRCA/Luminal,cluster 1,BRCA CIMP c7,BRCA nonbasal-like c8,BRCA nonbasal-like c7,miRNA cluster 4,cluster 6,mutation c1uster 9,TCGA-B6-A0RV,TCGA Breast Cancer (BRCA),breast invasive carcinoma,Breast,,,,,42.0,Right,Axillary lymph node dissection alone,,TCGA-B6-A0RV-F13791,TCGA-B6-A0RV,TCGA-B6-A0RV-01A,,Positive,,,,,Positive,Modified Radical Mastectomy,,NO,,,-15507.0,5165.0,,0.0,5156.0,,,,,,Image Analysis,,,Scheduled Follow-up Submission,2011-7-12,FEMALE,,,,,,,,,,Mixed Histology (please specify),Lobular/Ductal,No,,C50.9,8522/3,C50.9,,YES,,Incisional Biopsy,480.0,NO,,,,10.0,Negative,Indeterminate (neither Pre or Postmenopausal),,,,,,,,,,,,,,,,,,,,1.0,6.0,,,,,,,,NO,5.0,,True,No,M0,N2,T3,Stage IIIA,TCGA-B6-A0RV.FF5D000A-4600-4C42-8802-4BCD29F61CA6.pdf,A0RV,TUMOR FREE,Image Analysis,,,,,,,,,YES,Primary Tumor,1,,4th,YES,NO,YES,B6,Breast,A,LIVING,1996.0,25068ef3-d87f-45e2-a15f-152b87e9dedb,25068ef3-d87f-45e2-a15f-152b87e9dedb,TCGA-B6-A0RV-01A-21-A13C-20,TCGA-B6-A0RV-01A-11D-A099-09,TCGA-B6-A0RV-01,TCGA-B6-A0RV-01A-11D-A10P-05,f132d6af-68eb-4b00-8a2d-84322ac5758b,TCGA-B6-A0RV-01,TCGA-B6-A0RV-01A-11D-A099-09,,TCGA-B6-A0RV-01,,TCGA-B6-A0RV-01A-11D-A099-09,TCGA-B6-A0RV-01,25068ef3-d87f-45e2-a15f-152b87e9dedb,TCGA-B6-A0RV-01,TCGA-B6-A0RV-01A-11D-A087-01,,TCGA-B6-A0RV-01A-11R-A084-07,25068ef3-d87f-45e2-a15f-152b87e9dedb,TCGA-B6-A0RV-01A-11D-A087-01,TCGA-B6-A0RV-01,TCGA-B6-A0RV-01,159.6,0,Stage IIIA,LumA,0
TCGA-B6-A0WS-01,,58.0,4.0,Stage I,,2965.0,Positive,FEMALE,Negative,,,,Negative,M0,Negative,N0,2965.0,1.0,LumA,Luminal A,Positive,,0.0,-4.0,followup,T1,T1,DECEASED,TCGA-B6-A0WS-01,Kirc+,C3-BRCA/Luminal,cluster 1,BRCA non-CIMP c9,,BRCA nonbasal-like c7,miRNA c1uster 10,cluster 7,mutation c1uster 9,TCGA-B6-A0WS,TCGA Breast Cancer (BRCA),breast invasive carcinoma,Breast,,,,,58.0,Left Upper Outer Quadrant|Left,No axillary staging,,TCGA-B6-A0WS-F15707,TCGA-B6-A0WS,TCGA-B6-A0WS-01A,,Positive,,,,,Positive,Lumpectomy,,NO,,,-21230.0,5113.0,2965.0,0.0,,,,,,,Image Analysis,,,Scheduled Follow-up Submission,2011-8-29,FEMALE,,,,,,,,,,Infiltrating Ductal Carcinoma,,No,,C50.9,8500/3,C50.9,,YES,,Fine needle aspiration biopsy,110.0,NO,,,,,Positive,Indeterminate (neither Pre or Postmenopausal),,,,,,,,,,,,,,,,,,,,1.0,7.0,,,,,,,,NO,,,True,No,MX,NX,T1c,Stage X,TCGA-B6-A0WS.36AE47A6-B881-4C1D-8436-EB65783243CF.pdf,A0WS,TUMOR FREE,Image Analysis,,,,,,NO,,,NO,Primary Tumor,1,,4th,NO,NO,YES,B6,Breast,A,DECEASED,1996.0,44bd10a8-c4c0-466c-8cd8-31a5da70ba0b,44bd10a8-c4c0-466c-8cd8-31a5da70ba0b,,TCGA-B6-A0WS-01A-11D-A10Y-09,TCGA-B6-A0WS-01,,,TCGA-B6-A0WS-01,TCGA-B6-A0WS-01A-11D-A10Y-09,TCGA-B6-A0WS-01A-11D-A112-05,TCGA-B6-A0WS-01,TCGA-B6-A0WS-01,TCGA-B6-A0WS-01A-11D-A10Y-09,,44bd10a8-c4c0-466c-8cd8-31a5da70ba0b,,TCGA-B6-A0WS-01A-11D-A111-01,TCGA-B6-A0WS-01,TCGA-B6-A0WS-01A-11R-A115-07,44bd10a8-c4c0-466c-8cd8-31a5da70ba0b,TCGA-B6-A0WS-01A-11D-A111-01,TCGA-B6-A0WS-01,TCGA-B6-A0WS-01,98.83333333333333,1,,LumA,0
TCGA-B6-A0WT-01,Stage IIB,61.0,3.0,No_Conversion,5739.0,,Positive,FEMALE,Negative,,,,Negative,M0,Positive,N1,5739.0,0.0,LumA,Luminal A,Positive,,-2.0,-4.0,followup,T_Other,T2,LIVING,TCGA-B6-A0WT-01,BRCA-LUAD+,C3-BRCA/Luminal,cluster 2,BRCA non-CIMP c9,,BRCA nonbasal-like c7,miRNA cluster 4,cluster 4,mutation c1uster 9,TCGA-B6-A0WT,TCGA Breast Cancer (BRCA),breast invasive carcinoma,Breast,YES,NO,YES,,61.0,Left Lower Inner Quadrant|Left,Axillary lymph node dissection alone,,TCGA-B6-A0WT-F15728,TCGA-B6-A0WT,TCGA-B6-A0WT-01A,,Positive,,,,,Positive,Modified Radical Mastectomy,,NO,,3862.0,-22362.0,5606.0,,0.0,5739.0,,,3862,,,Image Analysis,,,Scheduled Follow-up Submission,2011-8-29,FEMALE,,,,,,,,,,Infiltrating Ductal Carcinoma,,No,,C50.9,8500/3,C50.9,,YES,,Fine needle aspiration biopsy,90.0,NO,,,,15.0,Negative,Post (prior bilateral ovariectomy OR >12 mo since LMP with no prior hysterectomy),fmol/mg,Equivocal,2+,image cytometry,Positive,,,,,Other Reporting Scale,,,Negative,,,image cytometry,Positive,,,2.0,4.0,,,Other Reporting Scale,"Other, specify",New Primary Tumor,right breast cancer contralateral,,YES,1.0,,True,No,M0,N1,T2,Stage IIB,TCGA-B6-A0WT.BACD800B-F320-472C-ACFF-175E9F525E9F.pdf,A0WT,TUMOR FREE,Image Analysis,,fmol/mg,,,,,,,NO,Primary Tumor,1,,4th,YES,NO,YES,B6,Breast,A,LIVING,1995.0,0507f62d-e776-4efb-bd51-dba9d74090bd,0507f62d-e776-4efb-bd51-dba9d74090bd,,TCGA-B6-A0WT-01A-11D-A10G-09,TCGA-B6-A0WT-01,TCGA-B6-A0WT-01A-11D-A10A-05,,TCGA-B6-A0WT-01,TCGA-B6-A0WT-01A-11D-A10G-09,,TCGA-B6-A0WT-01,,TCGA-B6-A0WT-01A-11D-A10G-09,TCGA-B6-A0WT-01,0507f62d-e776-4efb-bd51-dba9d74090bd,TCGA-B6-A0WT-01,TCGA-B6-A0WT-01A-11D-A107-01,,TCGA-B6-A0WT-01A-11R-A109-07,0507f62d-e776-4efb-bd51-dba9d74090bd,TCGA-B6-A0WT-01A-11D-A107-01,TCGA-B6-A0WT-01,TCGA-B6-A0WT-01,191.3,0,Stage IIB,LumA,0
TCGA-B6-A0WV-01,Stage IIB,67.0,5.0,No_Conversion,2422.0,2422.0,Positive,FEMALE,Negative,,,,Negative,M0,Positive,N1,2422.0,1.0,LumB,Luminal B,Positive,,0.0,-3.0,followup,T_Other,T2,DECEASED,TCGA-B6-A0WV-01,High,C3-BRCA/Luminal,cluster 4,BRCA CIMP c7,,BRCA nonbasal-like c7,miRNA cluster 4,cluster 4,mutation c1uster 9,TCGA-B6-A0WV,TCGA Breast Cancer (BRCA),breast invasive carcinoma,Breast,,,,,67.0,Right,Axillary lymph node dissection alone,,TCGA-B6-A0WV-F15732,TCGA-B6-A0WV,TCGA-B6-A0WV-01A,,Positive,,,,,Positive,Modified Radical Mastectomy,,NO,,,-24803.0,5531.0,2417.0,0.0,,,,,,,Image Analysis,,,Scheduled Follow-up Submission,2011-8-29,FEMALE,,,,,,,,,,Infiltrating Ductal Carcinoma,,No,,C50.9,8500/3,C50.9,,YES,,Incisional Biopsy,30.0,NO,,,,7.0,Negative,Post (prior bilateral ovariectomy OR >12 mo since LMP with no prior hysterectomy),,,,,,,,,,,,,,,,,,,,4.0,4.0,,,,,,,,NO,4.0,,True,No,M0,N1b,T2,Stage IIB,TCGA-B6-A0WV.506BFD3B-240B-440E-B7A0-E596FC0B7F72.pdf,A0WV,TUMOR FREE,Image Analysis,,,,,,,,,NO,Primary Tumor,1,,4th,YES,NO,YES,B6,Breast,A,DECEASED,1995.0,87bdfb78-8690-4569-ba85-592cd2390c24,87bdfb78-8690-4569-ba85-592cd2390c24,,TCGA-B6-A0WV-01A-11D-A10G-09,TCGA-B6-A0WV-01,TCGA-B6-A0WV-01A-11D-A10A-05,,TCGA-B6-A0WV-01,TCGA-B6-A0WV-01A-11D-A10G-09,,TCGA-B6-A0WV-01,,TCGA-B6-A0WV-01A-11D-A10G-09,TCGA-B6-A0WV-01,87bdfb78-8690-4569-ba85-592cd2390c24,TCGA-B6-A0WV-01,TCGA-B6-A0WV-01A-11D-A107-01,,TCGA-B6-A0WV-01A-11R-A109-07,87bdfb78-8690-4569-ba85-592cd2390c24,TCGA-B6-A0WV-01A-11D-A107-01,TCGA-B6-A0WV-01,TCGA-B6-A0WV-01,80.73333333333333,1,Stage IIB,LumB,0
TCGA-B6-A0WW-01,,58.0,4.0,No_Conversion,546.0,557.0,Positive,FEMALE,Negative,,,,,,Positive,N1,557.0,1.0,LumB,Luminal B,Positive,,0.0,-3.0,followup,T_Other,T2,DECEASED,TCGA-B6-A0WW-01,BRCA-LUAD+,C3-BRCA/Luminal,cluster 4,BRCA CIMP c7,,BRCA nonbasal-like c7,miRNA cluster 14,cluster 2,mutation cluster 4,TCGA-B6-A0WW,TCGA Breast Cancer (BRCA),breast invasive carcinoma,Breast,YES,NO,NO,,58.0,Right Upper Inner Quadrant|Right,Axillary lymph node dissection alone,,TCGA-B6-A0WW-F15734,TCGA-B6-A0WW,TCGA-B6-A0WW-01A,,Positive,,,,,Positive,Modified Radical Mastectomy,,NO,,,-21479.0,4664.0,558.0,0.0,,,,447,,,Image Analysis,,,Scheduled Follow-up Submission,2011-8-29,FEMALE,,,,,,,,,,Infiltrating Ductal Carcinoma,,No,,C50.9,8500/3,C50.9,,YES,,Incisional Biopsy,30.0,NO,,,,18.0,Negative,Indeterminate (neither Pre or Postmenopausal),,,,,,,,,,,,,,,,,,,,4.0,2.0,,,,Liver,Distant Metastasis,,,YES,5.0,,True,No,MX,N1b,T2,Stage X,TCGA-B6-A0WW.F05F5886-DC5D-4685-B2BF-57A68A0BB7B9.pdf,A0WW,WITH TUMOR,Image Analysis,,,,,,,,,YES,Primary Tumor,1,,4th,NO,NO,YES,B6,Breast,A,DECEASED,1997.0,3bdcdadf-67da-4a50-b311-81196c0c8362,3bdcdadf-67da-4a50-b311-81196c0c8362,,TCGA-B6-A0WW-01A-11D-A10G-09,TCGA-B6-A0WW-01,TCGA-B6-A0WW-01A-11D-A10A-05,,TCGA-B6-A0WW-01,TCGA-B6-A0WW-01A-11D-A10G-09,,TCGA-B6-A0WW-01,,TCGA-B6-A0WW-01A-11D-A10G-09,TCGA-B6-A0WW-01,3bdcdadf-67da-4a50-b311-81196c0c8362,TCGA-B6-A0WW-01,TCGA-B6-A0WW-01A-11D-A107-01,,TCGA-B6-A0WW-01A-11R-A109-07,3bdcdadf-67da-4a50-b311-81196c0c8362,TCGA-B6-A0WW-01A-11D-A107-01,TCGA-B6-A0WW-01,TCGA-B6-A0WW-01,18.566666666666666,1,,LumB,1
TCGA-B6-A0WX-01,Stage IIIA,40.0,1.0,No_Conversion,653.0,653.0,Negative,FEMALE,Negative,2.0,2.0,2.0,Negative,M0,Positive,N1,653.0,1.0,Basal,Basal-like,Negative,X,-13.0,0.0,followup,T_Other,T3,DECEASED,TCGA-B6-A0WX-01,High,C4-BRCA/Basal,cluster 5,BRCA basal-like c8,KIRC-like c1,BRCA basal-like c8,miRNA cluster 4,cluster 4,mutation cluster 5,TCGA-B6-A0WX,TCGA Breast Cancer (BRCA),breast invasive carcinoma,Breast,NO,NO,NO,,40.0,Left,Axillary lymph node dissection alone,,TCGA-B6-A0WX-F15729,TCGA-B6-A0WX,TCGA-B6-A0WX-01A,,Negative,,,,,Negative,Modified Radical Mastectomy,,NO,,,-14784.0,4476.0,639.0,0.0,,,,563,,,Image Analysis,,,Scheduled Follow-up Submission,2011-8-29,FEMALE,,,,,,,,,,"Other, specify",,No,,C50.9,8520/3,C50.9,,YES,,Excisional Biopsy,300.0,NO,,,,21.0,Negative,Pre (<6 months since LMP AND no prior bilateral ovariectomy AND not on estrogen replacement),,,,,,,,,,,,,,,,,,,,5.0,4.0,,,,Bone,Distant Metastasis,,,YES,9.0,,True,No,M0,N1b,T3,Stage IIIA,TCGA-B6-A0WX.EE5BB205-D59B-4FEF-8D8F-D5720EDEB075.pdf,A0WX,WITH TUMOR,Image Analysis,,,,,,,,,NO,Primary Tumor,1,,5th,YES,NO,YES,B6,Breast,A,DECEASED,1998.0,8dc04505-fae5-4185-b3f8-53882fbbb4fd,8dc04505-fae5-4185-b3f8-53882fbbb4fd,TCGA-B6-A0WX-01A-21-A13D-20,TCGA-B6-A0WX-01A-11D-A10G-09,TCGA-B6-A0WX-01,TCGA-B6-A0WX-01A-11D-A10A-05,f484ca3b-7c40-42fe-b5aa-a73453b45b0b,TCGA-B6-A0WX-01,TCGA-B6-A0WX-01A-11D-A10G-09,,TCGA-B6-A0WX-01,,TCGA-B6-A0WX-01A-11D-A10G-09,TCGA-B6-A0WX-01,8dc04505-fae5-4185-b3f8-53882fbbb4fd,TCGA-B6-A0WX-01,TCGA-B6-A0WX-01A-11D-A107-01,,TCGA-B6-A0WX-01A-11R-A109-07,8dc04505-fae5-4185-b3f8-53882fbbb4fd,TCGA-B6-A0WX-01A-11D-A107-01,TCGA-B6-A0WX-01,TCGA-B6-A0WX-01,21.766666666666666,1,Stage IIIA,Basal,1
TCGA-B6-A0WY-01,Stage IIIA,40.0,4.0,No_Conversion,3410.0,3460.0,Positive,FEMALE,Negative,,,,Negative,M0,Positive,N1,3460.0,1.0,LumA,Luminal A,Negative,,-5.0,-3.0,followup,T_Other,T3,DECEASED,TCGA-B6-A0WY-01,High,C3-BRCA/Luminal,cluster 1,BRCA non-CIMP c9,,BRCA nonbasal-like c7,miRNA cluster 4,cluster 4,mutation cluster 4,TCGA-B6-A0WY,TCGA Breast Cancer (BRCA),breast invasive carcinoma,Breast,YES,YES,NO,,40.0,Left Lower Inner Quadrant|Left,Axillary lymph node dissection alone,,TCGA-B6-A0WY-F15730,TCGA-B6-A0WY,TCGA-B6-A0WY-01A,,Positive,,,,,Negative,Lumpectomy,,NO,,,-14778.0,5294.0,3461.0,0.0,,,,2011,,,Image Analysis,,,Scheduled Follow-up Submission,2011-8-29,FEMALE,,,,,,,,,,Infiltrating Ductal Carcinoma,,No,,C50.9,8500/3,C50.9,,YES,,Core needle biopsy,30.0,NO,,,,21.0,Negative,Pre (<6 months since LMP AND no prior bilateral ovariectomy AND not on estrogen replacement),,,,,,,,,,,,,Negative,,,,,,,1.0,4.0,,,,Bone,Distant Metastasis,,,YES,3.0,,True,No,M0,N1b,T3,Stage IIIA,TCGA-B6-A0WY.C0E92852-4146-468C-9713-2DE9C3316B9F.pdf,A0WY,WITH TUMOR,Image Analysis,,,,,,,,,YES,Primary Tumor,1,,4th,YES,NO,YES,B6,Breast,A,DECEASED,1996.0,90a60ebe-ce7e-4b64-af2a-1676f46e6601,90a60ebe-ce7e-4b64-af2a-1676f46e6601,,TCGA-B6-A0WY-01A-11D-A10G-09,TCGA-B6-A0WY-01,TCGA-B6-A0WY-01A-11D-A10A-05,,TCGA-B6-A0WY-01,TCGA-B6-A0WY-01A-11D-A10G-09,,TCGA-B6-A0WY-01,,TCGA-B6-A0WY-01A-11D-A10G-09,TCGA-B6-A0WY-01,90a60ebe-ce7e-4b64-af2a-1676f46e6601,TCGA-B6-A0WY-01,TCGA-B6-A0WY-01A-11D-A107-01,,TCGA-B6-A0WY-01A-11R-A109-07,90a60ebe-ce7e-4b64-af2a-1676f46e6601,TCGA-B6-A0WY-01A-11D-A107-01,TCGA-B6-A0WY-01,TCGA-B6-A0WY-01,115.33333333333333,1,Stage IIIA,LumA,0
TCGA-B6-A0WZ-01,Stage IIB,50.0,2.0,No_Conversion,3941.0,,Positive,FEMALE,Negative,,,,Negative,M0,Positive,N1,3941.0,0.0,LumA,Luminal A,Positive,,-12.0,-3.0,followup,T_Other,T2,LIVING,TCGA-B6-A0WZ-01,Kirc+,C3-BRCA/Luminal,cluster 4,BRCA non-CIMP c9,,BRCA nonbasal-like c7,miRNA cluster 12,cluster 4,mutation cluster 4,TCGA-B6-A0WZ,TCGA Breast Cancer (BRCA),breast invasive carcinoma,Breast,,,,,50.0,Right Upper Inner Quadrant|Right,Axillary lymph node dissection alone,,TCGA-B6-A0WZ-F71575,TCGA-B6-A0WZ,,,Positive,,,,,Positive,Other,,NO,,,-18584.0,,,0.0,6292.0,,5117.0,5117,,,Image Analysis,,,Scheduled Follow-up Submission,2015-3-30,FEMALE,,,,,,,,,,Infiltrating Ductal Carcinoma,,No,,C50.9,8500/3,C50.9,,YES,,Fine needle aspiration biopsy,,,,,NO,21.0,Negative,Indeterminate (neither Pre or Postmenopausal),,,,,,,,,,,,,,,,,,,,4.0,4.0,,,,Bone,New Primary Tumor,,YES,YES,11.0,,,No,M0,N1b,T2,Stage II,,A0WZ,TUMOR FREE,Image Analysis,,,,,YES,,,,YES,Primary Tumor,1,Fine Needle aspiration biopsy,4th,YES,NO,YES,B6,Breast,,LIVING,1996.0,dc4a013a-c52a-40ef-8aeb-e1163519cdb8,dc4a013a-c52a-40ef-8aeb-e1163519cdb8,,TCGA-B6-A0WZ-01A-11D-A10G-09,TCGA-B6-A0WZ-01,TCGA-B6-A0WZ-01A-11D-A10A-05,,TCGA-B6-A0WZ-01,TCGA-B6-A0WZ-01A-11D-A10G-09,,TCGA-B6-A0WZ-01,,TCGA-B6-A0WZ-01A-11D-A10G-09,TCGA-B6-A0WZ-01,dc4a013a-c52a-40ef-8aeb-e1163519cdb8,TCGA-B6-A0WZ-01,TCGA-B6-A0WZ-01A-11D-A107-01,,TCGA-B6-A0WZ-01A-11R-A109-07,dc4a013a-c52a-40ef-8aeb-e1163519cdb8,TCGA-B6-A0WZ-01A-11D-A107-01,TCGA-B6-A0WZ-01,TCGA-B6-A0WZ-01,131.36666666666667,0,Stage IIB,LumA,0
TCGA-B6-A0X0-01,Stage IA,54.0,2.0,Stage I,,3945.0,Positive,FEMALE,Negative,3.0,3.0,3.0,Negative,M0,Negative,N0,3945.0,1.0,LumA,Luminal A,Positive,LumA,-5.0,-3.0,followup,T1,T1,DECEASED,TCGA-B6-A0X0-01,Iq,C3-BRCA/Luminal,cluster 2,BRCA non-CIMP c9,BRCA nonbasal-like c8,BRCA nonbasal-like c7,miRNA c1uster 10,cluster 7,mutation cluster 12,TCGA-B6-A0X0,TCGA Breast Cancer (BRCA),breast invasive carcinoma,Breast,,,,,54.0,Right Upper Outer Quadrant|Right,Axillary lymph node dissection alone,,TCGA-B6-A0X0-F15710,TCGA-B6-A0X0,TCGA-B6-A0X0-01A,,Positive,,,,,Positive,Modified Radical Mastectomy,,NO,,,-19802.0,5243.0,3945.0,0.0,,,,,,,Image Analysis,,,Scheduled Follow-up Submission,2011-8-29,FEMALE,,,,,,,,,,"Other, specify",,No,,C50.919,8201/3,C50.9,,YES,,Fine needle aspiration biopsy,150.0,NO,,,,31.0,Negative,Indeterminate (neither Pre or Postmenopausal),,,,,,,,,,,,,,,,,,,,2.0,7.0,,,,,,,,NO,0.0,,True,No,M0,N0 (i-),T1c,Stage I,TCGA-B6-A0X0.84A8BA4A-35F0-46C4-BDB0-64C033AFD1A8.pdf,A0X0,,Image Analysis,,,,,,YES,,,NO,Primary Tumor,1,,4th,YES,NO,YES,B6,Breast,A,DECEASED,1996.0,222a566c-2bad-4b47-97dc-ca1f60a9a981,222a566c-2bad-4b47-97dc-ca1f60a9a981,TCGA-B6-A0X0-01A-11-A13D-20,TCGA-B6-A0X0-01A-21D-A10Y-09,TCGA-B6-A0X0-01,,1831ec43-6958-4950-8b0f-dd822fc81f17,TCGA-B6-A0X0-01,TCGA-B6-A0X0-01A-21D-A10Y-09,TCGA-B6-A0X0-01A-21D-A112-05,TCGA-B6-A0X0-01,TCGA-B6-A0X0-01,TCGA-B6-A0X0-01A-21D-A10Y-09,,222a566c-2bad-4b47-97dc-ca1f60a9a981,,TCGA-B6-A0X0-01A-21D-A111-01,TCGA-B6-A0X0-01,TCGA-B6-A0X0-01A-21R-A115-07,222a566c-2bad-4b47-97dc-ca1f60a9a981,TCGA-B6-A0X0-01A-21D-A111-01,TCGA-B6-A0X0-01,TCGA-B6-A0X0-01,131.5,1,Stage IA,LumA,0
TCGA-B6-A0X1-01,Stage IV,48.0,3.0,No_Conversion,5671.0,,Negative,FEMALE,,,,,Positive,M1,Positive,N2,5671.0,0.0,Basal,Basal-like,Negative,Basal,-13.0,-12.0,followup,T_Other,T2,LIVING,TCGA-B6-A0X1-01,High,C4-BRCA/Basal,cluster 5,BRCA basal-like c8,BRCA basal-like c6,BRCA basal-like c8,,,mutation cluster 5,TCGA-B6-A0X1,TCGA Breast Cancer (BRCA),breast invasive carcinoma,Breast,YES,YES,NO,,48.0,Left,Axillary lymph node dissection alone,,TCGA-B6-A0X1-F71498,TCGA-B6-A0X1,TCGA-B6-A0X1-01A,,Negative,,,,,Negative,Other,,NO,,,-17624.0,6035.0,7455.0,0.0,5677.0,,,490,,,Image Analysis,,,Scheduled Follow-up Submission,2015-3-26,FEMALE,,,,,,,,,,Infiltrating Ductal Carcinoma,,No,,C50.9,8500/3,C50.9,,YES,,Fine needle aspiration biopsy,240.0,NO,,,NO,21.0,Negative,Indeterminate (neither Pre or Postmenopausal),,,,,,,,,,,,,,,,,,,,5.0,,,,,Brain,Distant Metastasis,,,NO,16.0,,True,No,M1,N1,T2,Stage IIB,TCGA-B6-A0X1.D792031E-2CCE-4341-B3B3-C7D1D84F8F6B.pdf,A0X1,TUMOR FREE,Image Analysis,,,,,NO,,,,NO,Primary Tumor,1,Fine needle aspiration biopsy,4th,YES,NO,YES,B6,Breast,A,DECEASED,1994.0,897b769d-f66a-4baf-b5fa-fe92ed49a8b4,897b769d-f66a-4baf-b5fa-fe92ed49a8b4,TCGA-B6-A0X1-01A-21-A13D-20,TCGA-B6-A0X1-01A-11D-A10G-09,TCGA-B6-A0X1-01,TCGA-B6-A0X1-01A-11D-A10A-05,03c36239-f261-44e4-829b-01e679a414ad,TCGA-B6-A0X1-01,TCGA-B6-A0X1-01A-11D-A10G-09,,TCGA-B6-A0X1-01,,TCGA-B6-A0X1-01A-11D-A10G-09,,897b769d-f66a-4baf-b5fa-fe92ed49a8b4,,TCGA-B6-A0X1-01A-11D-A107-01,,TCGA-B6-A0X1-01A-11R-A109-07,897b769d-f66a-4baf-b5fa-fe92ed49a8b4,TCGA-B6-A0X1-01A-11D-A107-01,TCGA-B6-A0X1-01,TCGA-B6-A0X1-01,189.03333333333333,0,Stage IV,Basal,0
TCGA-B6-A0X4-01,Stage IIB,62.0,3.0,No_Conversion,776.0,859.0,Positive,FEMALE,Negative,,,,Negative,M0,Positive,N1,859.0,1.0,LumA,Luminal A,Positive,,-12.0,-3.0,followup,T_Other,T2,DECEASED,TCGA-B6-A0X4-01,Iq,C3-BRCA/Luminal,cluster 2,BRCA non-CIMP c9,,BRCA nonbasal-like c7,miRNA cluster 6,cluster 1,mutation c1uster 9,TCGA-B6-A0X4,TCGA Breast Cancer (BRCA),breast invasive carcinoma,Breast,YES,YES,NO,,62.0,Left,Axillary lymph node dissection alone,,TCGA-B6-A0X4-F15723,TCGA-B6-A0X4,TCGA-B6-A0X4-01A,,Positive,,,,,Positive,Modified Radical Mastectomy,,NO,,,-22688.0,5323.0,860.0,0.0,,,,716,,,Image Analysis,,,Scheduled Follow-up Submission,2011-8-29,FEMALE,,,,,,,,,,Infiltrating Ductal Carcinoma,,No,,C50.9,8500/3,C50.9,,YES,,Incisional Biopsy,110.0,NO,,,,21.0,Negative,Post (prior bilateral ovariectomy OR >12 mo since LMP with no prior hysterectomy),,,,,,,,,,,,,,,,,,,,2.0,1.0,,,,Bone,Distant Metastasis,,,YES,2.0,,True,No,M0,N1b,T2,Stage IIB,TCGA-B6-A0X4.CA935E8D-ED8A-4485-BDC6-02C07CCE2EA5.pdf,A0X4,WITH TUMOR,Image Analysis,,,,,,,,,NO,Primary Tumor,1,,4th,YES,NO,YES,B6,Breast,A,DECEASED,1996.0,3d3d2beb-8c6f-45d0-bde3-12a68dbd5317,3d3d2beb-8c6f-45d0-bde3-12a68dbd5317,,TCGA-B6-A0X4-01A-11D-A10G-09,TCGA-B6-A0X4-01,TCGA-B6-A0X4-01A-11D-A10A-05,,TCGA-B6-A0X4-01,TCGA-B6-A0X4-01A-11D-A10G-09,,TCGA-B6-A0X4-01,,TCGA-B6-A0X4-01A-11D-A10G-09,TCGA-B6-A0X4-01,3d3d2beb-8c6f-45d0-bde3-12a68dbd5317,TCGA-B6-A0X4-01,TCGA-B6-A0X4-01A-11D-A107-01,,TCGA-B6-A0X4-01A-11R-A109-07,3d3d2beb-8c6f-45d0-bde3-12a68dbd5317,TCGA-B6-A0X4-01A-11D-A107-01,TCGA-B6-A0X4-01,TCGA-B6-A0X4-01,28.633333333333333,1,Stage IIB,LumA,1
TCGA-B6-A0X5-01,Stage IIB,61.0,4.0,No_Conversion,2097.0,2097.0,Positive,FEMALE,Negative,,,,Negative,M0,Positive,N1,2097.0,1.0,LumB,Luminal B,Positive,,0.0,-3.0,followup,T_Other,T2,DECEASED,TCGA-B6-A0X5-01,Kirc+,C3-BRCA/Luminal,cluster 4,BRCA non-CIMP c9,,BRCA nonbasal-like c7,miRNA cluster 6,cluster 1,mutation cluster 4,TCGA-B6-A0X5,TCGA Breast Cancer (BRCA),breast invasive carcinoma,Breast,NO,NO,NO,,61.0,Left,Axillary lymph node dissection alone,,TCGA-B6-A0X5-F15726,TCGA-B6-A0X5,,,Positive,,,,,Positive,Modified Radical Mastectomy,,NO,,,-22380.0,,2097.0,0.0,,,,1343,,,Image Analysis,,,Scheduled Follow-up Submission,2011-8-29,FEMALE,,,,,,,,,,Infiltrating Ductal Carcinoma,,No,,C50.9,8500/3,C50.9,,YES,,,,,,,,14.0,Negative,Post (prior bilateral ovariectomy OR >12 mo since LMP with no prior hysterectomy),,,,,,,,,,,,,,,,,,,,4.0,1.0,,,,"Other, specify",Distant Metastasis,Liver and Pleura and Bone,,YES,3.0,,,No,M0,N1b,T2,Stage IIB,,A0X5,WITH TUMOR,Image Analysis,,,,,,,,,NO,Primary Tumor,1,,4th,YES,NO,YES,B6,Breast,,DECEASED,1995.0,d4d04af8-9c60-4d14-90a2-c2b211e20092,d4d04af8-9c60-4d14-90a2-c2b211e20092,,TCGA-B6-A0X5-01A-21D-A10G-09,TCGA-B6-A0X5-01,TCGA-B6-A0X5-01A-21D-A10A-05,,TCGA-B6-A0X5-01,TCGA-B6-A0X5-01A-21D-A10G-09,,TCGA-B6-A0X5-01,,TCGA-B6-A0X5-01A-21D-A10G-09,TCGA-B6-A0X5-01,d4d04af8-9c60-4d14-90a2-c2b211e20092,TCGA-B6-A0X5-01,TCGA-B6-A0X5-01A-21D-A107-01,,TCGA-B6-A0X5-01A-21R-A109-07,d4d04af8-9c60-4d14-90a2-c2b211e20092,TCGA-B6-A0X5-01A-21D-A107-01,TCGA-B6-A0X5-01,TCGA-B6-A0X5-01,69.9,1,Stage IIB,LumB,0
TCGA-B6-A0X7-01,,62.0,2.0,No_Conversion,1791.0,1791.0,Positive,FEMALE,Negative,,,,,,Negative,N0,1791.0,1.0,LumA,Luminal A,Positive,,-5.0,-3.0,enrollment,T1,T1,DECEASED,TCGA-B6-A0X7-01,BRCA-LUAD+,C3-BRCA/Luminal,cluster 2,BRCA non-CIMP c9,,BRCA nonbasal-like c7,miRNA cluster 7,cluster 3,mutation cluster 4,TCGA-B6-A0X7,TCGA Breast Cancer (BRCA),breast invasive carcinoma,Breast,NO,NO,YES,,62.0,Right,No axillary staging,,TCGA-B6-A0X7-F15714,TCGA-B6-A0X7,,,Positive,,,,,Positive,,,NO,,1104.0,-22723.0,,1781.0,0.0,,,,1104,,,Image Analysis,,,Scheduled Follow-up Submission,2011-8-29,FEMALE,,,,,,,,,,Mixed Histology (please specify),Ductal/Lobular,No,,C50.9,8500/3,C50.9,,YES,,Excisional Biopsy,,,,,,0.0,,Post (prior bilateral ovariectomy OR >12 mo since LMP with no prior hysterectomy),,,,,,,,,,,,,,,,,,,,2.0,3.0,,,,"Other, specify",New Primary Tumor,colon,,YES,,,,No,MX,NX,T1c,Stage X,,A0X7,TUMOR FREE,Image Analysis,,,,,,,,,YES,Primary Tumor,1,,4th,YES,NO,YES,B6,Breast,,DECEASED,1994.0,b5ec5184-90d6-4b74-b08c-e39af59bc807,b5ec5184-90d6-4b74-b08c-e39af59bc807,,TCGA-B6-A0X7-01A-11D-A10M-09,TCGA-B6-A0X7-01,TCGA-B6-A0X7-01A-11D-A10N-05,,TCGA-B6-A0X7-01,TCGA-B6-A0X7-01A-11D-A10M-09,,TCGA-B6-A0X7-01,,TCGA-B6-A0X7-01A-11D-A10M-09,TCGA-B6-A0X7-01,b5ec5184-90d6-4b74-b08c-e39af59bc807,TCGA-B6-A0X7-01,TCGA-B6-A0X7-01A-11D-A10L-01,,TCGA-B6-A0X7-01A-11R-A10J-07,b5ec5184-90d6-4b74-b08c-e39af59bc807,TCGA-B6-A0X7-01A-11D-A10L-01,TCGA-B6-A0X7-01,TCGA-B6-A0X7-01,59.7,1,,LumA,1
TCGA-B6-A1KF-01,Stage IIB,68.0,1.0,Stage IIB,3088.0,,Negative,FEMALE,Positive,,,,Negative,M0,Positive,N1,3088.0,0.0,Basal,,Negative,,,,followup,T_Other,T2,LIVING,TCGA-B6-A1KF-01,High,C4-BRCA/Basal,cluster 4,BRCA basal-like c8,,BRCA basal-like c8,miRNA cluster 12,cluster 5,mutation c1uster 9,TCGA-B6-A1KF,TCGA Breast Cancer (BRCA),breast invasive carcinoma,Breast,,,,,68.0,Right Lower Outer Quadrant,Axillary lymph node dissection alone,,TCGA-B6-A1KF-F15739,TCGA-B6-A1KF,,,Negative,,,,,Negative,Other,,NO,,,-24891.0,,,0.0,3088.0,,,,,NO,,,,Scheduled Follow-up Submission,2011-8-29,FEMALE,,,60-69%,,2+,,,,,Infiltrating Ductal Carcinoma,,No,,C50.9,8500/3,C50.9,,YES,,Fine needle aspiration biopsy,,,Equivocal,,,14.0,Negative,Post (prior bilateral ovariectomy OR >12 mo since LMP with no prior hysterectomy),,,,,,,,,,,,,,,,,,,,4.0,5.0,,,,,,,,NO,2.0,,,No,M0,N1,T2,Stage IIB,,A1KF,TUMOR FREE,,,,,,,YES,,,YES,Primary Tumor,1,Excisional biopsy,5th,YES,NO,YES,B6,Breast,,LIVING,1998.0,e7d1fcd1-eb2a-4b6d-b5bd-6a0a6e4bec66,e7d1fcd1-eb2a-4b6d-b5bd-6a0a6e4bec66,,TCGA-B6-A1KF-01A-11D-A13L-09,TCGA-B6-A1KF-01,TCGA-B6-A1KF-01A-11D-A13K-05,,TCGA-B6-A1KF-01,TCGA-B6-A1KF-01A-11D-A13L-09,,,TCGA-B6-A1KF-01,TCGA-B6-A1KF-01A-11D-A13L-09,,e7d1fcd1-eb2a-4b6d-b5bd-6a0a6e4bec66,,TCGA-B6-A1KF-01A-11D-A13J-01,TCGA-B6-A1KF-01,,e7d1fcd1-eb2a-4b6d-b5bd-6a0a6e4bec66,TCGA-B6-A1KF-01A-11D-A13J-01,,TCGA-B6-A1KF-01,102.93333333333334,0,Stage IIB,Basal,0
TCGA-B6-A1KI-01,Stage I,63.0,2.0,Stage I,2236.0,,Positive,FEMALE,Negative,,,,Negative,M0,Negative,N0,2236.0,0.0,LumA,,Positive,,,,followup,T1,T1,LIVING,TCGA-B6-A1KI-01,Iq,C3-BRCA/Luminal,cluster 1,BRCA non-CIMP c9,,BRCA nonbasal-like c7,miRNA cluster 14,cluster 2,mutation cluster 4,TCGA-B6-A1KI,TCGA Breast Cancer (BRCA),breast invasive carcinoma,Breast,,,,,63.0,Right Upper Inner Quadrant,Sentinel node biopsy alone,,TCGA-B6-A1KI-F15737,TCGA-B6-A1KI,TCGA-B6-A1KI-01A,,Positive,,,,,Positive,Other,,NO,,,-23031.0,2634.0,,0.0,2236.0,,,,,NO,image cytometry,,3.1,Scheduled Follow-up Submission,2011-8-29,FEMALE,,,90-99%,,2+,60.0,3.8,1.2,,Infiltrating Ductal Carcinoma,,No,,C50.9,8500/3,C50.9,,YES,,Core needle biopsy,40.0,NO,Equivocal,Negative,,1.0,Negative,Post (prior bilateral ovariectomy OR >12 mo since LMP with no prior hysterectomy),,,,,,,,,,,,,,,,,,,,1.0,2.0,,,,,,,,NO,0.0,,True,No,M0,N0,T1c,Stage I,TCGA-B6-A1KI.C2711492-0BDD-487E-9C9B-CEF20BBE57C3.pdf,A1KI,TUMOR FREE,image cytometry,,,70 fmol/mg,288 fmol/mg,,YES,,,YES,Primary Tumor,1,Excisional biospy,6th,YES,NO,YES,B6,Breast,A,LIVING,2003.0,7d34b1bc-ac5a-4365-8dae-75b3f2ea5055,7d34b1bc-ac5a-4365-8dae-75b3f2ea5055,,TCGA-B6-A1KI-01A-11D-A14K-09,TCGA-B6-A1KI-01,TCGA-B6-A1KI-01A-11D-A14N-05,,TCGA-B6-A1KI-01,TCGA-B6-A1KI-01A-11D-A14K-09,,,TCGA-B6-A1KI-01,TCGA-B6-A1KI-01A-11D-A14K-09,,7d34b1bc-ac5a-4365-8dae-75b3f2ea5055,,TCGA-B6-A1KI-01A-11D-A14J-01,TCGA-B6-A1KI-01,,7d34b1bc-ac5a-4365-8dae-75b3f2ea5055,TCGA-B6-A1KI-01A-11D-A14J-01,,TCGA-B6-A1KI-01,74.53333333333333,0,Stage I,LumA,0
TCGA-B6-A1KN-01,Stage IIIB,57.0,5.0,Stage IIIC,4233.0,,Negative,FEMALE,Positive,,,,Negative,M0,Positive,N1,4233.0,0.0,LumB,,Negative,,,,followup,T_Other,T4,LIVING,TCGA-B6-A1KN-01,Squamous,C3-BRCA/Luminal,cluster 3,BRCA CIMP c7,,BRCA nonbasal-like c7,miRNA cluster 4,cluster 6,mutation cluster 5,TCGA-B6-A1KN,TCGA Breast Cancer (BRCA),breast invasive carcinoma,Breast,,,,,57.0,Right Upper Inner Quadrant,Axillary lymph node dissection alone,,TCGA-B6-A1KN-F15738,TCGA-B6-A1KN,TCGA-B6-A1KN-01A,,Negative,,,,,Negative,Modified Radical Mastectomy,,NO,,,-21183.0,4537.0,,0.0,4233.0,,,,,NO,,,,Scheduled Follow-up Submission,2011-8-29,FEMALE,,,,,,,,,,Infiltrating Ductal Carcinoma,,No,,C50.9,8500/3,C50.9,,YES,,Core needle biopsy,80.0,NO,,,,30.0,Negative,Post (prior bilateral ovariectomy OR >12 mo since LMP with no prior hysterectomy),,,,,,,,,,,,,,,,,,,,3.0,6.0,,,,,,,,NO,24.0,,True,No,M0,N1,T4b,Stage IIIB,TCGA-B6-A1KN.72996825-1FFA-4C51-8DB0-DA74BCB595EB.pdf,A1KN,TUMOR FREE,,,,,,,YES,,,YES,Primary Tumor,1,,5th,YES,NO,YES,B6,Breast,A,LIVING,1998.0,71b773fb-1efb-4d0f-9499-110ba937ade6,71b773fb-1efb-4d0f-9499-110ba937ade6,,TCGA-B6-A1KN-01A-11D-A13L-09,TCGA-B6-A1KN-01,TCGA-B6-A1KN-01A-11D-A13K-05,,TCGA-B6-A1KN-01,TCGA-B6-A1KN-01A-11D-A13L-09,,,TCGA-B6-A1KN-01,TCGA-B6-A1KN-01A-11D-A13L-09,,71b773fb-1efb-4d0f-9499-110ba937ade6,,TCGA-B6-A1KN-01A-11D-A13J-01,TCGA-B6-A1KN-01,,71b773fb-1efb-4d0f-9499-110ba937ade6,TCGA-B6-A1KN-01A-11D-A13J-01,,TCGA-B6-A1KN-01,141.1,0,Stage IIIB,LumB,0
TCGA-BH-A0EA-01,Stage IIA,72.0,2.0,Stage IIA,831.0,993.0,Positive,FEMALE,Negative,3.0,4.0,3.0,Negative,M0,Positive,N1,993.0,1.0,LumA,Luminal A,Positive,ReacI,-5.0,-7.0,enrollment,T1,T1,DECEASED,TCGA-BH-A0EA-01,Iq,C3-BRCA/Luminal,cluster 1,BRCA non-CIMP c9,BRCA nonbasal-like c8,BRCA nonbasal-like c7,miRNA c1uster 9,cluster 6,mutation cluster 4,TCGA-BH-A0EA,TCGA Breast Cancer (BRCA),breast invasive carcinoma,Breast,,,,,72.0,Left,,,TCGA-BH-A0EA-F58566,TCGA-BH-A0EA,TCGA-BH-A0EA-01A,,Positive,,,,,Positive,Other,,,,,-26548.0,567.0,991.0,0.0,,,,,,NO,,,,,2014-4-14,FEMALE,,,,,,,,,,Infiltrating Ductal Carcinoma,,No,,C50.9,8500/3,C50.9,,YES,,Core needle biopsy,220.0,NO,Negative,,NO,4.0,Negative,Post (prior bilateral ovariectomy OR >12 mo since LMP with no prior hysterectomy),,,,,,,,,,,,,,,,,,,,1.0,6.0,,,,,,,,NO,2.0,,True,Yes,M0,N1a,T1c,Stage IIA,TCGA-BH-A0EA.28231C7B-64EE-49AC-B7AB-9BADDDDCC17C.pdf,A0EA,TUMOR FREE,,,,,,YES,YES,,,NO,Primary Tumor,1,Total mastectomy with sentinel lymph node biopsy,6th,,NO,YES,BH,Breast,A,DECEASED,2008.0,ca71ca96-cbb7-4eab-9487-251dda34e107,ca71ca96-cbb7-4eab-9487-251dda34e107,TCGA-BH-A0EA-01A-21-A13C-20,TCGA-BH-A0EA-01A-11D-A10Y-09,TCGA-BH-A0EA-01,,8629bf5a-cdaf-4f6a-90bb-27dd4a7565c5,TCGA-BH-A0EA-01,TCGA-BH-A0EA-01A-11D-A10Y-09,TCGA-BH-A0EA-01A-11D-A112-05,TCGA-BH-A0EA-01,TCGA-BH-A0EA-01,TCGA-BH-A0EA-01A-11D-A10Y-09,,ca71ca96-cbb7-4eab-9487-251dda34e107,,TCGA-BH-A0EA-01A-11D-A111-01,TCGA-BH-A0EA-01,TCGA-BH-A0EA-01A-11R-A115-07,ca71ca96-cbb7-4eab-9487-251dda34e107,TCGA-BH-A0EA-01A-11D-A111-01,TCGA-BH-A0EA-01,TCGA-BH-A0EA-01,33.1,1,Stage IIA,LumA,1
TCGA-BH-A18J-01,Stage IV,56.0,2.0,No_Conversion,611.0,611.0,Positive,FEMALE,Negative,3.0,3.0,4.0,Positive,M1,Positive,N2,611.0,1.0,LumA,Luminal B,Positive,ReacII,-1.0,-3.0,enrollment,T_Other,T4,DECEASED,TCGA-BH-A18J-01,Squamous,C3-BRCA/Luminal,cluster 1,Cluster 5,BRCA nonbasal-like c8,BRCA nonbasal-like c7,miRNA cluster 4,cluster 4,mutation cluster 4,TCGA-BH-A18J,TCGA Breast Cancer (BRCA),breast invasive carcinoma,Breast,,,,,56.0,Right,,,,TCGA-BH-A18J,TCGA-BH-A18J-01A,,Positive,,,,,Positive,Modified Radical Mastectomy,,,,,-20678.0,3948.0,612.0,0.0,,,,,,YES,,40-49%,,,2011-6-8,FEMALE,,,,,,,,,,Infiltrating Ductal Carcinoma,,No,,C50.9,8500/3,C50.9,,YES,,,640.0,NO,Negative,,,,Negative,,,Negative,,,Positive,,,,,,,,Negative,,,,Positive,Bone,,1.0,4.0,,,,,,,,,,,True,No,M1,N2,T4b,Stage IV,TCGA-BH-A18J.589BC4DD-0079-4106-A2E6-9A48E9BD7DE2.pdf,A18J,WITH TUMOR,,,,,,,,30-39%,,,Primary Tumor,1,,5th,,NO,YES,BH,Breast,A,DECEASED,2000.0,56d889ba-6484-4940-ae85-1373ce4255b9,56d889ba-6484-4940-ae85-1373ce4255b9,TCGA-BH-A18J-01A-21-A13E-20,TCGA-BH-A18J-01A-11D-A12B-09,TCGA-BH-A18J-01,,dd4097f7-8330-42c3-aa6f-dd289837f65e,TCGA-BH-A18J-01,TCGA-BH-A18J-01A-11D-A12B-09,TCGA-BH-A18J-01A-11D-A12E-05,TCGA-BH-A18J-01,TCGA-BH-A18J-01,TCGA-BH-A18J-01A-11D-A12B-09,,56d889ba-6484-4940-ae85-1373ce4255b9,,TCGA-BH-A18J-01A-11D-A12A-01,TCGA-BH-A18J-01,TCGA-BH-A18J-01A-11R-A12D-07,56d889ba-6484-4940-ae85-1373ce4255b9,TCGA-BH-A18J-01A-11D-A12A-01,TCGA-BH-A18J-01,TCGA-BH-A18J-01,20.366666666666667,1,Stage IV,LumA,1
TCGA-BH-A18J-11,,56.0,,,611.0,611.0,,FEMALE,,,,,,,,,611.0,1.0,Normal,,,,,,enrollment,,,DECEASED,TCGA-BH-A18J-11,,C3-BRCA/Luminal,,,,,,,mutation cluster 4,TCGA-BH-A18J,TCGA Breast Cancer (BRCA),breast invasive carcinoma,Breast,,,,,56.0,Right,,,,TCGA-BH-A18J,TCGA-BH-A18J-11A,,Positive,,,,,Positive,Modified Radical Mastectomy,,,,,-20678.0,3948.0,612.0,0.0,,,,,,YES,,40-49%,,,2011-6-8,FEMALE,,,,,,,,,,Infiltrating Ductal Carcinoma,,No,,C50.9,8500/3,C50.9,,YES,,,230.0,NO,Negative,,,,Negative,,,Negative,,,Positive,,,,,,,,Negative,,,,Positive,Bone,,,,,,,,,,,,,,True,No,M1,N2,T4b,Stage IV,,A18J,WITH TUMOR,,,,,,,,30-39%,,,Solid Tissue Normal,11,,5th,,NO,YES,BH,Breast,A,DECEASED,2000.0,9fa440b0-6e8d-4c48-a425-50abc2682f6e,9fa440b0-6e8d-4c48-a425-50abc2682f6e,,,,,,,,TCGA-BH-A18J-11A-31D-A12E-05,,TCGA-BH-A18J-11,,,9fa440b0-6e8d-4c48-a425-50abc2682f6e,,,TCGA-BH-A18J-11,TCGA-BH-A18J-11A-31R-A12D-07,9fa440b0-6e8d-4c48-a425-50abc2682f6e,,,TCGA-BH-A18J-11,20.366666666666667,1,,Normal,1
TCGA-BH-A18K-01,Stage I,46.0,2.0,Stage I,2547.0,2762.0,Positive,FEMALE,Negative,,,,Negative,M0,Negative,N0,2762.0,1.0,LumA,Basal-like,Positive,,-13.0,-12.0,enrollment,T1,T1,DECEASED,TCGA-BH-A18K-01,High,C3-BRCA/Luminal,cluster 2,BRCA non-CIMP c9,,BRCA nonbasal-like c7,miRNA cluster 2,cluster 5,mutation cluster 4,TCGA-BH-A18K,TCGA Breast Cancer (BRCA),breast invasive carcinoma,Breast,,,,,46.0,Left Lower Inner Quadrant,Sentinel lymph node biopsy plus axillary dissection,,,TCGA-BH-A18K,TCGA-BH-A18K-01A,,Positive,,,,,Positive,Other,,,,,-16824.0,4011.0,2763.0,0.0,,,,,,NO,,,,,2011-6-9,FEMALE,,,,,,,,,,Infiltrating Ductal Carcinoma,,No,,C50.9,8500/3,C50.9,,YES,,Core needle biopsy,100.0,NO,Negative,,,11.0,Negative,,,,,,,,,,,,,,,,,,,,,2.0,5.0,,,,,,,,,0.0,,True,No,M0,N0,T1,Stage I,TCGA-BH-A18K.EEB515A4-4AF3-475B-B6C0-A6134C96480A.pdf,A18K,WITH TUMOR,,,,,,,YES,,,,Primary Tumor,1,segmental mastectomy with axillary dissection,5th,,NO,YES,BH,Breast,A,DECEASED,1999.0,78e00469-0dd6-490e-93f1-068b9a386839,78e00469-0dd6-490e-93f1-068b9a386839,,TCGA-BH-A18K-01A-11D-A12B-09,TCGA-BH-A18K-01,,,TCGA-BH-A18K-01,TCGA-BH-A18K-01A-11D-A12B-09,TCGA-BH-A18K-01A-11D-A12E-05,TCGA-BH-A18K-01,TCGA-BH-A18K-01,TCGA-BH-A18K-01A-11D-A12B-09,,78e00469-0dd6-490e-93f1-068b9a386839,,TCGA-BH-A18K-01A-11D-A12A-01,TCGA-BH-A18K-01,TCGA-BH-A18K-01A-11R-A12D-07,78e00469-0dd6-490e-93f1-068b9a386839,TCGA-BH-A18K-01A-11D-A12A-01,TCGA-BH-A18K-01,TCGA-BH-A18K-01,92.06666666666666,1,Stage I,LumA,0
TCGA-BH-A18K-11,,46.0,,,2547.0,2762.0,,FEMALE,,,,,,,,,2762.0,1.0,Normal,,,,,,enrollment,,,DECEASED,TCGA-BH-A18K-11,,C3-BRCA/Luminal,,,,,,,mutation cluster 4,TCGA-BH-A18K,TCGA Breast Cancer (BRCA),breast invasive carcinoma,Breast,,,,,46.0,Left Lower Inner Quadrant,Sentinel lymph node biopsy plus axillary dissection,,,TCGA-BH-A18K,,,Positive,,,,,Positive,Other,,,,,-16824.0,,2763.0,0.0,,,,,,NO,,,,,2011-6-9,FEMALE,,,,,,,,,,Infiltrating Ductal Carcinoma,,No,,C50.9,8500/3,C50.9,,YES,,Core needle biopsy,,,Negative,,,11.0,Negative,,,,,,,,,,,,,,,,,,,,,,,,,,,,,,,0.0,,,No,M0,N0,T1,Stage I,,A18K,WITH TUMOR,,,,,,,YES,,,,Solid Tissue Normal,11,segmental mastectomy with axillary dissection,5th,,NO,YES,BH,Breast,,DECEASED,1999.0,dc55c016-0e33-46b0-ac5e-f854c667a378,dc55c016-0e33-46b0-ac5e-f854c667a378,,,,,,,,TCGA-BH-A18K-11A-13D-A12E-05,,TCGA-BH-A18K-11,,,dc55c016-0e33-46b0-ac5e-f854c667a378,,,TCGA-BH-A18K-11,TCGA-BH-A18K-11A-13R-A12D-07,dc55c016-0e33-46b0-ac5e-f854c667a378,,,TCGA-BH-A18K-11,92.06666666666666,1,,Normal,0
TCGA-BH-A18L-01,Stage IIB,50.0,5.0,Stage IIIA,372.0,811.0,Positive,FEMALE,,1.0,1.0,4.0,Negative,M0,Positive,N1,811.0,1.0,LumB,Luminal B,Positive,ReacII,-10.0,-5.0,enrollment,T_Other,T3,DECEASED,TCGA-BH-A18L-01,High,C3-BRCA/Luminal,cluster 4,BRCA non-CIMP c9,BRCA nonbasal-like c8,BRCA nonbasal-like c7,miRNA cluster 6,cluster 1,mutation c1uster 9,TCGA-BH-A18L,TCGA Breast Cancer (BRCA),breast invasive carcinoma,Breast,,,,,50.0,Left Upper Outer Quadrant,Sentinel node biopsy alone,,,TCGA-BH-A18L,,,Positive,,,,,Positive,Other,,,,,-18519.0,,811.0,0.0,,,,,,NO,,,,,2011-6-9,FEMALE,,,,,,,,,,Infiltrating Ductal Carcinoma,,No,,C50.9,8500/3,C50.9,,YES,,Core needle biopsy,,,Negative,,,3.0,Negative,,,,,,,,,,,,,,,,,,,,,4.0,1.0,,,,,,,,,1.0,1.0,,No,M0,N1mi,T3,Stage IIIA,,A18L,,,,,,,,YES,,,,Primary Tumor,1,total mastectomy and sentinel node biopsy,6th,,NO,YES,BH,Breast,,DECEASED,2003.0,c3604281-d909-4819-a90e-a1081b1e9d7f,c3604281-d909-4819-a90e-a1081b1e9d7f,TCGA-BH-A18L-01A-21-A13F-20,TCGA-BH-A18L-01A-32D-A12B-09,TCGA-BH-A18L-01,,ede8d4b2-4cfd-4f4f-a11f-3269c0ba7661,TCGA-BH-A18L-01,TCGA-BH-A18L-01A-32D-A12B-09,TCGA-BH-A18L-01A-32D-A12E-05,TCGA-BH-A18L-01,TCGA-BH-A18L-01,TCGA-BH-A18L-01A-32D-A12B-09,,c3604281-d909-4819-a90e-a1081b1e9d7f,,TCGA-BH-A18L-01A-32D-A12A-01,TCGA-BH-A18L-01,TCGA-BH-A18L-01A-32R-A12D-07,c3604281-d909-4819-a90e-a1081b1e9d7f,TCGA-BH-A18L-01A-32D-A12A-01,TCGA-BH-A18L-01,TCGA-BH-A18L-01,27.033333333333335,1,Stage IIB,LumB,1
TCGA-BH-A18L-11,,50.0,,,372.0,811.0,,FEMALE,,,,,,,,,811.0,1.0,Normal,,,,,,enrollment,,,DECEASED,TCGA-BH-A18L-11,,C3-BRCA/Luminal,,,,,,,mutation c1uster 9,TCGA-BH-A18L,TCGA Breast Cancer (BRCA),breast invasive carcinoma,Breast,,,,,50.0,Left Upper Outer Quadrant,Sentinel node biopsy alone,,,TCGA-BH-A18L,TCGA-BH-A18L-11A,,Positive,,,,,Positive,Other,,,,,-18519.0,2669.0,811.0,0.0,,,,,,NO,,,,,2011-6-9,FEMALE,,,,,,,,,,Infiltrating Ductal Carcinoma,,No,,C50.9,8500/3,C50.9,,YES,,Core needle biopsy,530.0,NO,Negative,,,3.0,Negative,,,,,,,,,,,,,,,,,,,,,,,,,,,,,,,1.0,1.0,True,No,M0,N1mi,T3,Stage IIIA,,A18L,,,,,,,,YES,,,,Solid Tissue Normal,11,total mastectomy and sentinel node biopsy,6th,,NO,YES,BH,Breast,A,DECEASED,2003.0,0b937a20-66d4-4d05-bf50-4828cead9c92,0b937a20-66d4-4d05-bf50-4828cead9c92,,,,,AE6873BA-EA4A-4FE3-9D4F-B32FFC5BBF98,,,TCGA-BH-A18L-11A-42D-A12E-05,,TCGA-BH-A18L-11,,,0b937a20-66d4-4d05-bf50-4828cead9c92,,,TCGA-BH-A18L-11,TCGA-BH-A18L-11A-42R-A12D-07,0b937a20-66d4-4d05-bf50-4828cead9c92,,,TCGA-BH-A18L-11,27.033333333333335,1,,Normal,1
TCGA-BH-A18M-01,Stage IIB,39.0,2.0,Stage IIIA,2207.0,2207.0,Positive,FEMALE,Positive,3.0,4.0,3.0,Negative,M0,Positive,N1,2207.0,1.0,LumA,Luminal A,Positive,ReacI,-5.0,-7.0,enrollment,T_Other,T3,DECEASED,TCGA-BH-A18M-01,Iq,C3-BRCA/Luminal,cluster 1,BRCA non-CIMP c9,BRCA nonbasal-like c8,BRCA nonbasal-like c7,miRNA cluster 13,cluster 6,mutation cluster 4,TCGA-BH-A18M,TCGA Breast Cancer (BRCA),breast invasive carcinoma,Breast,,,,,39.0,Left Upper Inner Quadrant,,,,TCGA-BH-A18M,TCGA-BH-A18M-01A,,Positive,,,,,Positive,Modified Radical Mastectomy,,,,,-14532.0,3629.0,2207.0,0.0,,,,,,NO,,,,,2011-6-15,FEMALE,,,,,,,,,,Infiltrating Ductal Carcinoma,,No,,C50.3,8500/3,C50.3,,YES,,Core needle biopsy,360.0,NO,Positive,Positive,,6.0,Negative,,,,,,,,,,,,,,,,,,,,,1.0,6.0,,,,,,,,,4.0,4.0,True,No,M0,N1,T3,Stage IIIA,TCGA-BH-A18M.4F67B7BE-68C1-40E1-8276-2D26B46C744D.pdf,A18M,,,,,,,,YES,,,,Primary Tumor,1,,5th,,NO,YES,BH,Breast,A,DECEASED,2001.0,4dfbdec6-1911-412c-9873-f6782ab8ff66,4dfbdec6-1911-412c-9873-f6782ab8ff66,TCGA-BH-A18M-01A-21-A13E-20,TCGA-BH-A18M-01A-11D-A12B-09,TCGA-BH-A18M-01,,1d42bf05-8579-448e-bb82-e07aa1c93c97,TCGA-BH-A18M-01,TCGA-BH-A18M-01A-11D-A12B-09,TCGA-BH-A18M-01A-11D-A12E-05,TCGA-BH-A18M-01,TCGA-BH-A18M-01,TCGA-BH-A18M-01A-11D-A12B-09,,4dfbdec6-1911-412c-9873-f6782ab8ff66,,TCGA-BH-A18M-01A-11D-A12A-01,TCGA-BH-A18M-01,TCGA-BH-A18M-01A-11R-A12D-07,4dfbdec6-1911-412c-9873-f6782ab8ff66,TCGA-BH-A18M-01A-11D-A12A-01,TCGA-BH-A18M-01,TCGA-BH-A18M-01,73.56666666666666,1,Stage IIB,LumA,0
TCGA-BH-A18M-11,,39.0,,,2207.0,2207.0,,FEMALE,,,,,,,,,2207.0,1.0,Normal,,,,,,enrollment,,,DECEASED,TCGA-BH-A18M-11,,C3-BRCA/Luminal,,,,,,,mutation cluster 4,TCGA-BH-A18M,TCGA Breast Cancer (BRCA),breast invasive carcinoma,Breast,,,,,39.0,Left Upper Inner Quadrant,,,,TCGA-BH-A18M,TCGA-BH-A18M-11A,,Positive,,,,,Positive,Modified Radical Mastectomy,,,,,-14532.0,3629.0,2207.0,0.0,,,,,,NO,,,,,2011-6-15,FEMALE,,,,,,,,,,Infiltrating Ductal Carcinoma,,No,,C50.3,8500/3,C50.3,,YES,,Core needle biopsy,310.0,NO,Positive,Positive,,6.0,Negative,,,,,,,,,,,,,,,,,,,,,,,,,,,,,,,4.0,4.0,True,No,M0,N1,T3,Stage IIIA,,A18M,,,,,,,,YES,,,,Solid Tissue Normal,11,,5th,,NO,YES,BH,Breast,A,DECEASED,2001.0,2147e537-16f0-4bc3-a87f-572f8dcb9191,2147e537-16f0-4bc3-a87f-572f8dcb9191,,,,,,,,TCGA-BH-A18M-11A-33D-A12E-05,,TCGA-BH-A18M-11,,,2147e537-16f0-4bc3-a87f-572f8dcb9191,,,TCGA-BH-A18M-11,TCGA-BH-A18M-11A-33R-A12D-07,2147e537-16f0-4bc3-a87f-572f8dcb9191,,,TCGA-BH-A18M-11,73.56666666666666,1,,Normal,0
TCGA-BH-A18N-01,Stage IIA,88.0,3.0,No_Conversion,1148.0,1148.0,Positive,FEMALE,Negative,3.0,3.0,3.0,Negative,M0,Positive,N1,1148.0,1.0,LumA,Luminal A,Positive,LumA,-12.0,-3.0,enrollment,T_Other,T2,DECEASED,TCGA-BH-A18N-01,Kirc+,C3-BRCA/Luminal,cluster 2,BRCA non-CIMP c9,BRCA nonbasal-like c8,BRCA nonbasal-like c7,miRNA cluster 14,cluster 6,mutation c1uster 9,TCGA-BH-A18N,TCGA Breast Cancer (BRCA),breast invasive carcinoma,Breast,,,,,88.0,Left,Axillary lymph node dissection alone,,TCGA-BH-A18N-F59153,TCGA-BH-A18N,,,Positive,,,,,Positive,Modified Radical Mastectomy,,,,,-32404.0,,1148.0,0.0,,,,,,NO,,,,,2014-5-1,FEMALE,,,,,,,,,,Infiltrating Ductal Carcinoma,,No,,C50.9,8500/3,C50.9,,YES,,Fine needle aspiration biopsy,,,Negative,,NO,26.0,Negative,,,,,,,,,,,,,,,,,,,,,2.0,6.0,,,,,,,,,2.0,2.0,,No,M0,N1b,T2,Stage IIA,,A18N,,,,,,,NO,YES,,,NO,Primary Tumor,1,,,,NO,YES,BH,Breast,,DECEASED,2001.0,a8884443-832f-45bb-96a0-dead699cc7e3,a8884443-832f-45bb-96a0-dead699cc7e3,TCGA-BH-A18N-01A-21-A13E-20,TCGA-BH-A18N-01A-11D-A12B-09,TCGA-BH-A18N-01,,f3320803-e927-4d94-aafa-5bc8cef352f9,TCGA-BH-A18N-01,TCGA-BH-A18N-01A-11D-A12B-09,TCGA-BH-A18N-01A-11D-A12E-05,TCGA-BH-A18N-01,TCGA-BH-A18N-01,TCGA-BH-A18N-01A-11D-A12B-09,,a8884443-832f-45bb-96a0-dead699cc7e3,,TCGA-BH-A18N-01A-11D-A12A-01,TCGA-BH-A18N-01,TCGA-BH-A18N-01A-11R-A12D-07,a8884443-832f-45bb-96a0-dead699cc7e3,TCGA-BH-A18N-01A-11D-A12A-01,TCGA-BH-A18N-01,TCGA-BH-A18N-01,38.266666666666666,1,Stage IIA,LumA,1
TCGA-BH-A18N-11,,88.0,,,1148.0,1148.0,,FEMALE,,,,,,,,,1148.0,1.0,Normal,,,,,,enrollment,,,DECEASED,TCGA-BH-A18N-11,,C3-BRCA/Luminal,,,,,,,mutation c1uster 9,TCGA-BH-A18N,TCGA Breast Cancer (BRCA),breast invasive carcinoma,Breast,,,,,88.0,Left,Axillary lymph node dissection alone,,TCGA-BH-A18N-F59153,TCGA-BH-A18N,TCGA-BH-A18N-11A,,Positive,,,,,Positive,Modified Radical Mastectomy,,,,,-32404.0,3374.0,1148.0,0.0,,,,,,NO,,,,,2014-5-1,FEMALE,,,,,,,,,,Infiltrating Ductal Carcinoma,,No,,C50.9,8500/3,C50.9,,YES,,Fine needle aspiration biopsy,590.0,NO,Negative,,NO,26.0,Negative,,,,,,,,,,,,,,,,,,,,,,,,,,,,,,,2.0,2.0,True,No,M0,N1b,T2,Stage IIA,,A18N,,,,,,,NO,YES,,,NO,Solid Tissue Normal,11,,,,NO,YES,BH,Breast,A,DECEASED,2001.0,d40f0f2c-4acf-4ea6-b344-1eca23f50fa6,d40f0f2c-4acf-4ea6-b344-1eca23f50fa6,,,,,3A6CFBA6-849B-416F-A652-F3540DEBEB02,,,TCGA-BH-A18N-11A-43D-A12E-05,,TCGA-BH-A18N-11,,,d40f0f2c-4acf-4ea6-b344-1eca23f50fa6,,,TCGA-BH-A18N-11,TCGA-BH-A18N-11A-43R-A12D-07,d40f0f2c-4acf-4ea6-b344-1eca23f50fa6,,,TCGA-BH-A18N-11,38.266666666666666,1,,Normal,1
TCGA-BH-A18P-01,Stage I,60.0,2.0,Stage I,921.0,921.0,Positive,FEMALE,Negative,1.0,3.0,1.0,Negative,M0,Negative,N0,921.0,1.0,Her2,HER2-enriched,Negative,X,-1.0,-1.0,enrollment,T1,T1,DECEASED,TCGA-BH-A18P-01,Iq,C3-BRCA/Luminal,cluster 4,BRCA CIMP c7,BRCA nonbasal-like c8,BRCA nonbasal-like c7,miRNA cluster 12,cluster 5,mutation cluster 4,TCGA-BH-A18P,TCGA Breast Cancer (BRCA),breast invasive carcinoma,Breast,,,,,60.0,Left Lower Inner Quadrant,Sentinel node biopsy alone,,,TCGA-BH-A18P,TCGA-BH-A18P-01A,,Positive,,,,,Negative,Simple Mastectomy,,,,,-22222.0,2639.0,921.0,0.0,,,,,,,,<10%,,,2011-6-22,FEMALE,,,10-19%,,2+,,,,,Infiltrating Ductal Carcinoma,,No,,C50.3,8500/3,C50.3,1+,YES,,Fine needle aspiration biopsy,230.0,NO,Positive,Positive,,2.0,Negative,,,,,,,,,,,,,,,,,,,,,4.0,5.0,,,,,,,,,0.0,,True,No,M0,N0,T1,Stage I,TCGA-BH-A18P.D24BB508-6E9A-4CF7-93C6-975E79F6E86D.pdf,A18P,WITH TUMOR,,,,,,,YES,,,,Primary Tumor,1,,6th,,NO,YES,BH,Breast,A,DECEASED,2003.0,3b48796b-8591-4d7a-a502-5c4293647156,3b48796b-8591-4d7a-a502-5c4293647156,TCGA-BH-A18P-01A-21-A13F-20,TCGA-BH-A18P-01A-11D-A12B-09,TCGA-BH-A18P-01,,dc104da8-075e-46cb-b43b-d1c5bda730d3,TCGA-BH-A18P-01,TCGA-BH-A18P-01A-11D-A12B-09,TCGA-BH-A18P-01A-11D-A12E-05,TCGA-BH-A18P-01,TCGA-BH-A18P-01,TCGA-BH-A18P-01A-11D-A12B-09,,3b48796b-8591-4d7a-a502-5c4293647156,,TCGA-BH-A18P-01A-11D-A12A-01,TCGA-BH-A18P-01,TCGA-BH-A18P-01A-11R-A12D-07,3b48796b-8591-4d7a-a502-5c4293647156,TCGA-BH-A18P-01A-11D-A12A-01,TCGA-BH-A18P-01,TCGA-BH-A18P-01,30.7,1,Stage I,Her2,1
TCGA-BH-A18P-11,,60.0,,,921.0,921.0,,FEMALE,,,,,,,,,921.0,1.0,Normal,,,,,,enrollment,,,DECEASED,TCGA-BH-A18P-11,,C3-BRCA/Luminal,,,,,,,mutation cluster 4,TCGA-BH-A18P,TCGA Breast Cancer (BRCA),breast invasive carcinoma,Breast,,,,,60.0,Left Lower Inner Quadrant,Sentinel node biopsy alone,,,TCGA-BH-A18P,TCGA-BH-A18P-11A,,Positive,,,,,Negative,Simple Mastectomy,,,,,-22222.0,2639.0,921.0,0.0,,,,,,,,<10%,,,2011-6-22,FEMALE,,,10-19%,,2+,,,,,Infiltrating Ductal Carcinoma,,No,,C50.3,8500/3,C50.3,1+,YES,,Fine needle aspiration biopsy,520.0,NO,Positive,Positive,,2.0,Negative,,,,,,,,,,,,,,,,,,,,,,,,,,,,,,,0.0,,True,No,M0,N0,T1,Stage I,,A18P,WITH TUMOR,,,,,,,YES,,,,Solid Tissue Normal,11,,6th,,NO,YES,BH,Breast,A,DECEASED,2003.0,08236177-a046-4cfe-a11c-a24292a1f777,08236177-a046-4cfe-a11c-a24292a1f777,,,,,5C2F7AFD-3F6E-46BB-A17B-F10BE5E243FC,,,TCGA-BH-A18P-11A-43D-A12E-05,,TCGA-BH-A18P-11,,,08236177-a046-4cfe-a11c-a24292a1f777,,,TCGA-BH-A18P-11,TCGA-BH-A18P-11A-43R-A12D-07,08236177-a046-4cfe-a11c-a24292a1f777,,,TCGA-BH-A18P-11,30.7,1,,Normal,1
TCGA-BH-A18Q-01,Stage IIB,56.0,1.0,No_Conversion,1692.0,1692.0,Negative,FEMALE,Negative,2.0,2.0,2.0,Negative,M0,Positive,N1,1692.0,1.0,Basal,Basal-like,Negative,Basal,-13.0,-12.0,enrollment,T_Other,T2,DECEASED,TCGA-BH-A18Q-01,High,C4-BRCA/Basal,cluster 5,BRCA basal-like c8,BRCA basal-like c6,BRCA basal-like c8,miRNA cluster 7,cluster 5,mutation cluster 13,TCGA-BH-A18Q,TCGA Breast Cancer (BRCA),breast invasive carcinoma,Breast,,,,,56.0,Left,Axillary lymph node dissection alone,,,TCGA-BH-A18Q,TCGA-BH-A18Q-01A,,Negative,,,,,Negative,Modified Radical Mastectomy,,,,,-20675.0,3417.0,1692.0,0.0,,,,,,,,,,,2011-6-24,FEMALE,,,,,,,,,,Infiltrating Ductal Carcinoma,,No,,C50.8,8500/3,C50.8,,YES,,Core needle biopsy,130.0,NO,Positive,Negative,,25.0,Negative,,,,,,,,,,,,,,,,,,,,,5.0,5.0,,,,,,,,,2.0,2.0,True,No,M0,N1b,T2,Stage IIB,TCGA-BH-A18Q.BB4C7377-F10C-48D2-A8AA-6D5B43FEB108.pdf,A18Q,,,,,,,,YES,,,,Primary Tumor,1,,,,NO,YES,BH,Breast,A,DECEASED,2001.0,2c75afc3-11b5-444d-b6e0-61d76b299f40,2c75afc3-11b5-444d-b6e0-61d76b299f40,TCGA-BH-A18Q-01A-21-A13E-20,TCGA-BH-A18Q-01A-12D-A12B-09,TCGA-BH-A18Q-01,,44798c24-89d7-4d25-a4bc-3d2fab66b4e8,TCGA-BH-A18Q-01,TCGA-BH-A18Q-01A-12D-A12B-09,TCGA-BH-A18Q-01A-12D-A12E-05,TCGA-BH-A18Q-01,TCGA-BH-A18Q-01,TCGA-BH-A18Q-01A-12D-A12B-09,,2c75afc3-11b5-444d-b6e0-61d76b299f40,,TCGA-BH-A18Q-01A-12D-A12A-01,TCGA-BH-A18Q-01,TCGA-BH-A18Q-01A-12R-A12D-07,2c75afc3-11b5-444d-b6e0-61d76b299f40,TCGA-BH-A18Q-01A-12D-A12A-01,TCGA-BH-A18Q-01,TCGA-BH-A18Q-01,56.4,1,Stage IIB,Basal,1
TCGA-BH-A18Q-11,,56.0,,,1692.0,1692.0,,FEMALE,,,,,,,,,1692.0,1.0,Normal,,,,,,enrollment,,,DECEASED,TCGA-BH-A18Q-11,,C4-BRCA/Basal,,,,,,,mutation cluster 13,TCGA-BH-A18Q,TCGA Breast Cancer (BRCA),breast invasive carcinoma,Breast,,,,,56.0,Left,Axillary lymph node dissection alone,,,TCGA-BH-A18Q,TCGA-BH-A18Q-11A,,Negative,,,,,Negative,Modified Radical Mastectomy,,,,,-20675.0,3417.0,1692.0,0.0,,,,,,,,,,,2011-6-24,FEMALE,,,,,,,,,,Infiltrating Ductal Carcinoma,,No,,C50.8,8500/3,C50.8,,YES,,Core needle biopsy,510.0,NO,Positive,Negative,,25.0,Negative,,,,,,,,,,,,,,,,,,,,,,,,,,,,,,,2.0,2.0,True,No,M0,N1b,T2,Stage IIB,,A18Q,,,,,,,,YES,,,,Solid Tissue Normal,11,,,,NO,YES,BH,Breast,A,DECEASED,2001.0,120bc298-f016-4c80-aa5f-a9006444942c,120bc298-f016-4c80-aa5f-a9006444942c,,,,,E36930F3-2442-4C58-B426-DC2C0CDCB79D,,,TCGA-BH-A18Q-11A-34D-A12E-05,,TCGA-BH-A18Q-11,,,120bc298-f016-4c80-aa5f-a9006444942c,,,TCGA-BH-A18Q-11,TCGA-BH-A18Q-11A-34R-A12D-07,120bc298-f016-4c80-aa5f-a9006444942c,,,TCGA-BH-A18Q-11,56.4,1,,Normal,1
TCGA-BH-A18R-01,Stage IB,50.0,3.0,No_Conversion,1099.0,1141.0,Indeterminate,FEMALE,Positive,1.0,1.0,1.0,Negative,M0,Positive,N1,1141.0,1.0,Her2,HER2-enriched,Negative,Her2,-2.0,0.0,enrollment,T_Other,T2,DECEASED,TCGA-BH-A18R-01,High,C3-BRCA/Luminal,cluster 4,BRCA CIMP c7,BRCA basal-like c6,BRCA nonbasal-like c7,miRNA cluster 4,cluster 4,mutation c1uster 9,TCGA-BH-A18R,TCGA Breast Cancer (BRCA),breast invasive carcinoma,Breast,,,,,50.0,Right Upper Outer Quadrant,,,,TCGA-BH-A18R,,,Indeterminate,,,,,Negative,Modified Radical Mastectomy,,,,,-18524.0,,1142.0,0.0,,,,,,NO,,20-29%,,,2011-7-3,FEMALE,,,,,3+,,,,,Infiltrating Ductal Carcinoma,,No,,C50.9,8500/3,C50.9,,YES,,Incisional Biopsy,,,Positive,Positive,,15.0,Negative,,,,,,,,,,,,,,,,,,,,,4.0,4.0,,,,,,,,,10.0,,,No,M0,N1,T2b,Stage IIA,,A18R,TUMOR FREE,,,,,,,YES,,,,Primary Tumor,1,,,,NO,YES,BH,Breast,,DECEASED,2001.0,b05828bc-eb75-4220-9972-6c6d62fa5303,b05828bc-eb75-4220-9972-6c6d62fa5303,TCGA-BH-A18R-01A-21-A13E-20,TCGA-BH-A18R-01A-11D-A12B-09,TCGA-BH-A18R-01,,ae2a3335-136b-4a32-b247-5b160862fb22,TCGA-BH-A18R-01,TCGA-BH-A18R-01A-11D-A12B-09,TCGA-BH-A18R-01A-11D-A12E-05,TCGA-BH-A18R-01,TCGA-BH-A18R-01,TCGA-BH-A18R-01A-11D-A12B-09,,b05828bc-eb75-4220-9972-6c6d62fa5303,,TCGA-BH-A18R-01A-11D-A12A-01,TCGA-BH-A18R-01,TCGA-BH-A18R-01A-11R-A12D-07,b05828bc-eb75-4220-9972-6c6d62fa5303,TCGA-BH-A18R-01A-11D-A12A-01,TCGA-BH-A18R-01,TCGA-BH-A18R-01,38.03333333333333,1,Stage IB,Her2,1
TCGA-BH-A18R-11,,50.0,,,1099.0,1141.0,,FEMALE,,,,,,,,,1141.0,1.0,Normal,,,,,,enrollment,,,DECEASED,TCGA-BH-A18R-11,,C3-BRCA/Luminal,,,,,,,mutation c1uster 9,TCGA-BH-A18R,TCGA Breast Cancer (BRCA),breast invasive carcinoma,Breast,,,,,50.0,Right Upper Outer Quadrant,,,,TCGA-BH-A18R,TCGA-BH-A18R-11A,,Indeterminate,,,,,Negative,Modified Radical Mastectomy,,,,,-18524.0,3571.0,1142.0,0.0,,,,,,NO,,20-29%,,,2011-7-3,FEMALE,,,,,3+,,,,,Infiltrating Ductal Carcinoma,,No,,C50.9,8500/3,C50.9,,YES,,Incisional Biopsy,350.0,NO,Positive,Positive,,15.0,Negative,,,,,,,,,,,,,,,,,,,,,,,,,,,,,,,10.0,,True,No,M0,N1,T2b,Stage IIA,,A18R,TUMOR FREE,,,,,,,YES,,,,Solid Tissue Normal,11,,,,NO,YES,BH,Breast,A,DECEASED,2001.0,5462aaff-d060-4ba7-9ab5-0e6977accb91,5462aaff-d060-4ba7-9ab5-0e6977accb91,,,,,0F909B7E-B7B3-4B79-B3E6-31BAAFFFA9C6,,,TCGA-BH-A18R-11A-42D-A12E-05,,TCGA-BH-A18R-11,,,5462aaff-d060-4ba7-9ab5-0e6977accb91,,,TCGA-BH-A18R-11,TCGA-BH-A18R-11A-42R-A12D-07,5462aaff-d060-4ba7-9ab5-0e6977accb91,,,TCGA-BH-A18R-11,38.03333333333333,1,,Normal,1
TCGA-BH-A18S-01,Stage I,79.0,5.0,Stage I,2009.0,2009.0,Positive,FEMALE,,3.0,3.0,3.0,Negative,M0,Negative,N0,2009.0,1.0,LumA,Luminal A,Positive,LumA/B,-12.0,-3.0,enrollment,T1,T1,DECEASED,TCGA-BH-A18S-01,Iq,C3-BRCA/Luminal,cluster 2,BRCA non-CIMP c9,BRCA nonbasal-like c8,BRCA nonbasal-like c7,miRNA c1uster 10,cluster 7,mutation cluster 12,TCGA-BH-A18S,TCGA Breast Cancer (BRCA),breast invasive carcinoma,Breast,,,,,79.0,Right Lower Inner Quadrant,Sentinel node biopsy alone,,,TCGA-BH-A18S,,,Positive,,,,,Positive,Other,,,,,-28974.0,,2009.0,0.0,,,,,,,,,,,2011-7-2,FEMALE,,,,,,,,,,Mucinous Carcinoma,,No,,C50.3,8523/3,C50.3,,YES,,Core needle biopsy,,,Negative,,,2.0,Negative,Post (prior bilateral ovariectomy OR >12 mo since LMP with no prior hysterectomy),,,,,,,,,,,,,,,,,,,,2.0,7.0,,,,,,,,,0.0,,,No,M0,N0,T1c,Stage I,,A18S,TUMOR FREE,,,,,,,YES,,,,Primary Tumor,1,total mastectomy,6th,,NO,YES,BH,Breast,,DECEASED,2003.0,cf00b389-d06b-4dd5-9b18-737b06ab9bed,cf00b389-d06b-4dd5-9b18-737b06ab9bed,TCGA-BH-A18S-01A-21-A13E-20,TCGA-BH-A18S-01A-11D-A12B-09,TCGA-BH-A18S-01,,cd625353-3b48-44c0-9695-074db13850d9,TCGA-BH-A18S-01,TCGA-BH-A18S-01A-11D-A12B-09,TCGA-BH-A18S-01A-11D-A12E-05,TCGA-BH-A18S-01,TCGA-BH-A18S-01,TCGA-BH-A18S-01A-11D-A12B-09,,cf00b389-d06b-4dd5-9b18-737b06ab9bed,,TCGA-BH-A18S-01A-11D-A12A-01,TCGA-BH-A18S-01,TCGA-BH-A18S-01A-11R-A12D-07,cf00b389-d06b-4dd5-9b18-737b06ab9bed,TCGA-BH-A18S-01A-11D-A12A-01,TCGA-BH-A18S-01,TCGA-BH-A18S-01,66.96666666666667,1,Stage I,LumA,0
TCGA-BH-A18S-11,,79.0,,,2009.0,2009.0,,FEMALE,,,,,,,,,2009.0,1.0,Normal,,,,,,enrollment,,,DECEASED,TCGA-BH-A18S-11,,C3-BRCA/Luminal,,,,,,,mutation cluster 12,TCGA-BH-A18S,TCGA Breast Cancer (BRCA),breast invasive carcinoma,Breast,,,,,79.0,Right Lower Inner Quadrant,Sentinel node biopsy alone,,,TCGA-BH-A18S,,,Positive,,,,,Positive,Other,,,,,-28974.0,,2009.0,0.0,,,,,,,,,,,2011-7-2,FEMALE,,,,,,,,,,Mucinous Carcinoma,,No,,C50.3,8523/3,C50.3,,YES,,Core needle biopsy,,,Negative,,,2.0,Negative,Post (prior bilateral ovariectomy OR >12 mo since LMP with no prior hysterectomy),,,,,,,,,,,,,,,,,,,,,,,,,,,,,,0.0,,,No,M0,N0,T1c,Stage I,,A18S,TUMOR FREE,,,,,,,YES,,,,Solid Tissue Normal,11,total mastectomy,6th,,NO,YES,BH,Breast,,DECEASED,2003.0,fa7bcdff-10e1-44f1-86ed-90fab26bc61f,fa7bcdff-10e1-44f1-86ed-90fab26bc61f,,,,,,,,TCGA-BH-A18S-11A-43D-A12E-05,,TCGA-BH-A18S-11,,,fa7bcdff-10e1-44f1-86ed-90fab26bc61f,,,TCGA-BH-A18S-11,TCGA-BH-A18S-11A-43R-A12D-07,fa7bcdff-10e1-44f1-86ed-90fab26bc61f,,,TCGA-BH-A18S-11,66.96666666666667,1,,Normal,0
TCGA-BH-A18T-01,Stage IIA,70.0,1.0,Stage IIA,224.0,224.0,Negative,FEMALE,Negative,2.0,2.0,2.0,Negative,M0,Negative,N0,224.0,1.0,Basal,Luminal A,Negative,ReacII,0.0,-3.0,enrollment,T_Other,T2,DECEASED,TCGA-BH-A18T-01,High,C4-BRCA/Basal,cluster 5,BRCA basal-like c8,BRCA basal-like c6,BRCA basal-like c8,miRNA cluster 14,cluster 2,mutation cluster 5,TCGA-BH-A18T,TCGA Breast Cancer (BRCA),breast invasive carcinoma,Breast,,,,,70.0,Right Upper Outer Quadrant,Sentinel node biopsy alone,,,TCGA-BH-A18T,TCGA-BH-A18T-01A,,Negative,,,,,Negative,Other,,,,,-25674.0,2737.0,224.0,0.0,,,,,,,,,,,2011-7-2,FEMALE,,,,,2+,,,,,Infiltrating Ductal Carcinoma,,No,,C50.9,8500/3,C50.9,,YES,,Fine needle aspiration biopsy,210.0,NO,Positive,Negative,,,Negative,Post (prior bilateral ovariectomy OR >12 mo since LMP with no prior hysterectomy),,,,,,,,,,,,,,,,,,,,5.0,2.0,,,,,,,,,,,True,No,M0,N0,T2,Stage IIA,TCGA-BH-A18T.B8FF655E-47AB-4BB0-B119-1402A335126A.pdf,A18T,WITH TUMOR,,,,,,,,,,,Primary Tumor,1,segmental mastectomy,6th,,NO,YES,BH,Breast,A,DECEASED,2003.0,733890d7-6557-454e-8697-fe9c619874e3,733890d7-6557-454e-8697-fe9c619874e3,TCGA-BH-A18T-01A-21-A13E-20,TCGA-BH-A18T-01A-11D-A12B-09,TCGA-BH-A18T-01,,169f872a-65f6-40ae-8cd9-948822cc3a20,TCGA-BH-A18T-01,TCGA-BH-A18T-01A-11D-A12B-09,TCGA-BH-A18T-01A-11D-A12E-05,TCGA-BH-A18T-01,TCGA-BH-A18T-01,TCGA-BH-A18T-01A-11D-A12B-09,,733890d7-6557-454e-8697-fe9c619874e3,,TCGA-BH-A18T-01A-11D-A12A-01,TCGA-BH-A18T-01,TCGA-BH-A18T-01A-11R-A12D-07,733890d7-6557-454e-8697-fe9c619874e3,TCGA-BH-A18T-01A-11D-A12A-01,TCGA-BH-A18T-01,TCGA-BH-A18T-01,7.466666666666667,1,Stage IIA,Basal,1
TCGA-BH-A18U-01,Stage IIIA,72.0,3.0,Stage IIIA,1317.0,1563.0,Positive,FEMALE,Positive,4.0,5.0,4.0,Negative,M0,Positive,N2,1563.0,1.0,LumB,Luminal B,Positive,ReacI,-2.0,-5.0,enrollment,T_Other,T2,DECEASED,TCGA-BH-A18U-01,High,C3-BRCA/Luminal,cluster 3,BRCA CIMP c7,KIRC-like c1,BRCA nonbasal-like c7,miRNA cluster 12,cluster 5,mutation cluster 13,TCGA-BH-A18U,TCGA Breast Cancer (BRCA),breast invasive carcinoma,Breast,,,,,72.0,Left,Sentinel lymph node biopsy plus axillary dissection,,,TCGA-BH-A18U,TCGA-BH-A18U-01A,,Positive,,,,,Positive,Other,,,,,-26426.0,2697.0,1563.0,0.0,,,,,,,,,,,2011-7-2,FEMALE,,,,,3+,,,,,Infiltrating Ductal Carcinoma,,No,,C50.4,8500/3,C50.4,,YES,,Core needle biopsy,530.0,NO,Positive,,,16.0,Negative,Post (prior bilateral ovariectomy OR >12 mo since LMP with no prior hysterectomy),,,,,,,,,,,,,,,,,,,,3.0,5.0,,,,,,,,,9.0,,True,No,M0,N2a,T2,Stage IIIA,TCGA-BH-A18U.2616F70D-3E15-45BA-8907-65694595F726.pdf,A18U,TUMOR FREE,,,,,,,YES,,,,Primary Tumor,1,total mastectomy,6th,,NO,YES,BH,Breast,A,DECEASED,2003.0,f6e76192-c4ed-485f-bb51-1b752bd7f544,f6e76192-c4ed-485f-bb51-1b752bd7f544,TCGA-BH-A18U-01A-31-A13E-20,TCGA-BH-A18U-01A-21D-A12B-09,TCGA-BH-A18U-01,,12e8835a-7f82-4402-929a-bdce63fee8ed,TCGA-BH-A18U-01,TCGA-BH-A18U-01A-21D-A12B-09,TCGA-BH-A18U-01A-21D-A12E-05,TCGA-BH-A18U-01,TCGA-BH-A18U-01,TCGA-BH-A18U-01A-21D-A12B-09,,f6e76192-c4ed-485f-bb51-1b752bd7f544,,TCGA-BH-A18U-01A-21D-A12A-01,TCGA-BH-A18U-01,TCGA-BH-A18U-01A-21R-A12D-07,f6e76192-c4ed-485f-bb51-1b752bd7f544,TCGA-BH-A18U-01A-21D-A12A-01,TCGA-BH-A18U-01,TCGA-BH-A18U-01,52.1,1,Stage IIIA,LumB,1
TCGA-BH-A18U-11,,72.0,,,1317.0,1563.0,,FEMALE,,,,,,,,,1563.0,1.0,Normal,,,,,,enrollment,,,DECEASED,TCGA-BH-A18U-11,,C3-BRCA/Luminal,,,,,,,mutation cluster 13,TCGA-BH-A18U,TCGA Breast Cancer (BRCA),breast invasive carcinoma,Breast,,,,,72.0,Left,Sentinel lymph node biopsy plus axillary dissection,,,TCGA-BH-A18U,TCGA-BH-A18U-11A,,Positive,,,,,Positive,Other,,,,,-26426.0,2697.0,1563.0,0.0,,,,,,,,,,,2011-7-2,FEMALE,,,,,3+,,,,,Infiltrating Ductal Carcinoma,,No,,C50.4,8500/3,C50.4,,YES,,Core needle biopsy,230.0,NO,Positive,,,16.0,Negative,Post (prior bilateral ovariectomy OR >12 mo since LMP with no prior hysterectomy),,,,,,,,,,,,,,,,,,,,,,,,,,,,,,9.0,,True,No,M0,N2a,T2,Stage IIIA,,A18U,TUMOR FREE,,,,,,,YES,,,,Solid Tissue Normal,11,total mastectomy,6th,,NO,YES,BH,Breast,A,DECEASED,2003.0,02222fea-f3da-4328-8188-8ef24d1f55e4,02222fea-f3da-4328-8188-8ef24d1f55e4,,,,,,,,TCGA-BH-A18U-11A-23D-A12E-05,,TCGA-BH-A18U-11,,,02222fea-f3da-4328-8188-8ef24d1f55e4,,,TCGA-BH-A18U-11,TCGA-BH-A18U-11A-23R-A12D-07,02222fea-f3da-4328-8188-8ef24d1f55e4,,,TCGA-BH-A18U-11,52.1,1,,Normal,1
TCGA-BH-A18V-01,Stage IIB,48.0,1.0,No_Conversion,1555.0,1555.0,Negative,FEMALE,Negative,2.0,2.0,2.0,Negative,M0,Positive,N1,1555.0,1.0,Basal,Basal-like,Negative,Basal,-13.0,-12.0,enrollment,T_Other,T2,DECEASED,TCGA-BH-A18V-01,High,C4-BRCA/Basal,cluster 5,BRCA basal-like c8,BRCA basal-like c6,BRCA basal-like c8,miRNA cluster 11,cluster 5,mutation cluster 2,TCGA-BH-A18V,TCGA Breast Cancer (BRCA),breast invasive carcinoma,Breast,,,,,48.0,Right,Axillary lymph node dissection alone,,,TCGA-BH-A18V,TCGA-BH-A18V-01A,,Negative,,,,,Negative,Other,,,,,-17682.0,3621.0,1556.0,0.0,,,,,,YES,,,,,2011-7-2,FEMALE,,,,,,,,,,Infiltrating Ductal Carcinoma,,No,,C50.4,8500/3,C50.4,,YES,,Core needle biopsy,300.0,NO,Negative,,,25.0,Negative,,,Negative,,,Negative,,,,,,,,,,,,Negative,"Other, specify",axilaary node negative but intrammary node positive,5.0,5.0,,,,,,,,,0.0,,True,No,M0,N1b,T2,Stage IIB,TCGA-BH-A18V.3C1C2CED-A1CF-48FC-BCB2-658D74E1982B.pdf,A18V,,,,,,,,YES,,,,Primary Tumor,1,Modified radical mastectomy with left breast biopsy,5th,,NO,YES,BH,Breast,A,DECEASED,2001.0,429b50eb-316f-459c-bc3a-0aca6e6dba46,429b50eb-316f-459c-bc3a-0aca6e6dba46,,TCGA-BH-A18V-01A-11D-A12B-09,TCGA-BH-A18V-01,,7bf9da92-5872-4f29-ba4d-f247ec7984f0,TCGA-BH-A18V-01,TCGA-BH-A18V-01A-11D-A12B-09,TCGA-BH-A18V-01A-11D-A12E-05,TCGA-BH-A18V-01,TCGA-BH-A18V-01,TCGA-BH-A18V-01A-11D-A12B-09,,429b50eb-316f-459c-bc3a-0aca6e6dba46,,TCGA-BH-A18V-01A-11D-A12A-01,TCGA-BH-A18V-01,TCGA-BH-A18V-01A-11R-A12D-07,429b50eb-316f-459c-bc3a-0aca6e6dba46,TCGA-BH-A18V-01A-11D-A12A-01,TCGA-BH-A18V-01,TCGA-BH-A18V-01,51.833333333333336,1,Stage IIB,Basal,1
TCGA-BH-A18V-06,,48.0,,,1555.0,1555.0,,FEMALE,,,,,,,,,1555.0,1.0,Basal,,,,,,enrollment,,,DECEASED,TCGA-BH-A18V-06,,C4-BRCA/Basal,,BRCA basal-like c8,,BRCA basal-like c8,miRNA cluster 11,,mutation cluster 2,TCGA-BH-A18V,TCGA Breast Cancer (BRCA),breast invasive carcinoma,Breast,,,,,48.0,Right,Axillary lymph node dissection alone,,,TCGA-BH-A18V,,,Negative,,,,,Negative,Other,,,,,-17682.0,,1556.0,0.0,,,,,,YES,,,,,2011-7-2,FEMALE,,,,,,,,,,Infiltrating Ductal Carcinoma,,No,,C50.4,8500/3,C50.4,,YES,,Core needle biopsy,,,Negative,,,25.0,Negative,,,Negative,,,Negative,,,,,,,,,,,,Negative,"Other, specify",axilaary node negative but intrammary node positive,,,,,,,,,,,0.0,,,No,M0,N1b,T2,Stage IIB,,A18V,,,,,,,,YES,,,,Metastatic,6,Modified radical mastectomy with left breast biopsy,5th,,NO,YES,BH,Breast,,DECEASED,2001.0,ded1efed-b3b9-4d1a-b4c9-b595543fc461,ded1efed-b3b9-4d1a-b4c9-b595543fc461,TCGA-BH-A18V-06A-21-A24B-20,,,TCGA-BH-A18V-06A-11D-A212-05,f03d8a09-8fcf-4f2b-a5b3-ac6ffb2c0681,,TCGA-BH-A18V-06A-11D-A20S-09,,,TCGA-BH-A18V-06,,,ded1efed-b3b9-4d1a-b4c9-b595543fc461,,,TCGA-BH-A18V-06,,ded1efed-b3b9-4d1a-b4c9-b595543fc461,,,TCGA-BH-A18V-06,51.833333333333336,1,,Basal,1
TCGA-BH-A18V-11,,48.0,,,1555.0,1555.0,,FEMALE,,,,,,,,,1555.0,1.0,Normal,,,,,,enrollment,,,DECEASED,TCGA-BH-A18V-11,,C4-BRCA/Basal,,,,,,,mutation cluster 2,TCGA-BH-A18V,TCGA Breast Cancer (BRCA),breast invasive carcinoma,Breast,,,,,48.0,Right,Axillary lymph node dissection alone,,,TCGA-BH-A18V,TCGA-BH-A18V-11A,,Negative,,,,,Negative,Other,,,,,-17682.0,3621.0,1556.0,0.0,,,,,,YES,,,,,2011-7-2,FEMALE,,,,,,,,,,Infiltrating Ductal Carcinoma,,No,,C50.4,8500/3,C50.4,,YES,,Core needle biopsy,450.0,NO,Negative,,,25.0,Negative,,,Negative,,,Negative,,,,,,,,,,,,Negative,"Other, specify",axilaary node negative but intrammary node positive,,,,,,,,,,,0.0,,True,No,M0,N1b,T2,Stage IIB,,A18V,,,,,,,,YES,,,,Solid Tissue Normal,11,Modified radical mastectomy with left breast biopsy,5th,,NO,YES,BH,Breast,A,DECEASED,2001.0,288c81eb-4c43-406b-a5e5-fee452a95afb,288c81eb-4c43-406b-a5e5-fee452a95afb,,,,,1D76CB85-A291-45F8-88B0-29D72E04FA07,,,TCGA-BH-A18V-11A-52D-A12E-05,,,,,288c81eb-4c43-406b-a5e5-fee452a95afb,,,,TCGA-BH-A18V-11A-52R-A12D-07,288c81eb-4c43-406b-a5e5-fee452a95afb,,,TCGA-BH-A18V-11,51.833333333333336,1,,Normal,1
TCGA-BH-A1EN-01,Stage IIA,78.0,3.0,Stage IIA,,2052.0,Negative,FEMALE,Positive,,,,Negative,M0,Negative,N0,2052.0,1.0,Her2,,Negative,,,,enrollment,T_Other,T2,DECEASED,TCGA-BH-A1EN-01,High,C3-BRCA/Luminal,cluster 3,BRCA CIMP c7,BRCA basal-like c6,BRCA nonbasal-like c7,miRNA cluster 7,cluster 3,mutation c1uster 9,TCGA-BH-A1EN,TCGA Breast Cancer (BRCA),breast invasive carcinoma,Breast,,,,,78.0,Right,,,,TCGA-BH-A1EN,TCGA-BH-A1EN-01A,,Negative,,,,,Negative,Other,,,,,-28724.0,4343.0,2127.0,0.0,,,,,,NO,,,,,2011-9-3,FEMALE,,,,,,,,,,Infiltrating Ductal Carcinoma,,No,,C50.9,8500/3,C50.9,,YES,,Excisional Biopsy,140.0,NO,Positive,,,,Negative,Post (prior bilateral ovariectomy OR >12 mo since LMP with no prior hysterectomy),,,,,,,,,,,,,,,,,,,,3.0,3.0,,,,,,,,,,,True,No,M0,NX,T2,Stage IIA,TCGA-BH-A1EN.809F294F-8C48-4719-866B-7169FB1CE24D.pdf,A1EN,TUMOR FREE,,,,,,,,,,,Primary Tumor,1,right segmental mastectomy,5th,,NO,YES,BH,Breast,A,DECEASED,1999.0,a6db80e4-b161-412d-932a-fe2898a1722f,a6db80e4-b161-412d-932a-fe2898a1722f,TCGA-BH-A1EN-01A-21-A17I-20,TCGA-BH-A1EN-01A-11D-A17G-09,TCGA-BH-A1EN-01,TCGA-BH-A1EN-01A-11D-A13K-05,8de8ac77-d6ea-437d-9ca8-ef6f5480eb1b,TCGA-BH-A1EN-01,TCGA-BH-A1EN-01A-11D-A17G-09,,,TCGA-BH-A1EN-01,TCGA-BH-A1EN-01A-11D-A17G-09,,a6db80e4-b161-412d-932a-fe2898a1722f,,TCGA-BH-A1EN-01A-11D-A13J-01,TCGA-BH-A1EN-01,,a6db80e4-b161-412d-932a-fe2898a1722f,TCGA-BH-A1EN-01A-11D-A13J-01,,TCGA-BH-A1EN-01,68.4,1,Stage IIA,Her2,0
TCGA-BH-A1EN-11,,78.0,,,,2052.0,,FEMALE,,,,,,,,,2052.0,1.0,Normal,,,,,,enrollment,,,DECEASED,TCGA-BH-A1EN-11,,C3-BRCA/Luminal,,,,,,,mutation c1uster 9,TCGA-BH-A1EN,TCGA Breast Cancer (BRCA),breast invasive carcinoma,Breast,,,,,78.0,Right,,,,TCGA-BH-A1EN,,,Negative,,,,,Negative,Other,,,,,-28724.0,,2127.0,0.0,,,,,,NO,,,,,2011-9-3,FEMALE,,,,,,,,,,Infiltrating Ductal Carcinoma,,No,,C50.9,8500/3,C50.9,,YES,,Excisional Biopsy,,,Positive,,,,Negative,Post (prior bilateral ovariectomy OR >12 mo since LMP with no prior hysterectomy),,,,,,,,,,,,,,,,,,,,,,,,,,,,,,,,,No,M0,NX,T2,Stage IIA,,A1EN,TUMOR FREE,,,,,,,,,,,Solid Tissue Normal,11,right segmental mastectomy,5th,,NO,YES,BH,Breast,,DECEASED,1999.0,c03683bd-2fe1-4ab2-9a16-796553be5467,c03683bd-2fe1-4ab2-9a16-796553be5467,,,,TCGA-BH-A1EN-11A-23D-A13T-05,,,,,,TCGA-BH-A1EN-11,,,c03683bd-2fe1-4ab2-9a16-796553be5467,,,TCGA-BH-A1EN-11,,c03683bd-2fe1-4ab2-9a16-796553be5467,,,TCGA-BH-A1EN-11,68.4,1,,Normal,0
TCGA-BH-A1EO-01,Stage IIA,68.0,3.0,Stage IIA,,2798.0,Positive,FEMALE,Negative,,,,Negative,M0,Positive,N1,2798.0,1.0,LumA,Luminal A,Positive,,-5.0,-3.0,enrollment,T1,T1,DECEASED,TCGA-BH-A1EO-01,High,C3-BRCA/Luminal,cluster 4,BRCA CIMP c7,BRCA nonbasal-like c8,BRCA nonbasal-like c7,miRNA cluster 14,cluster 6,mutation c1uster 9,TCGA-BH-A1EO,TCGA Breast Cancer (BRCA),breast invasive carcinoma,Breast,,,,,68.0,Right,,,,TCGA-BH-A1EO,TCGA-BH-A1EO-01A,,Positive,,,,,Positive,Other,,,,,-25136.0,4330.0,2798.0,0.0,,,,,,NO,,,,,2011-9-6,FEMALE,,,,,,,,,,Mixed Histology (please specify),ductal and lobular features,No,,C50.9,8522/3,C50.9,,YES,,Excisional Biopsy,100.0,NO,Negative,,,15.0,,Post (prior bilateral ovariectomy OR >12 mo since LMP with no prior hysterectomy),,,,,,,,,,,,,,,,,,,,4.0,6.0,,,,,,,,,1.0,,True,No,M0,N1,T1c,Stage IIA,TCGA-BH-A1EO.A2B755DD-00C4-4349-8E11-C1196EBC91D3.pdf,A1EO,TUMOR FREE,,,,,,,YES,,,,Primary Tumor,1,right segmental mastectomy witrh axillary node dissection,5th,,NO,YES,BH,Breast,A,DECEASED,1999.0,e6f1450a-6731-4593-82c3-28f839ebf148,e6f1450a-6731-4593-82c3-28f839ebf148,TCGA-BH-A1EO-01A-21-A17I-20,TCGA-BH-A1EO-01A-11D-A135-09,TCGA-BH-A1EO-01,TCGA-BH-A1EO-01A-11D-A138-05,819bff28-56b5-455b-b86d-c803b081d75e,TCGA-BH-A1EO-01,TCGA-BH-A1EO-01A-11D-A135-09,,TCGA-BH-A1EO-01,TCGA-BH-A1EO-01,TCGA-BH-A1EO-01A-11D-A135-09,,e6f1450a-6731-4593-82c3-28f839ebf148,,TCGA-BH-A1EO-01A-11D-A134-01,TCGA-BH-A1EO-01,TCGA-BH-A1EO-01A-11R-A137-07,e6f1450a-6731-4593-82c3-28f839ebf148,TCGA-BH-A1EO-01A-11D-A134-01,TCGA-BH-A1EO-01,TCGA-BH-A1EO-01,93.26666666666667,1,Stage IIA,LumA,0
TCGA-BH-A1EO-11,,68.0,,,,2798.0,,FEMALE,,,,,,,,,2798.0,1.0,LumA,,,,,,enrollment,,,DECEASED,TCGA-BH-A1EO-11,,C3-BRCA/Luminal,,,,,,,mutation c1uster 9,TCGA-BH-A1EO,TCGA Breast Cancer (BRCA),breast invasive carcinoma,Breast,,,,,68.0,Right,,,,TCGA-BH-A1EO,TCGA-BH-A1EO-11A,,Positive,,,,,Positive,Other,,,,,-25136.0,4330.0,2798.0,0.0,,,,,,NO,,,,,2011-9-6,FEMALE,,,,,,,,,,Mixed Histology (please specify),ductal and lobular features,No,,C50.9,8522/3,C50.9,,YES,,Excisional Biopsy,250.0,NO,Negative,,,15.0,,Post (prior bilateral ovariectomy OR >12 mo since LMP with no prior hysterectomy),,,,,,,,,,,,,,,,,,,,,,,,,,,,,,1.0,,True,No,M0,N1,T1c,Stage IIA,,A1EO,TUMOR FREE,,,,,,,YES,,,,Solid Tissue Normal,11,right segmental mastectomy witrh axillary node dissection,5th,,NO,YES,BH,Breast,A,DECEASED,1999.0,71cc9cf0-2992-4ac6-8642-6fdb66958fca,71cc9cf0-2992-4ac6-8642-6fdb66958fca,,,,TCGA-BH-A1EO-11A-31D-A138-05,,,,,,,,,71cc9cf0-2992-4ac6-8642-6fdb66958fca,,,,TCGA-BH-A1EO-11A-31R-A137-07,71cc9cf0-2992-4ac6-8642-6fdb66958fca,,,TCGA-BH-A1EO-11,93.26666666666667,1,,LumA,0
TCGA-BH-A1ES-01,Stage IIB,35.0,5.0,Stage IIB,,3462.0,Positive,FEMALE,Negative,,,,Negative,M0,Positive,N1,3462.0,1.0,LumA,Luminal A,Positive,,-9.0,-3.0,enrollment,T_Other,T2,DECEASED,TCGA-BH-A1ES-01,Squamous,C3-BRCA/Luminal,cluster 4,BRCA CIMP c7,BRCA nonbasal-like c8,BRCA nonbasal-like c7,miRNA cluster 12,cluster 5,mutation c1uster 9,TCGA-BH-A1ES,TCGA Breast Cancer (BRCA),breast invasive carcinoma,Breast,,,,,35.0,Right Upper Inner Quadrant,,,,TCGA-BH-A1ES,,,Positive,,,,,Positive,Other,,,,,-13138.0,,3462.0,0.0,,,,,,NO,,,,,2011-9-6,FEMALE,,,,,,,,,,Infiltrating Ductal Carcinoma,,No,,C50.9,8500/3,C50.9,,YES,,Tumor resection,,,Negative,,,4.0,,Pre (<6 months since LMP AND no prior bilateral ovariectomy AND not on estrogen replacement),,,,,,,,,,,,,,,,,,,,4.0,5.0,,,,,,,,,1.0,,,No,M0,N1a,T2,Stage IIB,,A1ES,WITH TUMOR,,,,,,,YES,,,,Primary Tumor,1,total mastectomy with rigth axillary lymph node and sentinel lymph node dissection,5th,,NO,YES,BH,Breast,,DECEASED,1999.0,cbb45082-6d4e-4457-b023-52f9372ae053,cbb45082-6d4e-4457-b023-52f9372ae053,,TCGA-BH-A1ES-01A-11D-A135-09,TCGA-BH-A1ES-01,TCGA-BH-A1ES-01A-11D-A138-05,e6c70136-ae35-4294-a16d-5673f0edbea5,TCGA-BH-A1ES-01,TCGA-BH-A1ES-01A-11D-A135-09,,TCGA-BH-A1ES-01,TCGA-BH-A1ES-01,TCGA-BH-A1ES-01A-11D-A135-09,,cbb45082-6d4e-4457-b023-52f9372ae053,,TCGA-BH-A1ES-01A-11D-A134-01,TCGA-BH-A1ES-01,TCGA-BH-A1ES-01A-11R-A137-07,cbb45082-6d4e-4457-b023-52f9372ae053,TCGA-BH-A1ES-01A-11D-A134-01,TCGA-BH-A1ES-01,TCGA-BH-A1ES-01,115.4,1,Stage IIB,LumA,0
TCGA-BH-A1ES-06,,35.0,,,,3462.0,,FEMALE,,,,,,,,,3462.0,1.0,,,,,,,enrollment,,,DECEASED,TCGA-BH-A1ES-06,,C3-BRCA/Luminal,,,,,,,mutation c1uster 9,TCGA-BH-A1ES,TCGA Breast Cancer (BRCA),breast invasive carcinoma,Breast,,,,,35.0,Right Upper Inner Quadrant,,,,TCGA-BH-A1ES,TCGA-BH-A1ES-06A,,Positive,,,,,Positive,Other,,,,,-13138.0,4787.0,3462.0,0.0,,,,,,NO,,,,,2011-9-6,FEMALE,,,,,,,,,,Infiltrating Ductal Carcinoma,,No,,C50.9,8500/3,C50.9,,YES,,Tumor resection,400.0,NO,Negative,,,4.0,,Pre (<6 months since LMP AND no prior bilateral ovariectomy AND not on estrogen replacement),,,,,,,,,,,,,,,,,,,,,,,,,,,,,,1.0,,True,No,M0,N1a,T2,Stage IIB,TCGA-BH-A1ES.7222C51A-3A1E-454B-A0E4-B8A0BBA042E4.pdf,A1ES,WITH TUMOR,,,,,,,YES,,,,Metastatic,6,total mastectomy with rigth axillary lymph node and sentinel lymph node dissection,5th,,NO,YES,BH,Breast,A,DECEASED,1999.0,fc895598-73b9-4269-a250-52e4475c6be7,fc895598-73b9-4269-a250-52e4475c6be7,TCGA-BH-A1ES-06A-21-A24B-20,,,TCGA-BH-A1ES-06A-12D-A244-05,21ae0b23-d3aa-4b22-a3c7-3eb6d8e98a26,,TCGA-BH-A1ES-06A-12D-A243-09,,,TCGA-BH-A1ES-06,,,fc895598-73b9-4269-a250-52e4475c6be7,,,TCGA-BH-A1ES-06,,fc895598-73b9-4269-a250-52e4475c6be7,,,TCGA-BH-A1ES-06,115.4,1,,,0
TCGA-BH-A1ET-01,Stage IIA,55.0,2.0,Stage I,,2520.0,Positive,FEMALE,Negative,,,,Negative,M0,Negative,N0,2520.0,1.0,LumA,Luminal A,Positive,,-12.0,-7.0,enrollment,T1,T1,DECEASED,TCGA-BH-A1ET-01,Kirc+,C3-BRCA/Luminal,cluster 2,BRCA non-CIMP c9,BRCA nonbasal-like c8,BRCA nonbasal-like c7,miRNA cluster 13,cluster 6,mutation cluster 4,TCGA-BH-A1ET,TCGA Breast Cancer (BRCA),breast invasive carcinoma,Breast,,,,,55.0,Left,,,,TCGA-BH-A1ET,,,Positive,,,,,Positive,Other,,,,,-20425.0,,2520.0,0.0,,,,,,,,,,,2011-9-7,FEMALE,,,,,,,,,,Infiltrating Ductal Carcinoma,,No,,C50.9,8500/3,C50.9,,YES,,Fine needle aspiration biopsy,,,Negative,,,19.0,,,,,,,,,,,,,,,,,,,,,,2.0,6.0,,,,,,,,,1.0,,,No,M0,N0,T1,Stage I,,A1ET,TUMOR FREE,,,,,,,YES,,,,Primary Tumor,1,Left segmental mastectomy with left axillary lymph node dissection,5th,,NO,YES,BH,Breast,,DECEASED,1999.0,b0388c2e-0793-4084-bcc3-454c2ec88931,b0388c2e-0793-4084-bcc3-454c2ec88931,TCGA-BH-A1ET-01A-21-A17I-20,TCGA-BH-A1ET-01A-11D-A135-09,TCGA-BH-A1ET-01,TCGA-BH-A1ET-01A-11D-A138-05,a8e7241b-076a-4fa3-83da-755694823091,TCGA-BH-A1ET-01,TCGA-BH-A1ET-01A-11D-A135-09,,TCGA-BH-A1ET-01,TCGA-BH-A1ET-01,TCGA-BH-A1ET-01A-11D-A135-09,,b0388c2e-0793-4084-bcc3-454c2ec88931,,TCGA-BH-A1ET-01A-11D-A134-01,TCGA-BH-A1ET-01,TCGA-BH-A1ET-01A-11R-A137-07,b0388c2e-0793-4084-bcc3-454c2ec88931,TCGA-BH-A1ET-01A-11D-A134-01,TCGA-BH-A1ET-01,TCGA-BH-A1ET-01,84.0,1,Stage IIA,LumA,0
TCGA-BH-A1ET-11,,55.0,,,,2520.0,,FEMALE,,,,,,,,,2520.0,1.0,Normal,,,,,,enrollment,,,DECEASED,TCGA-BH-A1ET-11,,C3-BRCA/Luminal,,,,,,,mutation cluster 4,TCGA-BH-A1ET,TCGA Breast Cancer (BRCA),breast invasive carcinoma,Breast,,,,,55.0,Left,,,,TCGA-BH-A1ET,TCGA-BH-A1ET-11B,,Positive,,,,,Positive,Other,,,,,-20425.0,4137.0,2520.0,0.0,,,,,,,,,,,2011-9-7,FEMALE,,,,,,,,,,Infiltrating Ductal Carcinoma,,No,,C50.9,8500/3,C50.9,,YES,,Fine needle aspiration biopsy,380.0,NO,Negative,,,19.0,,,,,,,,,,,,,,,,,,,,,,,,,,,,,,,,1.0,,False,No,M0,N0,T1,Stage I,,A1ET,TUMOR FREE,,,,,,,YES,,,,Solid Tissue Normal,11,Left segmental mastectomy with left axillary lymph node dissection,5th,,NO,YES,BH,Breast,B,DECEASED,1999.0,ef7f2a68-bbfc-4458-9c3e-18c5d81ef7be,ef7f2a68-bbfc-4458-9c3e-18c5d81ef7be,,,,TCGA-BH-A1ET-11B-23D-A138-05,48D344A0-2C10-412C-A51E-BB830474D9D5,,,,,TCGA-BH-A1ET-11,,,ef7f2a68-bbfc-4458-9c3e-18c5d81ef7be,,,TCGA-BH-A1ET-11,TCGA-BH-A1ET-11B-23R-A137-07,ef7f2a68-bbfc-4458-9c3e-18c5d81ef7be,,,TCGA-BH-A1ET-11,84.0,1,,Normal,0
TCGA-BH-A1EU-01,Stage I,83.0,1.0,Stage I,,1286.0,Positive,FEMALE,Negative,,,,Negative,M0,Negative,N0,1286.0,1.0,LumA,Luminal A,Positive,,-5.0,-7.0,enrollment,T1,T1,DECEASED,TCGA-BH-A1EU-01,Squamous,C3-BRCA/Luminal,cluster 1,BRCA non-CIMP c9,BRCA nonbasal-like c8,BRCA nonbasal-like c7,miRNA cluster 14,cluster 6,mutation cluster 4,TCGA-BH-A1EU,TCGA Breast Cancer (BRCA),breast invasive carcinoma,Breast,,,,,83.0,Right,,,,TCGA-BH-A1EU,TCGA-BH-A1EU-01A,,Positive,,,,,Positive,,,,,,-30339.0,4106.0,1286.0,0.0,,,,,,,,,,,2011-9-7,FEMALE,,,,,,,,,,Infiltrating Ductal Carcinoma,,No,,C50.9,8500/3,C50.9,,YES,,Fine needle aspiration biopsy,410.0,NO,Negative,,,,,Post (prior bilateral ovariectomy OR >12 mo since LMP with no prior hysterectomy),,,,,,,,,,,,,,,,,,,,1.0,6.0,,,,,,,,,,,True,No,M0,N0,T1,Stage I,TCGA-BH-A1EU.FF6BC87F-029E-4565-A35A-6FB968F8EABA.pdf,A1EU,TUMOR FREE,,,,,,,NO,,,,Primary Tumor,1,Right segmental mastectomy,5th,,NO,YES,BH,Breast,A,DECEASED,1999.0,bfeed1cc-e0f8-493f-a950-829ecb3acccc,bfeed1cc-e0f8-493f-a950-829ecb3acccc,TCGA-BH-A1EU-01A-21-A17I-20,TCGA-BH-A1EU-01A-11D-A135-09,TCGA-BH-A1EU-01,TCGA-BH-A1EU-01A-11D-A138-05,73eb0467-0d24-4ef1-b0e6-ca457ad24f09,TCGA-BH-A1EU-01,TCGA-BH-A1EU-01A-11D-A135-09,,TCGA-BH-A1EU-01,TCGA-BH-A1EU-01,TCGA-BH-A1EU-01A-11D-A135-09,,bfeed1cc-e0f8-493f-a950-829ecb3acccc,,TCGA-BH-A1EU-01A-11D-A134-01,TCGA-BH-A1EU-01,TCGA-BH-A1EU-01A-11R-A137-07,bfeed1cc-e0f8-493f-a950-829ecb3acccc,TCGA-BH-A1EU-01A-11D-A134-01,TCGA-BH-A1EU-01,TCGA-BH-A1EU-01,42.86666666666667,1,Stage I,LumA,1
TCGA-BH-A1EU-11,,83.0,,,,1286.0,,FEMALE,,,,,,,,,1286.0,1.0,Normal,,,,,,enrollment,,,DECEASED,TCGA-BH-A1EU-11,,C3-BRCA/Luminal,,,,,,,mutation cluster 4,TCGA-BH-A1EU,TCGA Breast Cancer (BRCA),breast invasive carcinoma,Breast,,,,,83.0,Right,,,,TCGA-BH-A1EU,TCGA-BH-A1EU-11A,,Positive,,,,,Positive,,,,,,-30339.0,4106.0,1286.0,0.0,,,,,,,,,,,2011-9-7,FEMALE,,,,,,,,,,Infiltrating Ductal Carcinoma,,No,,C50.9,8500/3,C50.9,,YES,,Fine needle aspiration biopsy,240.0,NO,Negative,,,,,Post (prior bilateral ovariectomy OR >12 mo since LMP with no prior hysterectomy),,,,,,,,,,,,,,,,,,,,,,,,,,,,,,,,True,No,M0,N0,T1,Stage I,,A1EU,TUMOR FREE,,,,,,,NO,,,,Solid Tissue Normal,11,Right segmental mastectomy,5th,,NO,YES,BH,Breast,A,DECEASED,1999.0,9e12314d-d1f0-44be-93f7-e50a56f86b46,9e12314d-d1f0-44be-93f7-e50a56f86b46,,,,TCGA-BH-A1EU-11A-23D-A138-05,,,,,,TCGA-BH-A1EU-11,,,9e12314d-d1f0-44be-93f7-e50a56f86b46,,,TCGA-BH-A1EU-11,TCGA-BH-A1EU-11A-23R-A137-07,9e12314d-d1f0-44be-93f7-e50a56f86b46,,,TCGA-BH-A1EU-11,42.86666666666667,1,,Normal,1
TCGA-BH-A1EV-01,,45.0,2.0,,,365.0,Positive,FEMALE,,,,,,,,,365.0,1.0,Her2,HER2-enriched,Positive,,-1.0,-5.0,enrollment,,,DECEASED,TCGA-BH-A1EV-01,High,C3-BRCA/Luminal,cluster 2,BRCA non-CIMP c9,BRCA basal-like c6,BRCA nonbasal-like c7,miRNA cluster 7,cluster 7,mutation cluster 5,TCGA-BH-A1EV,TCGA Breast Cancer (BRCA),breast invasive carcinoma,Breast,,,,,45.0,Left,,,TCGA-BH-A1EV-F59154,TCGA-BH-A1EV,TCGA-BH-A1EV-01A,,Positive,,,,,Positive,Modified Radical Mastectomy,,,,,-16504.0,4103.0,365.0,0.0,,,,,,,,,,,2014-5-1,FEMALE,,,,,,,,,,Infiltrating Ductal Carcinoma,,No,,C50.9,8500/3,C50.9,,YES,,Fine needle aspiration biopsy,600.0,NO,Positive,,NO,10.0,,,,,,,,,,,,,,,,,,,,,,2.0,7.0,,,,,,,,NO,3.0,,True,No,M0,N1b,T3,Stage IIIA,TCGA-BH-A1EV.16DEA43F-4A61-44E3-854F-6B6575B45628.pdf,A1EV,WITH TUMOR,,,,,,NO,YES,,,YES,Primary Tumor,1,,5th,,NO,YES,BH,Breast,A,DECEASED,1999.0,4dac7a33-db46-4815-8c6c-fb326959c741,4dac7a33-db46-4815-8c6c-fb326959c741,TCGA-BH-A1EV-01A-21-A17I-20,TCGA-BH-A1EV-01A-11D-A135-09,TCGA-BH-A1EV-01,TCGA-BH-A1EV-01A-11D-A138-05,59c3ce2b-d84e-4d4a-b6dc-ffdb9e3a34f5,TCGA-BH-A1EV-01,TCGA-BH-A1EV-01A-11D-A135-09,,TCGA-BH-A1EV-01,TCGA-BH-A1EV-01,TCGA-BH-A1EV-01A-11D-A135-09,,4dac7a33-db46-4815-8c6c-fb326959c741,,TCGA-BH-A1EV-01A-11D-A134-01,TCGA-BH-A1EV-01,TCGA-BH-A1EV-01A-11R-A137-07,4dac7a33-db46-4815-8c6c-fb326959c741,TCGA-BH-A1EV-01A-11D-A134-01,TCGA-BH-A1EV-01,TCGA-BH-A1EV-01,12.166666666666666,1,,Her2,1
TCGA-BH-A1EV-11,,45.0,,,,365.0,,FEMALE,,,,,,,,,365.0,1.0,Normal,,,,,,enrollment,,,DECEASED,TCGA-BH-A1EV-11,,C3-BRCA/Luminal,,,,,,,mutation cluster 5,TCGA-BH-A1EV,TCGA Breast Cancer (BRCA),breast invasive carcinoma,Breast,,,,,45.0,Left,,,TCGA-BH-A1EV-F59154,TCGA-BH-A1EV,TCGA-BH-A1EV-11A,,Positive,,,,,Positive,Modified Radical Mastectomy,,,,,-16504.0,4103.0,365.0,0.0,,,,,,,,,,,2014-5-1,FEMALE,,,,,,,,,,Infiltrating Ductal Carcinoma,,No,,C50.9,8500/3,C50.9,,YES,,Fine needle aspiration biopsy,580.0,NO,Positive,,NO,10.0,,,,,,,,,,,,,,,,,,,,,,,,,,,,,,,NO,3.0,,True,No,M0,N1b,T3,Stage IIIA,,A1EV,WITH TUMOR,,,,,,NO,YES,,,YES,Solid Tissue Normal,11,,5th,,NO,YES,BH,Breast,A,DECEASED,1999.0,7b234c36-729b-422d-8e2a-ebd42af74bce,7b234c36-729b-422d-8e2a-ebd42af74bce,,,,TCGA-BH-A1EV-11A-24D-A138-05,,,,,,TCGA-BH-A1EV-11,,,7b234c36-729b-422d-8e2a-ebd42af74bce,,,TCGA-BH-A1EV-11,,7b234c36-729b-422d-8e2a-ebd42af74bce,,,TCGA-BH-A1EV-11,12.166666666666666,1,,Normal,1
TCGA-BH-A1EW-01,Stage IIA,38.0,3.0,No_Conversion,,1694.0,Negative,FEMALE,Negative,,,,Negative,M0,Positive,N1,1694.0,1.0,LumA,Luminal B,Negative,,-3.0,-3.0,enrollment,T_Other,T2,DECEASED,TCGA-BH-A1EW-01,High,C3-BRCA/Luminal,cluster 1,BRCA non-CIMP c9,BRCA nonbasal-like c8,BRCA nonbasal-like c7,miRNA cluster 4,cluster 6,mutation c1uster 9,TCGA-BH-A1EW,TCGA Breast Cancer (BRCA),breast invasive carcinoma,Breast,,,,,38.0,Left Upper Outer Quadrant,,,,TCGA-BH-A1EW,TCGA-BH-A1EW-01A,,Negative,,,,,Negative,Other,,,,,-14090.0,4230.0,1694.0,0.0,,,,,,,,,,,2011-9-7,FEMALE,,,,,,,,,,Infiltrating Ductal Carcinoma,,No,,C50.9,8500/3,C50.9,,YES,,Core needle biopsy,550.0,NO,Negative,,,16.0,,Pre (<6 months since LMP AND no prior bilateral ovariectomy AND not on estrogen replacement),,,,,,,,,,,,,,,,,,,,1.0,6.0,,,,,,,,,1.0,,True,No,M0,N1b,T2,Stage IIA,TCGA-BH-A1EW.56EFCA58-2328-4C5C-9618-981447E76B12.pdf,A1EW,WITH TUMOR,,,,,,,YES,,,,Primary Tumor,1,Left segmental mastectomy with level 1 and level 2 axillary dissection,5th,,NO,YES,BH,Breast,A,DECEASED,1999.0,59783c67-6446-44c1-b9b3-505470f54c82,59783c67-6446-44c1-b9b3-505470f54c82,TCGA-BH-A1EW-01A-21-A17I-20,TCGA-BH-A1EW-01A-11D-A135-09,TCGA-BH-A1EW-01,TCGA-BH-A1EW-01A-11D-A138-05,fd676c7e-c137-4699-a8ea-57b72b10ff5b,TCGA-BH-A1EW-01,TCGA-BH-A1EW-01A-11D-A135-09,,TCGA-BH-A1EW-01,TCGA-BH-A1EW-01,TCGA-BH-A1EW-01A-11D-A135-09,,59783c67-6446-44c1-b9b3-505470f54c82,,TCGA-BH-A1EW-01A-11D-A134-01,TCGA-BH-A1EW-01,TCGA-BH-A1EW-01A-11R-A137-07,59783c67-6446-44c1-b9b3-505470f54c82,TCGA-BH-A1EW-01A-11D-A134-01,TCGA-BH-A1EW-01,TCGA-BH-A1EW-01,56.46666666666667,1,Stage IIA,LumA,1
TCGA-BH-A1EW-11,,38.0,,,,1694.0,,FEMALE,,,,,,,,,1694.0,1.0,LumA,,,,,,enrollment,,,DECEASED,TCGA-BH-A1EW-11,,C3-BRCA/Luminal,,,,,,,mutation c1uster 9,TCGA-BH-A1EW,TCGA Breast Cancer (BRCA),breast invasive carcinoma,Breast,,,,,38.0,Left Upper Outer Quadrant,,,,TCGA-BH-A1EW,TCGA-BH-A1EW-11B,,Negative,,,,,Negative,Other,,,,,-14090.0,4230.0,1694.0,0.0,,,,,,,,,,,2011-9-7,FEMALE,,,,,,,,,,Infiltrating Ductal Carcinoma,,No,,C50.9,8500/3,C50.9,,YES,,Core needle biopsy,1030.0,NO,Negative,,,16.0,,Pre (<6 months since LMP AND no prior bilateral ovariectomy AND not on estrogen replacement),,,,,,,,,,,,,,,,,,,,,,,,,,,,,,1.0,,False,No,M0,N1b,T2,Stage IIA,,A1EW,WITH TUMOR,,,,,,,YES,,,,Solid Tissue Normal,11,Left segmental mastectomy with level 1 and level 2 axillary dissection,5th,,NO,YES,BH,Breast,B,DECEASED,1999.0,cf1027dc-9ba9-4e3c-80d9-4bb13021cc31,cf1027dc-9ba9-4e3c-80d9-4bb13021cc31,,,,TCGA-BH-A1EW-11B-33D-A138-05,6AC30F47-7622-4DBF-94E9-4E6D93D8442F,,,,,TCGA-BH-A1EW-11,,,cf1027dc-9ba9-4e3c-80d9-4bb13021cc31,,,TCGA-BH-A1EW-11,TCGA-BH-A1EW-11B-33R-A137-07,cf1027dc-9ba9-4e3c-80d9-4bb13021cc31,,,TCGA-BH-A1EW-11,56.46666666666667,1,,LumA,1
TCGA-BH-A1EX-01,Stage IIB,67.0,3.0,Stage IIB,,1508.0,Positive,FEMALE,Negative,,,,Negative,M0,Positive,N1,1508.0,1.0,LumA,,Positive,,,,enrollment,T_Other,T2,DECEASED,TCGA-BH-A1EX-01,High,C3-BRCA/Luminal,cluster 4,BRCA non-CIMP c9,BRCA nonbasal-like c8,BRCA nonbasal-like c7,miRNA cluster 12,cluster 5,mutation c1uster 9,TCGA-BH-A1EX,TCGA Breast Cancer (BRCA),breast invasive carcinoma,Breast,,,,,67.0,Right Lower Inner Quadrant,,,,TCGA-BH-A1EX,,,Positive,,,,,Positive,Other,,,,,-24544.0,,1508.0,0.0,,,,,,,,,,,2011-9-7,FEMALE,,,,,,,,,,Infiltrating Ductal Carcinoma,,No,,C50.9,8500/3,C50.9,,YES,,Core needle biopsy,,,Positive,Negative,,24.0,,Post (prior bilateral ovariectomy OR >12 mo since LMP with no prior hysterectomy),,,,,,,,,,,,,,,,,,,,4.0,5.0,,,,,,,,,2.0,,,No,M0,N1b,T2,Stage IIB,,A1EX,WITH TUMOR,,,,,,,YES,,,,Primary Tumor,1,Right segmental mastectomy with sentinel lymph node and axillary lymph node biopsy,5th,,NO,YES,BH,Breast,,DECEASED,2000.0,b5c8962b-15d5-45ba-9a5a-a75dfacbaad9,b5c8962b-15d5-45ba-9a5a-a75dfacbaad9,TCGA-BH-A1EX-01A-21-A17I-20,TCGA-BH-A1EX-01A-11D-A13L-09,TCGA-BH-A1EX-01,TCGA-BH-A1EX-01A-11D-A13K-05,e4809caf-a1a9-4d9f-807f-530ae7c2e434,TCGA-BH-A1EX-01,TCGA-BH-A1EX-01A-11D-A13L-09,,,TCGA-BH-A1EX-01,TCGA-BH-A1EX-01A-11D-A13L-09,,b5c8962b-15d5-45ba-9a5a-a75dfacbaad9,,TCGA-BH-A1EX-01A-11D-A13J-01,TCGA-BH-A1EX-01,,b5c8962b-15d5-45ba-9a5a-a75dfacbaad9,TCGA-BH-A1EX-01A-11D-A13J-01,,TCGA-BH-A1EX-01,50.266666666666666,1,Stage IIB,LumA,1
TCGA-BH-A1EY-01,Stage IIA,79.0,2.0,Stage IIA,,538.0,Positive,FEMALE,Negative,,,,Negative,M0,Negative,N0,538.0,1.0,LumA,,Positive,,,,enrollment,T_Other,T2,DECEASED,TCGA-BH-A1EY-01,Squamous,C3-BRCA/Luminal,cluster 4,BRCA CIMP c7,BRCA nonbasal-like c8,BRCA nonbasal-like c7,miRNA cluster 6,cluster 1,mutation cluster 3,TCGA-BH-A1EY,TCGA Breast Cancer (BRCA),breast invasive carcinoma,Breast,,,,,79.0,Left Upper Outer Quadrant,,,TCGA-BH-A1EY-F59173,TCGA-BH-A1EY,TCGA-BH-A1EY-01A,,Positive,,,,,Positive,Modified Radical Mastectomy,,,,,-28940.0,3840.0,538.0,0.0,,,,396,,,,,,,2014-5-2,FEMALE,,,,,,,,,,Infiltrating Ductal Carcinoma,,No,,C50.9,8500/3,C50.9,,YES,,Core needle biopsy,290.0,NO,Negative,,NO,12.0,,Post (prior bilateral ovariectomy OR >12 mo since LMP with no prior hysterectomy),,,,,,,,,,,,,,,,,,,,4.0,1.0,,,,Lung,Distant Metastasis,Liver,,YES,0.0,,True,No,M0,N0,T2,Stage IIA,TCGA-BH-A1EY.2ED10396-96FF-4705-93AE-82FB9A80EC28.pdf,A1EY,WITH TUMOR,,,,,,NO,YES,,,NO,Primary Tumor,1,,5th,,NO,YES,BH,Breast,A,DECEASED,2000.0,4a6f7935-86f8-4c08-9d0e-9fe77878f2ce,4a6f7935-86f8-4c08-9d0e-9fe77878f2ce,TCGA-BH-A1EY-01A-21-A17I-20,TCGA-BH-A1EY-01A-11D-A13L-09,TCGA-BH-A1EY-01,TCGA-BH-A1EY-01A-11D-A13K-05,7de680e0-63d0-41b4-ace3-82a8e80aaae3,TCGA-BH-A1EY-01,TCGA-BH-A1EY-01A-11D-A13L-09,,,TCGA-BH-A1EY-01,TCGA-BH-A1EY-01A-11D-A13L-09,,4a6f7935-86f8-4c08-9d0e-9fe77878f2ce,,TCGA-BH-A1EY-01A-11D-A13J-01,TCGA-BH-A1EY-01,,4a6f7935-86f8-4c08-9d0e-9fe77878f2ce,TCGA-BH-A1EY-01A-11D-A13J-01,,TCGA-BH-A1EY-01,17.933333333333334,1,Stage IIA,LumA,1
TCGA-BH-A1F0-01,Stage IIA,80.0,1.0,Stage IIA,,785.0,Negative,FEMALE,Negative,,,,Negative,M0,Positive,N1,785.0,1.0,Basal,Basal-like,Indeterminate,,-13.0,-12.0,enrollment,T1,T1,DECEASED,TCGA-BH-A1F0-01,High,C4-BRCA/Basal,cluster 5,Low purity c2,BRCA basal-like c6,BRCA basal-like c8,miRNA c1uster 9,cluster 6,mutation cluster 5,TCGA-BH-A1F0,TCGA Breast Cancer (BRCA),breast invasive carcinoma,Breast,,,,,80.0,Left,,,,TCGA-BH-A1F0,,,Negative,,,,,Indeterminate,Modified Radical Mastectomy,,,,,-29335.0,,785.0,0.0,,,,,,,,,,,2011-9-7,FEMALE,,,,,,,,,,Infiltrating Ductal Carcinoma,,No,,C50.9,8500/3,C50.9,,YES,,Fine needle aspiration biopsy,,,Negative,,,9.0,,Post (prior bilateral ovariectomy OR >12 mo since LMP with no prior hysterectomy),,,,,,,,,,,,,,,,,,,,5.0,6.0,,,,,,,,,1.0,,,No,M0,N1c,T1a,Stage IIA,,A1F0,WITH TUMOR,,,,,,,YES,,,,Primary Tumor,1,,5th,,NO,YES,BH,Breast,,DECEASED,2000.0,d31b476c-c047-4e5f-a0cb-eff1065f0121,d31b476c-c047-4e5f-a0cb-eff1065f0121,TCGA-BH-A1F0-01A-21-A17I-20,TCGA-BH-A1F0-01A-11D-A135-09,TCGA-BH-A1F0-01,TCGA-BH-A1F0-01A-11D-A138-05,a4bd17eb-0741-4d81-b457-158367d20ae9,TCGA-BH-A1F0-01,TCGA-BH-A1F0-01A-11D-A135-09,,TCGA-BH-A1F0-01,TCGA-BH-A1F0-01,TCGA-BH-A1F0-01A-11D-A135-09,,d31b476c-c047-4e5f-a0cb-eff1065f0121,,TCGA-BH-A1F0-01A-11D-A134-01,TCGA-BH-A1F0-01,TCGA-BH-A1F0-01A-11R-A137-07,d31b476c-c047-4e5f-a0cb-eff1065f0121,TCGA-BH-A1F0-01A-11D-A134-01,TCGA-BH-A1F0-01,TCGA-BH-A1F0-01,26.166666666666668,1,Stage IIA,Basal,1
TCGA-BH-A1F0-11,,80.0,,,,785.0,,FEMALE,,,,,,,,,785.0,1.0,Normal,,,,,,enrollment,,,DECEASED,TCGA-BH-A1F0-11,,C4-BRCA/Basal,,,,,,,mutation cluster 5,TCGA-BH-A1F0,TCGA Breast Cancer (BRCA),breast invasive carcinoma,Breast,,,,,80.0,Left,,,,TCGA-BH-A1F0,TCGA-BH-A1F0-11B,,Negative,,,,,Indeterminate,Modified Radical Mastectomy,,,,,-29335.0,3879.0,785.0,0.0,,,,,,,,,,,2011-9-7,FEMALE,,,,,,,,,,Infiltrating Ductal Carcinoma,,No,,C50.9,8500/3,C50.9,,YES,,Fine needle aspiration biopsy,180.0,NO,Negative,,,9.0,,Post (prior bilateral ovariectomy OR >12 mo since LMP with no prior hysterectomy),,,,,,,,,,,,,,,,,,,,,,,,,,,,,,1.0,,False,No,M0,N1c,T1a,Stage IIA,,A1F0,WITH TUMOR,,,,,,,YES,,,,Solid Tissue Normal,11,,5th,,NO,YES,BH,Breast,B,DECEASED,2000.0,889f6f61-9b3a-406c-9af8-ddee74a8a19e,889f6f61-9b3a-406c-9af8-ddee74a8a19e,,,,TCGA-BH-A1F0-11B-23D-A138-05,,,,,,TCGA-BH-A1F0-11,,,889f6f61-9b3a-406c-9af8-ddee74a8a19e,,,TCGA-BH-A1F0-11,TCGA-BH-A1F0-11B-23R-A137-07,889f6f61-9b3a-406c-9af8-ddee74a8a19e,,,TCGA-BH-A1F0-11,26.166666666666668,1,,Normal,1
TCGA-BH-A1F2-01,Stage IIIB,53.0,5.0,Stage,,959.0,Positive,FEMALE,Positive,,,,Negative,M0,Positive,N1,959.0,1.0,LumB,,Positive,,,,enrollment,T_Other,T4,DECEASED,TCGA-BH-A1F2-01,High,C3-BRCA/Luminal,cluster 2,BRCA CIMP c7,BRCA basal-like c6,BRCA nonbasal-like c7,miRNA c1uster 9,cluster 6,mutation cluster 14,TCGA-BH-A1F2,TCGA Breast Cancer (BRCA),breast invasive carcinoma,Breast,,,,,53.0,Left,,,,TCGA-BH-A1F2,TCGA-BH-A1F2-01A,,Positive,,,,,Positive,Modified Radical Mastectomy,,,,,-19701.0,4147.0,959.0,0.0,,,,,,,,,,,2011-9-7,FEMALE,,,,,,,,,,Infiltrating Ductal Carcinoma,,No,,C50.9,8541/3,C50.9,,YES,,Core needle biopsy,230.0,NO,Positive,,,19.0,,,,,,,,,,,,,,,,,,,,,,2.0,6.0,,,,,,,,,6.0,,True,No,M0,N1b,T4b,Stage IIIB,TCGA-BH-A1F2.FA781D93-C180-4453-BF95-B2D01B6CDB5C.pdf,A1F2,TUMOR FREE,,,,,,,YES,,,,Primary Tumor,1,,5th,,NO,YES,BH,Breast,A,DECEASED,1999.0,dbba4276-4b85-4309-8f98-951313c3a3dc,dbba4276-4b85-4309-8f98-951313c3a3dc,TCGA-BH-A1F2-01A-21-A17I-20,TCGA-BH-A1F2-01A-31D-A13L-09,TCGA-BH-A1F2-01,TCGA-BH-A1F2-01A-31D-A13K-05,9c29c7e9-78b0-434d-a795-343fa6d8d937,TCGA-BH-A1F2-01,TCGA-BH-A1F2-01A-31D-A13L-09,,,TCGA-BH-A1F2-01,TCGA-BH-A1F2-01A-31D-A13L-09,,dbba4276-4b85-4309-8f98-951313c3a3dc,,TCGA-BH-A1F2-01A-31D-A13J-01,TCGA-BH-A1F2-01,,dbba4276-4b85-4309-8f98-951313c3a3dc,TCGA-BH-A1F2-01A-31D-A13J-01,,TCGA-BH-A1F2-01,31.966666666666665,1,Stage IIIB,LumB,1
TCGA-BH-A1F2-11,,53.0,,,,959.0,,FEMALE,,,,,,,,,959.0,1.0,Normal,,,,,,enrollment,,,DECEASED,TCGA-BH-A1F2-11,,C3-BRCA/Luminal,,,,,,,mutation cluster 14,TCGA-BH-A1F2,TCGA Breast Cancer (BRCA),breast invasive carcinoma,Breast,,,,,53.0,Left,,,,TCGA-BH-A1F2,TCGA-BH-A1F2-11A,,Positive,,,,,Positive,Modified Radical Mastectomy,,,,,-19701.0,4147.0,959.0,0.0,,,,,,,,,,,2011-9-7,FEMALE,,,,,,,,,,Infiltrating Ductal Carcinoma,,No,,C50.9,8541/3,C50.9,,YES,,Core needle biopsy,270.0,NO,Positive,,,19.0,,,,,,,,,,,,,,,,,,,,,,,,,,,,,,,,6.0,,True,No,M0,N1b,T4b,Stage IIIB,,A1F2,TUMOR FREE,,,,,,,YES,,,,Solid Tissue Normal,11,,5th,,NO,YES,BH,Breast,A,DECEASED,1999.0,85e9922a-0ede-4fea-8338-ead05addef79,85e9922a-0ede-4fea-8338-ead05addef79,,,,TCGA-BH-A1F2-11A-32D-A13T-05,,,,,,TCGA-BH-A1F2-11,,,85e9922a-0ede-4fea-8338-ead05addef79,,,TCGA-BH-A1F2-11,,85e9922a-0ede-4fea-8338-ead05addef79,,,TCGA-BH-A1F2-11,31.966666666666665,1,,Normal,1
TCGA-BH-A1F5-01,,62.0,,,,2712.0,Positive,FEMALE,,,,,,,,,2712.0,1.0,LumA,,Positive,,,,enrollment,,,DECEASED,TCGA-BH-A1F5-01,Kirc+,C3-BRCA/Luminal,,BRCA non-CIMP c9,BRCA nonbasal-like c8,BRCA nonbasal-like c7,miRNA cluster 14,,mutation c1uster 9,TCGA-BH-A1F5,TCGA Breast Cancer (BRCA),breast invasive carcinoma,Breast,,,,,62.0,Right,,,,TCGA-BH-A1F5,TCGA-BH-A1F5-01A,,Positive,,,,,Positive,,,,,,-22842.0,3091.0,2712.0,0.0,,,,,,,,,,,2011-9-7,FEMALE,,,,,,,,,,Infiltrating Ductal Carcinoma,,No,,C50.9,8500/3,C50.9,,YES,,Core needle biopsy,120.0,NO,Negative,,,4.0,,,,,,,,,,,,,,,,,,,,,,,,,,,,,,,,1.0,,True,Yes,M0,N1a,T1c,Stage IIA,TCGA-BH-A1F5.F70DE761-F081-4F4C-AD22-9A166CF78CA8.pdf,A1F5,TUMOR FREE,,,,,,,YES,,,,Primary Tumor,1,,5th,,NO,YES,BH,Breast,A,DECEASED,2002.0,07c52f68-8ece-4702-8573-9b21f32df787,07c52f68-8ece-4702-8573-9b21f32df787,TCGA-BH-A1F5-01A-21-A17I-20,TCGA-BH-A1F5-01A-12D-A13L-09,TCGA-BH-A1F5-01,TCGA-BH-A1F5-01A-12D-A13K-05,07dd3a1f-05f8-488d-9b80-4fe5b94923c4,TCGA-BH-A1F5-01,TCGA-BH-A1F5-01A-12D-A13L-09,,,TCGA-BH-A1F5-01,TCGA-BH-A1F5-01A-12D-A13L-09,,07c52f68-8ece-4702-8573-9b21f32df787,,TCGA-BH-A1F5-01A-12D-A13J-01,TCGA-BH-A1F5-01,,07c52f68-8ece-4702-8573-9b21f32df787,TCGA-BH-A1F5-01A-12D-A13J-01,,TCGA-BH-A1F5-01,90.4,1,,LumA,0
TCGA-BH-A1F6-01,,51.0,,,,2965.0,Negative,FEMALE,,,,,,,,,2965.0,1.0,Basal,,Negative,,,,enrollment,,,DECEASED,TCGA-BH-A1F6-01,High,C4-BRCA/Basal,,BRCA basal-like c8,BRCA basal-like c6,BRCA basal-like c8,miRNA cluster 12,,mutation cluster 5,TCGA-BH-A1F6,TCGA Breast Cancer (BRCA),breast invasive carcinoma,Breast,,,,,51.0,Left,,,,TCGA-BH-A1F6,TCGA-BH-A1F6-01A,,Negative,,,,,Negative,Modified Radical Mastectomy,,,,,-18691.0,5230.0,2965.0,0.0,,,,,,,,,,,2011-9-7,FEMALE,,,,,,,,,,Infiltrating Ductal Carcinoma,,No,,C50.9,8500/3,C50.9,,YES,,Core needle biopsy,360.0,NO,Negative,,,6.0,,,,,,,,,,,,,,,,,,,,,,,,,,,,,,,,6.0,,True,No,MX,N2a,T4d,,TCGA-BH-A1F6.7E9B0BE7-121E-423F-AA37-445BA922FC13.pdf,A1F6,,,,,,,,YES,,,,Primary Tumor,1,,,,NO,YES,BH,Breast,A,DECEASED,1996.0,5f5a884c-ffbd-401a-8689-baded1bdbe50,5f5a884c-ffbd-401a-8689-baded1bdbe50,TCGA-BH-A1F6-01A-21-A17I-20,TCGA-BH-A1F6-01A-11D-A13L-09,TCGA-BH-A1F6-01,TCGA-BH-A1F6-01A-11D-A13K-05,9e1df13d-422b-46a6-8dd0-0f3d943c301b,TCGA-BH-A1F6-01,TCGA-BH-A1F6-01A-11D-A13L-09,,,TCGA-BH-A1F6-01,TCGA-BH-A1F6-01A-11D-A13L-09,,5f5a884c-ffbd-401a-8689-baded1bdbe50,,TCGA-BH-A1F6-01A-11D-A13J-01,TCGA-BH-A1F6-01,,5f5a884c-ffbd-401a-8689-baded1bdbe50,TCGA-BH-A1F6-01A-11D-A13J-01,,TCGA-BH-A1F6-01,98.83333333333333,1,,Basal,0
TCGA-BH-A1F6-11,,51.0,,,,2965.0,,FEMALE,,,,,,,,,2965.0,1.0,Normal,,,,,,enrollment,,,DECEASED,TCGA-BH-A1F6-11,,C4-BRCA/Basal,,,,,,,mutation cluster 5,TCGA-BH-A1F6,TCGA Breast Cancer (BRCA),breast invasive carcinoma,Breast,,,,,51.0,Left,,,,TCGA-BH-A1F6,,,Negative,,,,,Negative,Modified Radical Mastectomy,,,,,-18691.0,,2965.0,0.0,,,,,,,,,,,2011-9-7,FEMALE,,,,,,,,,,Infiltrating Ductal Carcinoma,,No,,C50.9,8500/3,C50.9,,YES,,Core needle biopsy,,,Negative,,,6.0,,,,,,,,,,,,,,,,,,,,,,,,,,,,,,,,6.0,,,No,MX,N2a,T4d,,,A1F6,,,,,,,,YES,,,,Solid Tissue Normal,11,,,,NO,YES,BH,Breast,,DECEASED,1996.0,a248476b-7c40-42c6-905b-b9c3ba6b2aed,a248476b-7c40-42c6-905b-b9c3ba6b2aed,,,,TCGA-BH-A1F6-11B-94D-A13T-05,,,,,,TCGA-BH-A1F6-11,,,a248476b-7c40-42c6-905b-b9c3ba6b2aed,,,TCGA-BH-A1F6-11,,a248476b-7c40-42c6-905b-b9c3ba6b2aed,,,TCGA-BH-A1F6-11,98.83333333333333,1,,Normal,0
TCGA-BH-A1F8-01,Stage IIIB,90.0,1.0,Stage IIIC,,749.0,Positive,FEMALE,Negative,,,,Negative,M0,Positive,N2,749.0,1.0,LumB,,Positive,,,,enrollment,T_Other,T4,DECEASED,TCGA-BH-A1F8-01,High,C3-BRCA/Luminal,cluster 4,BRCA CIMP c7,BRCA nonbasal-like c8,BRCA nonbasal-like c7,miRNA c1uster 9,cluster 4,mutation cluster 4,TCGA-BH-A1F8,TCGA Breast Cancer (BRCA),breast invasive carcinoma,Breast,,,,,90.0,Left,,,,TCGA-BH-A1F8,,,Positive,,,,,Positive,Modified Radical Mastectomy,,,,,-32871.0,,763.0,0.0,,,,,,,,,,,2011-9-7,FEMALE,,,,,,,,,,Infiltrating Ductal Carcinoma,,No,,C50.9,8500/3,C50.9,,YES,,Core needle biopsy,,,Positive,,,13.0,,Post (prior bilateral ovariectomy OR >12 mo since LMP with no prior hysterectomy),,,,,,,,,,,,,,,,,,,,4.0,4.0,,,,,,,,,12.0,,,No,M0,N2,T4b,Stage IIIB,,A1F8,WITH TUMOR,,,,,,,YES,,,,Primary Tumor,1,,5th,,NO,YES,BH,Breast,,DECEASED,1999.0,ca39657a-073d-4b89-a3da-900f7c9f1012,ca39657a-073d-4b89-a3da-900f7c9f1012,TCGA-BH-A1F8-01A-21-A17I-20,TCGA-BH-A1F8-01A-11D-A13L-09,TCGA-BH-A1F8-01,TCGA-BH-A1F8-01A-11D-A13K-05,bcc978dd-e7cd-4cff-be13-d6f0926dfc9d,TCGA-BH-A1F8-01,TCGA-BH-A1F8-01A-11D-A13L-09,,,TCGA-BH-A1F8-01,TCGA-BH-A1F8-01A-11D-A13L-09,,ca39657a-073d-4b89-a3da-900f7c9f1012,,TCGA-BH-A1F8-01A-11D-A13J-01,TCGA-BH-A1F8-01,,ca39657a-073d-4b89-a3da-900f7c9f1012,TCGA-BH-A1F8-01A-11D-A13J-01,,TCGA-BH-A1F8-01,24.966666666666665,1,Stage IIIB,LumB,1
TCGA-BH-A1F8-11,,90.0,,,,749.0,,FEMALE,,,,,,,,,749.0,1.0,Normal,,,,,,enrollment,,,DECEASED,TCGA-BH-A1F8-11,,C3-BRCA/Luminal,,,,,,,mutation cluster 4,TCGA-BH-A1F8,TCGA Breast Cancer (BRCA),breast invasive carcinoma,Breast,,,,,90.0,Left,,,,TCGA-BH-A1F8,TCGA-BH-A1F8-11B,,Positive,,,,,Positive,Modified Radical Mastectomy,,,,,-32871.0,4301.0,763.0,0.0,,,,,,,,,,,2011-9-7,FEMALE,,,,,,,,,,Infiltrating Ductal Carcinoma,,No,,C50.9,8500/3,C50.9,,YES,,Core needle biopsy,750.0,NO,Positive,,,13.0,,Post (prior bilateral ovariectomy OR >12 mo since LMP with no prior hysterectomy),,,,,,,,,,,,,,,,,,,,,,,,,,,,,,12.0,,False,No,M0,N2,T4b,Stage IIIB,,A1F8,WITH TUMOR,,,,,,,YES,,,,Solid Tissue Normal,11,,5th,,NO,YES,BH,Breast,B,DECEASED,1999.0,c6cc7496-98d2-4181-8517-fbd875fd5623,c6cc7496-98d2-4181-8517-fbd875fd5623,,,,TCGA-BH-A1F8-11B-21D-A13T-05,80FD1099-D66E-4A9A-AA9E-CB7D0178D612,,,,,TCGA-BH-A1F8-11,,,c6cc7496-98d2-4181-8517-fbd875fd5623,,,TCGA-BH-A1F8-11,,c6cc7496-98d2-4181-8517-fbd875fd5623,,,TCGA-BH-A1F8-11,24.966666666666665,1,,Normal,1
TCGA-BH-A1FB-01,Stage IIB,60.0,4.0,Stage IIB,,3669.0,Positive,FEMALE,Negative,,,,Negative,M0,Positive,N1,3669.0,1.0,LumA,,Positive,,,,enrollment,T_Other,T2,DECEASED,TCGA-BH-A1FB-01,Kirc+,C3-BRCA/Luminal,cluster 1,BRCA non-CIMP c9,BRCA nonbasal-like c8,BRCA nonbasal-like c7,miRNA cluster 4,cluster 6,,TCGA-BH-A1FB,TCGA Breast Cancer (BRCA),breast invasive carcinoma,Breast,,,,,60.0,Right,,,,TCGA-BH-A1FB,TCGA-BH-A1FB-01A,,Positive,,,,,Positive,,,,,,-21933.0,3871.0,3669.0,0.0,,,,,,,,,,,2011-9-7,FEMALE,,,,,,,,,,Infiltrating Ductal Carcinoma,,No,,C50.9,8500/3,C50.9,,YES,,Core needle biopsy,280.0,NO,Negative,,,15.0,,Post (prior bilateral ovariectomy OR >12 mo since LMP with no prior hysterectomy),,,,,,,,,,,,,,,,,,,,1.0,6.0,,,,,,,,,0.0,,True,No,M0,N1b,T2,Stage IIB,TCGA-BH-A1FB.C5D116FF-3193-48A0-B69C-D98831D9976A.pdf,A1FB,WITH TUMOR,,,,,,,YES,,,,Primary Tumor,1,segmental mastectomy with sentinel lymph node dissection,5th,,NO,YES,BH,Breast,A,DECEASED,2000.0,5b262ec0-72f2-4c54-820e-a39afad67212,5b262ec0-72f2-4c54-820e-a39afad67212,TCGA-BH-A1FB-01A-21-A17I-20,,TCGA-BH-A1FB-01,TCGA-BH-A1FB-01A-11D-A13K-05,ee88f81e-c7f3-41b4-a115-751d02d07fd0,TCGA-BH-A1FB-01,,,,TCGA-BH-A1FB-01,,,5b262ec0-72f2-4c54-820e-a39afad67212,,TCGA-BH-A1FB-01A-11D-A13J-01,TCGA-BH-A1FB-01,,5b262ec0-72f2-4c54-820e-a39afad67212,TCGA-BH-A1FB-01A-11D-A13J-01,,TCGA-BH-A1FB-01,122.3,1,Stage IIB,LumA,0
TCGA-BH-A1FB-11,,60.0,,,,3669.0,,FEMALE,,,,,,,,,3669.0,1.0,Normal,,,,,,enrollment,,,DECEASED,TCGA-BH-A1FB-11,,C3-BRCA/Luminal,,,,,,,,TCGA-BH-A1FB,TCGA Breast Cancer (BRCA),breast invasive carcinoma,Breast,,,,,60.0,Right,,,,TCGA-BH-A1FB,TCGA-BH-A1FB-11A,,Positive,,,,,Positive,,,,,,-21933.0,3871.0,3669.0,0.0,,,,,,,,,,,2011-9-7,FEMALE,,,,,,,,,,Infiltrating Ductal Carcinoma,,No,,C50.9,8500/3,C50.9,,YES,,Core needle biopsy,320.0,NO,Negative,,,15.0,,Post (prior bilateral ovariectomy OR >12 mo since LMP with no prior hysterectomy),,,,,,,,,,,,,,,,,,,,,,,,,,,,,,0.0,,True,No,M0,N1b,T2,Stage IIB,,A1FB,WITH TUMOR,,,,,,,YES,,,,Solid Tissue Normal,11,segmental mastectomy with sentinel lymph node dissection,5th,,NO,YES,BH,Breast,A,DECEASED,2000.0,71899388-d223-4774-a1ce-3be260240b2c,71899388-d223-4774-a1ce-3be260240b2c,,,,TCGA-BH-A1FB-11A-33D-A13T-05,,,,,,TCGA-BH-A1FB-11,,,71899388-d223-4774-a1ce-3be260240b2c,,,TCGA-BH-A1FB-11,,71899388-d223-4774-a1ce-3be260240b2c,,,TCGA-BH-A1FB-11,122.3,1,,Normal,0
TCGA-BH-A1FC-01,Stage IIA,78.0,4.0,Stage IIA,,3471.0,Negative,FEMALE,Negative,,,,Negative,M0,Positive,N1,3471.0,1.0,Basal,,Negative,,,,enrollment,T1,T1,DECEASED,TCGA-BH-A1FC-01,High,C4-BRCA/Basal,cluster 4,BRCA basal-like c8,BRCA basal-like c6,BRCA basal-like c8,miRNA cluster 7,cluster 3,mutation cluster 5,TCGA-BH-A1FC,TCGA Breast Cancer (BRCA),breast invasive carcinoma,Breast,,,,,78.0,Right Upper Outer Quadrant,,,,TCGA-BH-A1FC,TCGA-BH-A1FC-01A,,Negative,,,,,Negative,Other,,,,,-28706.0,4456.0,3472.0,0.0,,,,,,,,,,,2011-9-8,FEMALE,,,,,,,,,,Medullary Carcinoma,,No,,C50.9,8510/3,C50.9,,YES,,Fine needle aspiration biopsy,90.0,NO,Negative,,,23.0,,Post (prior bilateral ovariectomy OR >12 mo since LMP with no prior hysterectomy),,,,,,,,,,,,,,,,,,,,4.0,3.0,,,,,,,,,1.0,,True,No,M0,N1b,T1c,Stage IIA,TCGA-BH-A1FC.7B1B31D2-0CC5-4EE6-8AF3-16DF726BE13F.pdf,A1FC,TUMOR FREE,,,,,,,YES,,,,Primary Tumor,1,localized segmental mastectomy with axillary node dissection,5th,,NO,YES,BH,Breast,A,DECEASED,1998.0,42e2160c-07b5-4be6-a989-1e3474926d2a,42e2160c-07b5-4be6-a989-1e3474926d2a,TCGA-BH-A1FC-01A-21-A17I-20,TCGA-BH-A1FC-01A-11D-A13L-09,TCGA-BH-A1FC-01,TCGA-BH-A1FC-01A-11D-A13K-05,9ce04c0d-97f2-4acd-a985-c9b162221210,TCGA-BH-A1FC-01,TCGA-BH-A1FC-01A-11D-A13L-09,,,TCGA-BH-A1FC-01,TCGA-BH-A1FC-01A-11D-A13L-09,,42e2160c-07b5-4be6-a989-1e3474926d2a,,TCGA-BH-A1FC-01A-11D-A13J-01,TCGA-BH-A1FC-01,,42e2160c-07b5-4be6-a989-1e3474926d2a,TCGA-BH-A1FC-01A-11D-A13J-01,,TCGA-BH-A1FC-01,115.7,1,Stage IIA,Basal,0
TCGA-BH-A1FC-11,,78.0,,,,3471.0,,FEMALE,,,,,,,,,3471.0,1.0,Normal,,,,,,enrollment,,,DECEASED,TCGA-BH-A1FC-11,,C4-BRCA/Basal,,,,,,,mutation cluster 5,TCGA-BH-A1FC,TCGA Breast Cancer (BRCA),breast invasive carcinoma,Breast,,,,,78.0,Right Upper Outer Quadrant,,,,TCGA-BH-A1FC,TCGA-BH-A1FC-11A,,Negative,,,,,Negative,Other,,,,,-28706.0,4456.0,3472.0,0.0,,,,,,,,,,,2011-9-8,FEMALE,,,,,,,,,,Medullary Carcinoma,,No,,C50.9,8510/3,C50.9,,YES,,Fine needle aspiration biopsy,260.0,NO,Negative,,,23.0,,Post (prior bilateral ovariectomy OR >12 mo since LMP with no prior hysterectomy),,,,,,,,,,,,,,,,,,,,,,,,,,,,,,1.0,,True,No,M0,N1b,T1c,Stage IIA,,A1FC,TUMOR FREE,,,,,,,YES,,,,Solid Tissue Normal,11,localized segmental mastectomy with axillary node dissection,5th,,NO,YES,BH,Breast,A,DECEASED,1998.0,58e94be5-2da2-4a96-944a-060f20216572,58e94be5-2da2-4a96-944a-060f20216572,,,,TCGA-BH-A1FC-11A-32D-A13T-05,,,,,,TCGA-BH-A1FC-11,,,58e94be5-2da2-4a96-944a-060f20216572,,,TCGA-BH-A1FC-11,,58e94be5-2da2-4a96-944a-060f20216572,,,TCGA-BH-A1FC-11,115.7,1,,Normal,0
TCGA-BH-A1FD-01,Stage I,68.0,4.0,Stage I,,1008.0,Positive,FEMALE,Negative,,,,Negative,M0,Negative,N0,1008.0,1.0,LumB,,Positive,,,,enrollment,T1,T1,DECEASED,TCGA-BH-A1FD-01,Squamous,C3-BRCA/Luminal,cluster 3,BRCA CIMP c7,BRCA nonbasal-like c8,BRCA nonbasal-like c7,,,mutation cluster 3,TCGA-BH-A1FD,TCGA Breast Cancer (BRCA),breast invasive carcinoma,Breast,,,,,68.0,Left,,,,TCGA-BH-A1FD,TCGA-BH-A1FD-01A,,Positive,,,,,Positive,,,,,,-24940.0,4420.0,1009.0,0.0,,,,,,,,,,,2011-9-8,FEMALE,,,,,,,,,,Infiltrating Ductal Carcinoma,,No,,C50.9,8500/3,C50.9,,YES,,Core needle biopsy,120.0,NO,Negative,,,19.0,,Post (prior bilateral ovariectomy OR >12 mo since LMP with no prior hysterectomy),,,,,,,,,,,,,,,,,,,,3.0,,,,,,,,,,0.0,,True,No,M0,N0,T1c,Stage I,TCGA-BH-A1FD.9F838476-4DF1-44D6-989F-33A1D490424B.pdf,A1FD,WITH TUMOR,,,,,,,YES,,,,Primary Tumor,1,,5th,,NO,YES,BH,Breast,A,DECEASED,1998.0,744ed141-8809-4bc9-90e6-74098383914e,744ed141-8809-4bc9-90e6-74098383914e,TCGA-BH-A1FD-01A-21-A17I-20,TCGA-BH-A1FD-01A-11W-A14Q-09,TCGA-BH-A1FD-01,TCGA-BH-A1FD-01A-11D-A13K-05,7c4d6492-831a-4535-b46f-7fdcafd3dcdf,TCGA-BH-A1FD-01,TCGA-BH-A1FD-01A-11W-A14Q-09,,,,TCGA-BH-A1FD-01A-11W-A14Q-09,,744ed141-8809-4bc9-90e6-74098383914e,,TCGA-BH-A1FD-01A-11D-A13J-01,,,744ed141-8809-4bc9-90e6-74098383914e,TCGA-BH-A1FD-01A-11D-A13J-01,,TCGA-BH-A1FD-01,33.6,1,Stage I,LumB,1
TCGA-BH-A1FD-11,,68.0,,,,1008.0,,FEMALE,,,,,,,,,1008.0,1.0,Normal,,,,,,enrollment,,,DECEASED,TCGA-BH-A1FD-11,,C3-BRCA/Luminal,,,,,,,mutation cluster 3,TCGA-BH-A1FD,TCGA Breast Cancer (BRCA),breast invasive carcinoma,Breast,,,,,68.0,Left,,,,TCGA-BH-A1FD,TCGA-BH-A1FD-11B,,Positive,,,,,Positive,,,,,,-24940.0,4420.0,1009.0,0.0,,,,,,,,,,,2011-9-8,FEMALE,,,,,,,,,,Infiltrating Ductal Carcinoma,,No,,C50.9,8500/3,C50.9,,YES,,Core needle biopsy,440.0,NO,Negative,,,19.0,,Post (prior bilateral ovariectomy OR >12 mo since LMP with no prior hysterectomy),,,,,,,,,,,,,,,,,,,,,,,,,,,,,,0.0,,False,No,M0,N0,T1c,Stage I,,A1FD,WITH TUMOR,,,,,,,YES,,,,Solid Tissue Normal,11,,5th,,NO,YES,BH,Breast,B,DECEASED,1998.0,e0ed3e93-0ead-4fc0-a82d-79807c7d5162,e0ed3e93-0ead-4fc0-a82d-79807c7d5162,,,,TCGA-BH-A1FD-11B-21D-A13T-05,81425ECA-DA4A-428C-BAAE-E3B55821C356,,,,,TCGA-BH-A1FD-11,,,e0ed3e93-0ead-4fc0-a82d-79807c7d5162,,,TCGA-BH-A1FD-11,,e0ed3e93-0ead-4fc0-a82d-79807c7d5162,,,TCGA-BH-A1FD-11,33.6,1,,Normal,1
TCGA-BH-A1FE-01,Stage IIB,31.0,2.0,Stage IIB,,2273.0,Positive,FEMALE,Negative,,,,Negative,M0,Positive,N1,2273.0,1.0,LumA,,Positive,,,,enrollment,T_Other,T2,DECEASED,TCGA-BH-A1FE-01,Kirc+,C3-BRCA/Luminal,cluster 4,BRCA non-CIMP c9,KIRC-like c1,BRCA nonbasal-like c7,miRNA cluster 4,cluster 6,mutation cluster 3,TCGA-BH-A1FE,TCGA Breast Cancer (BRCA),breast invasive carcinoma,Breast,,,,,31.0,Left,,,,TCGA-BH-A1FE,TCGA-BH-A1FE-01A,,Positive,,,,,Positive,Modified Radical Mastectomy,,,,,-11650.0,4456.0,2273.0,0.0,,,,,,,,,,,2011-9-8,FEMALE,,,,,,,,,,Infiltrating Ductal Carcinoma,,No,,C50.9,8500/3,C50.9,,YES,,Core needle biopsy,130.0,NO,,,,12.0,,,,,,,,,,,,,,,,,,,,,,4.0,6.0,,,,,,,,,1.0,,True,No,M0,N1,T2,Stage IIB,TCGA-BH-A1FE.098BAFB4-94D0-4FC8-B938-D8A410BD8FC1.pdf,A1FE,WITH TUMOR,,,,,,,YES,,,,Primary Tumor,1,,5th,,NO,YES,BH,Breast,A,DECEASED,1998.0,2cb3a793-6e37-42fd-a544-65aa2d939d50,2cb3a793-6e37-42fd-a544-65aa2d939d50,,TCGA-BH-A1FE-01A-11D-A13L-09,TCGA-BH-A1FE-01,TCGA-BH-A1FE-01A-11D-A13K-05,8e3a6a91-27f1-497a-84dc-76ab2ee74185,TCGA-BH-A1FE-01,TCGA-BH-A1FE-01A-11D-A13L-09,,,TCGA-BH-A1FE-01,TCGA-BH-A1FE-01A-11D-A13L-09,,2cb3a793-6e37-42fd-a544-65aa2d939d50,,TCGA-BH-A1FE-01A-11D-A13J-01,TCGA-BH-A1FE-01,,2cb3a793-6e37-42fd-a544-65aa2d939d50,TCGA-BH-A1FE-01A-11D-A13J-01,,TCGA-BH-A1FE-01,75.76666666666667,1,Stage IIB,LumA,0
TCGA-BH-A1FE-06,,31.0,,,,2273.0,,FEMALE,,,,,,,,,2273.0,1.0,Normal,,,,,,enrollment,,,DECEASED,TCGA-BH-A1FE-06,,C3-BRCA/Luminal,,Low purity c2,,GBM-like c6,miRNA cluster 5,,mutation cluster 3,TCGA-BH-A1FE,TCGA Breast Cancer (BRCA),breast invasive carcinoma,Breast,,,,,31.0,Left,,,,TCGA-BH-A1FE,,,Positive,,,,,Positive,Modified Radical Mastectomy,,,,,-11650.0,,2273.0,0.0,,,,,,,,,,,2011-9-8,FEMALE,,,,,,,,,,Infiltrating Ductal Carcinoma,,No,,C50.9,8500/3,C50.9,,YES,,Core needle biopsy,,,,,,12.0,,,,,,,,,,,,,,,,,,,,,,,,,,,,,,,,1.0,,,No,M0,N1,T2,Stage IIB,,A1FE,WITH TUMOR,,,,,,,YES,,,,Metastatic,6,,5th,,NO,YES,BH,Breast,,DECEASED,1998.0,aad871a8-1a52-4e96-8b13-444d08289236,aad871a8-1a52-4e96-8b13-444d08289236,TCGA-BH-A1FE-06A-21-A24B-20,,,TCGA-BH-A1FE-06A-11D-A212-05,ee4151b6-cf2c-43e9-b3ed-9407e9e83282,,,,,TCGA-BH-A1FE-06,TCGA-BH-A1FE-06A-11D-A20S-09,,aad871a8-1a52-4e96-8b13-444d08289236,,,TCGA-BH-A1FE-06,,aad871a8-1a52-4e96-8b13-444d08289236,,,TCGA-BH-A1FE-06,75.76666666666667,1,,Normal,0
TCGA-BH-A1FE-11,,31.0,,,,2273.0,,FEMALE,,,,,,,,,2273.0,1.0,Normal,,,,,,enrollment,,,DECEASED,TCGA-BH-A1FE-11,,C3-BRCA/Luminal,,,,,,,mutation cluster 3,TCGA-BH-A1FE,TCGA Breast Cancer (BRCA),breast invasive carcinoma,Breast,,,,,31.0,Left,,,,TCGA-BH-A1FE,TCGA-BH-A1FE-11B,,Positive,,,,,Positive,Modified Radical Mastectomy,,,,,-11650.0,4456.0,2273.0,0.0,,,,,,,,,,,2011-9-8,FEMALE,,,,,,,,,,Infiltrating Ductal Carcinoma,,No,,C50.9,8500/3,C50.9,,YES,,Core needle biopsy,520.0,NO,,,,12.0,,,,,,,,,,,,,,,,,,,,,,,,,,,,,,,,1.0,,True,No,M0,N1,T2,Stage IIB,,A1FE,WITH TUMOR,,,,,,,YES,,,,Solid Tissue Normal,11,,5th,,NO,YES,BH,Breast,B,DECEASED,1998.0,64f3f52d-a484-49c6-9048-6eadedd2c2c5,64f3f52d-a484-49c6-9048-6eadedd2c2c5,,,,TCGA-BH-A1FE-11B-14D-A13T-05,160198A9-3024-40DF-9887-E20F9371AC0A,,,,,TCGA-BH-A1FE-11,,,64f3f52d-a484-49c6-9048-6eadedd2c2c5,,,TCGA-BH-A1FE-11,,64f3f52d-a484-49c6-9048-6eadedd2c2c5,,,TCGA-BH-A1FE-11,75.76666666666667,1,,Normal,0
TCGA-BH-A1FG-01,Stage I,88.0,4.0,Stage I,,3738.0,Positive,FEMALE,,,,,Negative,M0,Negative,N0,3738.0,1.0,LumA,,Positive,,,,enrollment,T1,T1,DECEASED,TCGA-BH-A1FG-01,Squamous,C3-BRCA/Luminal,cluster 2,BRCA non-CIMP c9,BRCA nonbasal-like c8,BRCA nonbasal-like c7,miRNA cluster 14,cluster 2,mutation c1uster 9,TCGA-BH-A1FG,TCGA Breast Cancer (BRCA),breast invasive carcinoma,Breast,,,,,88.0,Left,,,,TCGA-BH-A1FG,TCGA-BH-A1FG-01A,,Positive,,,,,Positive,Other,,,,,-32295.0,4460.0,3736.0,0.0,,,,,,,,,,,2011-9-8,FEMALE,,,,,,,,,,Infiltrating Ductal Carcinoma,,No,,C50.9,8500/3,C50.9,,YES,,Excisional Biopsy,120.0,NO,Negative,,,,,Post (prior bilateral ovariectomy OR >12 mo since LMP with no prior hysterectomy),,,,,,,,,,,,,,,,,,,,2.0,2.0,,,,,,,,,,,True,No,M0,NX,T1c,Stage I,TCGA-BH-A1FG.49927626-EB84-4A79-8073-67818722123A.pdf,A1FG,,,,,,,,,,,,Primary Tumor,1,segmental mastectomy,5th,,NO,YES,BH,Breast,A,DECEASED,1998.0,39fe5d50-f454-4f7b-b07b-1a59b5c828f9,39fe5d50-f454-4f7b-b07b-1a59b5c828f9,TCGA-BH-A1FG-01A-21-A17I-20,TCGA-BH-A1FG-01A-11D-A13L-09,TCGA-BH-A1FG-01,TCGA-BH-A1FG-01A-11D-A13K-05,590744af-fc53-40ec-957f-ca5ca31d76c5,TCGA-BH-A1FG-01,TCGA-BH-A1FG-01A-11D-A13L-09,,,TCGA-BH-A1FG-01,TCGA-BH-A1FG-01A-11D-A13L-09,,39fe5d50-f454-4f7b-b07b-1a59b5c828f9,,TCGA-BH-A1FG-01A-11D-A13J-01,TCGA-BH-A1FG-01,,39fe5d50-f454-4f7b-b07b-1a59b5c828f9,TCGA-BH-A1FG-01A-11D-A13J-01,,TCGA-BH-A1FG-01,124.6,1,Stage I,LumA,0
TCGA-BH-A1FG-11,,88.0,,,,3738.0,,FEMALE,,,,,,,,,3738.0,1.0,Normal,,,,,,enrollment,,,DECEASED,TCGA-BH-A1FG-11,,C3-BRCA/Luminal,,,,,,,mutation c1uster 9,TCGA-BH-A1FG,TCGA Breast Cancer (BRCA),breast invasive carcinoma,Breast,,,,,88.0,Left,,,,TCGA-BH-A1FG,,,Positive,,,,,Positive,Other,,,,,-32295.0,,3736.0,0.0,,,,,,,,,,,2011-9-8,FEMALE,,,,,,,,,,Infiltrating Ductal Carcinoma,,No,,C50.9,8500/3,C50.9,,YES,,Excisional Biopsy,,,Negative,,,,,Post (prior bilateral ovariectomy OR >12 mo since LMP with no prior hysterectomy),,,,,,,,,,,,,,,,,,,,,,,,,,,,,,,,,No,M0,NX,T1c,Stage I,,A1FG,,,,,,,,,,,,Solid Tissue Normal,11,segmental mastectomy,5th,,NO,YES,BH,Breast,,DECEASED,1998.0,ea037776-3759-425c-a7f4-35e8a5571025,ea037776-3759-425c-a7f4-35e8a5571025,,,,TCGA-BH-A1FG-11B-12D-A13T-05,,,,,,TCGA-BH-A1FG-11,,,ea037776-3759-425c-a7f4-35e8a5571025,,,TCGA-BH-A1FG-11,,ea037776-3759-425c-a7f4-35e8a5571025,,,TCGA-BH-A1FG-11,124.6,1,,Normal,0
TCGA-BH-A1FH-01,Stage IV,47.0,4.0,No_Conversion,,1123.0,Positive,FEMALE,Negative,,,,Positive,M1,Positive,N1,1123.0,1.0,LumA,,Negative,,,,enrollment,T_Other,T2,DECEASED,TCGA-BH-A1FH-01,Kirc+,C3-BRCA/Luminal,cluster 1,Low purity c2,BRCA nonbasal-like c8,BRCA nonbasal-like c7,miRNA cluster 14,cluster 6,mutation c1uster 9,TCGA-BH-A1FH,TCGA Breast Cancer (BRCA),breast invasive carcinoma,Breast,,,,,47.0,Left Upper Outer Quadrant,,,,TCGA-BH-A1FH,TCGA-BH-A1FH-01A,,Positive,,,,,Negative,Modified Radical Mastectomy,,,,,-17172.0,4670.0,1034.0,0.0,,,,,,YES,,,,,2011-9-8,FEMALE,,,,,,,,,,Infiltrating Ductal Carcinoma,,No,,C50.9,8500/3,C50.9,,YES,,Core needle biopsy,430.0,NO,,,,13.0,,,,,,,,,,,,,,,,,,,,Bone,,1.0,6.0,,,,,,,,,8.0,,True,No,M1,N1b,T2,Stage IV,TCGA-BH-A1FH.501C3E1B-573B-4A5A-A0ED-3CD15432E6FF.pdf,A1FH,WITH TUMOR,,,,,,,YES,,,,Primary Tumor,1,,5th,,NO,YES,BH,Breast,A,DECEASED,1998.0,693a3c69-75bd-435d-874e-f3b90b7ed180,693a3c69-75bd-435d-874e-f3b90b7ed180,TCGA-BH-A1FH-01A-21-A17I-20,TCGA-BH-A1FH-01A-12D-A13L-09,TCGA-BH-A1FH-01,TCGA-BH-A1FH-01A-12D-A13K-05,c2f9d1f7-4fea-4868-a3ec-58f863b4e449,TCGA-BH-A1FH-01,TCGA-BH-A1FH-01A-12D-A13L-09,,,TCGA-BH-A1FH-01,TCGA-BH-A1FH-01A-12D-A13L-09,,693a3c69-75bd-435d-874e-f3b90b7ed180,,TCGA-BH-A1FH-01A-12D-A13J-01,TCGA-BH-A1FH-01,,693a3c69-75bd-435d-874e-f3b90b7ed180,TCGA-BH-A1FH-01A-12D-A13J-01,,TCGA-BH-A1FH-01,37.43333333333333,1,Stage IV,LumA,1
TCGA-BH-A1FH-11,,47.0,,,,1123.0,,FEMALE,,,,,,,,,1123.0,1.0,Normal,,,,,,enrollment,,,DECEASED,TCGA-BH-A1FH-11,,C3-BRCA/Luminal,,,,,,,mutation c1uster 9,TCGA-BH-A1FH,TCGA Breast Cancer (BRCA),breast invasive carcinoma,Breast,,,,,47.0,Left Upper Outer Quadrant,,,,TCGA-BH-A1FH,TCGA-BH-A1FH-11B,,Positive,,,,,Negative,Modified Radical Mastectomy,,,,,-17172.0,4670.0,1034.0,0.0,,,,,,YES,,,,,2011-9-8,FEMALE,,,,,,,,,,Infiltrating Ductal Carcinoma,,No,,C50.9,8500/3,C50.9,,YES,,Core needle biopsy,280.0,NO,,,,13.0,,,,,,,,,,,,,,,,,,,,Bone,,,,,,,,,,,,8.0,,False,No,M1,N1b,T2,Stage IV,,A1FH,WITH TUMOR,,,,,,,YES,,,,Solid Tissue Normal,11,,5th,,NO,YES,BH,Breast,B,DECEASED,1998.0,1b831e2d-c265-4eac-aee0-248493a14218,1b831e2d-c265-4eac-aee0-248493a14218,,,,TCGA-BH-A1FH-11B-42D-A13T-05,,,,,,TCGA-BH-A1FH-11,,,1b831e2d-c265-4eac-aee0-248493a14218,,,TCGA-BH-A1FH-11,,1b831e2d-c265-4eac-aee0-248493a14218,,,TCGA-BH-A1FH-11,37.43333333333333,1,,Normal,1
TCGA-BH-A1FJ-01,Stage IIIA,66.0,3.0,Stage IIIA,,1927.0,Negative,FEMALE,Negative,,,,Negative,M0,Positive,N1,1927.0,1.0,LumB,,Positive,,,,enrollment,T_Other,T3,DECEASED,TCGA-BH-A1FJ-01,Iq,C3-BRCA/Luminal,cluster 4,BRCA CIMP c7,BRCA nonbasal-like c8,BRCA nonbasal-like c7,miRNA cluster 4,cluster 2,mutation c1uster 9,TCGA-BH-A1FJ,TCGA Breast Cancer (BRCA),breast invasive carcinoma,Breast,,,,,66.0,Right Upper Outer Quadrant,,,,TCGA-BH-A1FJ,TCGA-BH-A1FJ-01A,,Negative,,,,,Positive,Modified Radical Mastectomy,,,,,-24262.0,4574.0,1927.0,0.0,,,,,,,,,,,2011-9-8,FEMALE,,,,,,,,,,Infiltrating Ductal Carcinoma,,No,,C50.9,8500/3,C50.9,,YES,,Core needle biopsy,190.0,NO,,,,35.0,,,,,,,,,,,,,,,,,,,,,,4.0,2.0,,,,,,,,,6.0,,True,No,M0,N1b,T3,Stage IIIA,TCGA-BH-A1FJ.8169BE67-03C8-4F4D-9A60-200705B795AE.pdf,A1FJ,,,,,,,,YES,,,,Primary Tumor,1,,5th,,NO,YES,BH,Breast,A,DECEASED,1998.0,28bc840d-296e-436e-93b8-9c28c0eaf47a,28bc840d-296e-436e-93b8-9c28c0eaf47a,TCGA-BH-A1FJ-01A-21-A17I-20,TCGA-BH-A1FJ-01A-11D-A13L-09,TCGA-BH-A1FJ-01,TCGA-BH-A1FJ-01A-11D-A13K-05,1efab28c-3820-4638-b688-f34d0daa58d3,TCGA-BH-A1FJ-01,TCGA-BH-A1FJ-01A-11D-A13L-09,,,TCGA-BH-A1FJ-01,TCGA-BH-A1FJ-01A-11D-A13L-09,,28bc840d-296e-436e-93b8-9c28c0eaf47a,,TCGA-BH-A1FJ-01A-11D-A13J-01,TCGA-BH-A1FJ-01,,28bc840d-296e-436e-93b8-9c28c0eaf47a,TCGA-BH-A1FJ-01A-11D-A13J-01,,TCGA-BH-A1FJ-01,64.23333333333333,1,Stage IIIA,LumB,0
TCGA-BH-A1FJ-11,,66.0,,,,1927.0,,FEMALE,,,,,,,,,1927.0,1.0,Normal,,,,,,enrollment,,,DECEASED,TCGA-BH-A1FJ-11,,C3-BRCA/Luminal,,,,,,,mutation c1uster 9,TCGA-BH-A1FJ,TCGA Breast Cancer (BRCA),breast invasive carcinoma,Breast,,,,,66.0,Right Upper Outer Quadrant,,,,TCGA-BH-A1FJ,TCGA-BH-A1FJ-11B,,Negative,,,,,Positive,Modified Radical Mastectomy,,,,,-24262.0,4574.0,1927.0,0.0,,,,,,,,,,,2011-9-8,FEMALE,,,,,,,,,,Infiltrating Ductal Carcinoma,,No,,C50.9,8500/3,C50.9,,YES,,Core needle biopsy,380.0,NO,,,,35.0,,,,,,,,,,,,,,,,,,,,,,,,,,,,,,,,6.0,,False,No,M0,N1b,T3,Stage IIIA,,A1FJ,,,,,,,,YES,,,,Solid Tissue Normal,11,,5th,,NO,YES,BH,Breast,B,DECEASED,1998.0,3078c384-b624-4f5a-ae36-fc896212e616,3078c384-b624-4f5a-ae36-fc896212e616,,,,TCGA-BH-A1FJ-11B-42D-A13T-05,,,,,,TCGA-BH-A1FJ-11,,,3078c384-b624-4f5a-ae36-fc896212e616,,,TCGA-BH-A1FJ-11,,3078c384-b624-4f5a-ae36-fc896212e616,,,TCGA-BH-A1FJ-11,64.23333333333333,1,,Normal,0
TCGA-BH-A1FL-01,Stage IIB,69.0,2.0,Stage IIIA,,1673.0,Positive,FEMALE,Negative,,,,Negative,M0,Positive,N1,1673.0,1.0,LumA,,Positive,,,,enrollment,T_Other,T2,DECEASED,TCGA-BH-A1FL-01,Iq,C3-BRCA/Luminal,cluster 4,BRCA CIMP c7,BRCA nonbasal-like c8,BRCA nonbasal-like c7,miRNA cluster 12,cluster 6,mutation c1uster 9,TCGA-BH-A1FL,TCGA Breast Cancer (BRCA),breast invasive carcinoma,Breast,,,,,69.0,Left Upper Outer Quadrant,,,,TCGA-BH-A1FL,TCGA-BH-A1FL-01A,,Positive,,,,,Positive,Other,,,,,-25558.0,4572.0,1673.0,0.0,,,,,,,,,,,2011-9-8,FEMALE,,,,,,,,,,Infiltrating Ductal Carcinoma,,No,,C50.9,8500/3,C50.9,,YES,,Fine needle aspiration biopsy,100.0,NO,,,,22.0,,,,,,,,,,,,,,,,,,,,,,4.0,6.0,,,,,,,,,4.0,,True,No,M0,N1b,T2,Stage IIB,TCGA-BH-A1FL.032B81C5-F936-448E-A352-C186DF160B7C.pdf,A1FL,WITH TUMOR,,,,,,,YES,,,,Primary Tumor,1,needle directed right breast biopsy with left segmental mastectomy with axillary lymph node dissection,5th,,NO,YES,BH,Breast,A,DECEASED,1998.0,0858a026-142c-4428-b05d-fdc22080afd3,0858a026-142c-4428-b05d-fdc22080afd3,TCGA-BH-A1FL-01A-21-A17I-20,TCGA-BH-A1FL-01A-11D-A13L-09,TCGA-BH-A1FL-01,TCGA-BH-A1FL-01A-11D-A13K-05,dcfae1dd-7e5f-49d7-b3b8-171c97913d1a,TCGA-BH-A1FL-01,TCGA-BH-A1FL-01A-11D-A13L-09,,,TCGA-BH-A1FL-01,TCGA-BH-A1FL-01A-11D-A13L-09,,0858a026-142c-4428-b05d-fdc22080afd3,,TCGA-BH-A1FL-01A-11D-A13J-01,TCGA-BH-A1FL-01,,0858a026-142c-4428-b05d-fdc22080afd3,TCGA-BH-A1FL-01A-11D-A13J-01,,TCGA-BH-A1FL-01,55.766666666666666,1,Stage IIB,LumA,1
TCGA-BH-A1FM-01,Stage IIIA,44.0,1.0,Stage IIIA,,1388.0,Positive,FEMALE,Negative,,,,Negative,M0,Positive,N2,1388.0,1.0,LumB,,Negative,,,,enrollment,T_Other,T2,DECEASED,TCGA-BH-A1FM-01,High,C3-BRCA/Luminal,cluster 3,BRCA CIMP c7,BRCA nonbasal-like c8,BRCA nonbasal-like c7,miRNA cluster 4,cluster 4,mutation c1uster 9,TCGA-BH-A1FM,TCGA Breast Cancer (BRCA),breast invasive carcinoma,Breast,,,,,44.0,Right Upper Outer Quadrant,,,,TCGA-BH-A1FM,TCGA-BH-A1FM-01A,,Positive,,,,,Negative,Modified Radical Mastectomy,,,,,-16289.0,4753.0,1388.0,0.0,,,,,,,,,,,2011-9-8,FEMALE,,,,,,,,,,Infiltrating Ductal Carcinoma,,No,,C50.9,8500/3,C50.9,,YES,,Core needle biopsy,260.0,NO,,,,10.0,,,,,,,,,,,,,,,,,,,,,,3.0,4.0,,,,,,,,,8.0,,True,No,M0,N2,T2,Stage IIIA,TCGA-BH-A1FM.DA6A0EC9-6E20-4E4A-9B7F-A32EFF7627AD.pdf,A1FM,,,,,,,,YES,,,,Primary Tumor,1,,5th,,NO,YES,BH,Breast,A,DECEASED,1998.0,99157b66-ae2a-4ba2-8b28-5653803063a9,99157b66-ae2a-4ba2-8b28-5653803063a9,TCGA-BH-A1FM-01A-21-A17I-20,TCGA-BH-A1FM-01A-11D-A13L-09,TCGA-BH-A1FM-01,TCGA-BH-A1FM-01A-11D-A13K-05,25b0f619-ad2b-437a-bf44-e03cce5ff63f,TCGA-BH-A1FM-01,TCGA-BH-A1FM-01A-11D-A13L-09,,,TCGA-BH-A1FM-01,TCGA-BH-A1FM-01A-11D-A13L-09,,99157b66-ae2a-4ba2-8b28-5653803063a9,,TCGA-BH-A1FM-01A-11D-A13J-01,TCGA-BH-A1FM-01,,99157b66-ae2a-4ba2-8b28-5653803063a9,TCGA-BH-A1FM-01A-11D-A13J-01,,TCGA-BH-A1FM-01,46.266666666666666,1,Stage IIIA,LumB,1
TCGA-BH-A1FM-11,,44.0,,,,1388.0,,FEMALE,,,,,,,,,1388.0,1.0,Normal,,,,,,enrollment,,,DECEASED,TCGA-BH-A1FM-11,,C3-BRCA/Luminal,,,,,,,mutation c1uster 9,TCGA-BH-A1FM,TCGA Breast Cancer (BRCA),breast invasive carcinoma,Breast,,,,,44.0,Right Upper Outer Quadrant,,,,TCGA-BH-A1FM,TCGA-BH-A1FM-11B,,Positive,,,,,Negative,Modified Radical Mastectomy,,,,,-16289.0,4753.0,1388.0,0.0,,,,,,,,,,,2011-9-8,FEMALE,,,,,,,,,,Infiltrating Ductal Carcinoma,,No,,C50.9,8500/3,C50.9,,YES,,Core needle biopsy,210.0,NO,,,,10.0,,,,,,,,,,,,,,,,,,,,,,,,,,,,,,,,8.0,,False,No,M0,N2,T2,Stage IIIA,,A1FM,,,,,,,,YES,,,,Solid Tissue Normal,11,,5th,,NO,YES,BH,Breast,B,DECEASED,1998.0,39ec3623-c15f-4af6-b2df-5413eec21bec,39ec3623-c15f-4af6-b2df-5413eec21bec,,,,TCGA-BH-A1FM-11B-23D-A13T-05,,,,,,TCGA-BH-A1FM-11,,,39ec3623-c15f-4af6-b2df-5413eec21bec,,,TCGA-BH-A1FM-11,,39ec3623-c15f-4af6-b2df-5413eec21bec,,,TCGA-BH-A1FM-11,46.266666666666666,1,,Normal,1
TCGA-BH-A1FN-01,Stage IIA,34.0,1.0,Stage IIA,,2192.0,Positive,FEMALE,Negative,,,,Negative,M0,Negative,N0,2192.0,1.0,LumB,,Positive,,,,enrollment,T_Other,T2,DECEASED,TCGA-BH-A1FN-01,High,C3-BRCA/Luminal,cluster 5,Cluster 5,BRCA nonbasal-like c8,BRCA nonbasal-like c7,miRNA cluster 4,cluster 4,mutation cluster 5,TCGA-BH-A1FN,TCGA Breast Cancer (BRCA),breast invasive carcinoma,Breast,,,,,34.0,Right Upper Outer Quadrant,,,,TCGA-BH-A1FN,TCGA-BH-A1FN-01A,,Positive,,,,,Positive,Other,,,,,-12525.0,4838.0,2192.0,0.0,,,,,,,,,,,2011-9-8,FEMALE,,,,,,,,,,Infiltrating Ductal Carcinoma,,No,,C50.9,8500/3,C50.9,,YES,,Fine needle aspiration biopsy,80.0,NO,,,,29.0,,,,,,,,,,,,,,,,,,,,,,5.0,4.0,,,,,,,,,0.0,,True,No,M0,N0,T2,Stage IIA,TCGA-BH-A1FN.26F47A4F-B501-4C33-9D49-2039E98DBF26.pdf,A1FN,WITH TUMOR,,,,,,,YES,,,,Primary Tumor,1,segmental mastectomy with axillary lymph node dissection,5th,,NO,YES,BH,Breast,A,DECEASED,1997.0,c870e04b-c3b7-495c-8465-7ef2a00fadc7,c870e04b-c3b7-495c-8465-7ef2a00fadc7,TCGA-BH-A1FN-01A-21-A17I-20,TCGA-BH-A1FN-01A-11D-A13L-09,TCGA-BH-A1FN-01,TCGA-BH-A1FN-01A-11D-A13K-05,3d0671e6-de93-4023-b91c-66a2e311fed6,TCGA-BH-A1FN-01,TCGA-BH-A1FN-01A-11D-A13L-09,,,TCGA-BH-A1FN-01,TCGA-BH-A1FN-01A-11D-A13L-09,,c870e04b-c3b7-495c-8465-7ef2a00fadc7,,TCGA-BH-A1FN-01A-11D-A13J-01,TCGA-BH-A1FN-01,,c870e04b-c3b7-495c-8465-7ef2a00fadc7,TCGA-BH-A1FN-01A-11D-A13J-01,,TCGA-BH-A1FN-01,73.06666666666666,1,Stage IIA,LumB,0
TCGA-BH-A1FN-11,,34.0,,,,2192.0,,FEMALE,,,,,,,,,2192.0,1.0,Normal,,,,,,enrollment,,,DECEASED,TCGA-BH-A1FN-11,,C3-BRCA/Luminal,,,,,,,mutation cluster 5,TCGA-BH-A1FN,TCGA Breast Cancer (BRCA),breast invasive carcinoma,Breast,,,,,34.0,Right Upper Outer Quadrant,,,,TCGA-BH-A1FN,TCGA-BH-A1FN-11A,,Positive,,,,,Positive,Other,,,,,-12525.0,4838.0,2192.0,0.0,,,,,,,,,,,2011-9-8,FEMALE,,,,,,,,,,Infiltrating Ductal Carcinoma,,No,,C50.9,8500/3,C50.9,,YES,,Fine needle aspiration biopsy,,NO,,,,29.0,,,,,,,,,,,,,,,,,,,,,,,,,,,,,,,,0.0,,True,No,M0,N0,T2,Stage IIA,,A1FN,WITH TUMOR,,,,,,,YES,,,,Solid Tissue Normal,11,segmental mastectomy with axillary lymph node dissection,5th,,NO,YES,BH,Breast,A,DECEASED,1997.0,48353101-484c-4d47-ae60-239d710ec00a,48353101-484c-4d47-ae60-239d710ec00a,,,,TCGA-BH-A1FN-11A-34D-A13T-05,BAC42747-AC16-4A8B-A673-236A4F3F0568,,,,,TCGA-BH-A1FN-11,,,48353101-484c-4d47-ae60-239d710ec00a,,,TCGA-BH-A1FN-11,,48353101-484c-4d47-ae60-239d710ec00a,,,TCGA-BH-A1FN-11,73.06666666666666,1,,Normal,0
TCGA-BH-A1FR-01,Stage IIIB,73.0,1.0,No_Conversion,,4398.0,Positive,FEMALE,Negative,,,,Negative,M0,Positive,N1,4398.0,1.0,LumA,,Positive,,,,enrollment,T_Other,T4,DECEASED,TCGA-BH-A1FR-01,Quiet,C3-BRCA/Luminal,cluster 2,KIRC-like c17,BRCA nonbasal-like c8,BRCA nonbasal-like c7,miRNA cluster 6,cluster 1,mutation c1uster 9,TCGA-BH-A1FR,TCGA Breast Cancer (BRCA),breast invasive carcinoma,Breast,,,,,73.0,Right Upper Inner Quadrant,,,,TCGA-BH-A1FR,TCGA-BH-A1FR-01A,,Positive,,,,,Positive,Other,,,,,-26684.0,4876.0,1642.0,0.0,,,,,,,,,,,2011-9-8,FEMALE,,,,,,,,,,"Other, specify",,No,,C50.9,8523/3,C50.9,,YES,,Core needle biopsy,110.0,NO,,,,10.0,,,,,,,,,,,,,,,,,,,,,,2.0,1.0,,,,,,,,,4.0,,True,No,M0,N1a,T4b,Stage IIIB,TCGA-BH-A1FR.B6E6765F-14BC-4D3D-9266-EF8065354070.pdf,A1FR,WITH TUMOR,,,,,,,YES,,,,Primary Tumor,1,segmental mastectomy with excision of mass on chest wall and axillary node dissection,5th,,NO,YES,BH,Breast,A,DECEASED,1997.0,56d5aac4-62b4-43e4-b0e4-f40b19a5893f,56d5aac4-62b4-43e4-b0e4-f40b19a5893f,TCGA-BH-A1FR-01A-21-A17I-20,TCGA-BH-A1FR-01A-11D-A13L-09,TCGA-BH-A1FR-01,TCGA-BH-A1FR-01A-11D-A13K-05,a20031de-1d1e-4019-8d09-d8810bea4462,TCGA-BH-A1FR-01,TCGA-BH-A1FR-01A-11D-A13L-09,,,TCGA-BH-A1FR-01,TCGA-BH-A1FR-01A-11D-A13L-09,,56d5aac4-62b4-43e4-b0e4-f40b19a5893f,,TCGA-BH-A1FR-01A-11D-A13J-01,TCGA-BH-A1FR-01,,56d5aac4-62b4-43e4-b0e4-f40b19a5893f,TCGA-BH-A1FR-01A-11D-A13J-01,,TCGA-BH-A1FR-01,146.6,1,Stage IIIB,LumA,0
TCGA-BH-A1FR-11,,73.0,,,,4398.0,,FEMALE,,,,,,,,,4398.0,1.0,Normal,,,,,,enrollment,,,DECEASED,TCGA-BH-A1FR-11,,C3-BRCA/Luminal,,,,,,,mutation c1uster 9,TCGA-BH-A1FR,TCGA Breast Cancer (BRCA),breast invasive carcinoma,Breast,,,,,73.0,Right Upper Inner Quadrant,,,,TCGA-BH-A1FR,,,Positive,,,,,Positive,Other,,,,,-26684.0,,1642.0,0.0,,,,,,,,,,,2011-9-8,FEMALE,,,,,,,,,,"Other, specify",,No,,C50.9,8523/3,C50.9,,YES,,Core needle biopsy,,,,,,10.0,,,,,,,,,,,,,,,,,,,,,,,,,,,,,,,,4.0,,,No,M0,N1a,T4b,Stage IIIB,,A1FR,WITH TUMOR,,,,,,,YES,,,,Solid Tissue Normal,11,segmental mastectomy with excision of mass on chest wall and axillary node dissection,5th,,NO,YES,BH,Breast,,DECEASED,1997.0,c2db17b1-c288-4f73-8e22-22929d846678,c2db17b1-c288-4f73-8e22-22929d846678,,,,TCGA-BH-A1FR-11B-42D-A13T-05,,,,,,TCGA-BH-A1FR-11,,,c2db17b1-c288-4f73-8e22-22929d846678,,,TCGA-BH-A1FR-11,,c2db17b1-c288-4f73-8e22-22929d846678,,,TCGA-BH-A1FR-11,146.6,1,,Normal,0
TCGA-BH-A1FU-01,Stage IA,44.0,4.0,Stage I,,2192.0,Negative,FEMALE,Positive,,,,Negative,M0,Negative,N0,2192.0,1.0,Normal,,Negative,,,,enrollment,T1,T1,DECEASED,TCGA-BH-A1FU-01,Kirc+,C3-BRCA/Luminal,cluster 1,Cluster 5,,BRCA nonbasal-like c7,miRNA cluster 4,cluster 6,mutation cluster 5,TCGA-BH-A1FU,TCGA Breast Cancer (BRCA),breast invasive carcinoma,Breast,,,,,44.0,Right Upper Outer Quadrant,,,,TCGA-BH-A1FU,TCGA-BH-A1FU-01A,,Negative,,,,,Negative,Modified Radical Mastectomy,,,,,-16174.0,5041.0,1688.0,0.0,,,,,,,,,,,2011-9-8,FEMALE,,,,,,,,,,Infiltrating Ductal Carcinoma,,No,,C50.9,8500/3,C50.9,,YES,,Fine needle aspiration biopsy,110.0,NO,,,,5.0,,,,,,,,,,,,,,,,,,,,,,1.0,6.0,,,,,,,,,0.0,,True,No,M0,N0,T1c,Stage IA,TCGA-BH-A1FU.58B02C83-2AF7-4978-A3F7-A8B9E0D914A1.pdf,A1FU,WITH TUMOR,,,,,,,YES,,,,Primary Tumor,1,,5th,,NO,YES,BH,Breast,A,DECEASED,1997.0,05a4f4ff-cdfd-4332-8146-066657a4c3cc,05a4f4ff-cdfd-4332-8146-066657a4c3cc,,TCGA-BH-A1FU-01A-11D-A14G-09,TCGA-BH-A1FU-01,TCGA-BH-A1FU-01A-11D-A14H-05,,TCGA-BH-A1FU-01,TCGA-BH-A1FU-01A-11D-A14G-09,,,TCGA-BH-A1FU-01,TCGA-BH-A1FU-01A-11D-A14G-09,,05a4f4ff-cdfd-4332-8146-066657a4c3cc,,TCGA-BH-A1FU-01A-11D-A14F-01,TCGA-BH-A1FU-01,,05a4f4ff-cdfd-4332-8146-066657a4c3cc,TCGA-BH-A1FU-01A-11D-A14F-01,,TCGA-BH-A1FU-01,73.06666666666666,1,Stage IA,Normal,0
TCGA-BH-A1FU-11,,44.0,,,,2192.0,,FEMALE,,,,,,,,,2192.0,1.0,Normal,,,,,,enrollment,,,DECEASED,TCGA-BH-A1FU-11,,C3-BRCA/Luminal,,,,,,,mutation cluster 5,TCGA-BH-A1FU,TCGA Breast Cancer (BRCA),breast invasive carcinoma,Breast,,,,,44.0,Right Upper Outer Quadrant,,,,TCGA-BH-A1FU,,,Negative,,,,,Negative,Modified Radical Mastectomy,,,,,-16174.0,,1688.0,0.0,,,,,,,,,,,2011-9-8,FEMALE,,,,,,,,,,Infiltrating Ductal Carcinoma,,No,,C50.9,8500/3,C50.9,,YES,,Fine needle aspiration biopsy,,,,,,5.0,,,,,,,,,,,,,,,,,,,,,,,,,,,,,,,,0.0,,,No,M0,N0,T1c,Stage IA,,A1FU,WITH TUMOR,,,,,,,YES,,,,Solid Tissue Normal,11,,5th,,NO,YES,BH,Breast,,DECEASED,1997.0,df661ba2-098b-49e0-884c-27cf2ecd87f2,df661ba2-098b-49e0-884c-27cf2ecd87f2,,,,,,,,,,TCGA-BH-A1FU-11,,,df661ba2-098b-49e0-884c-27cf2ecd87f2,,,TCGA-BH-A1FU-11,,df661ba2-098b-49e0-884c-27cf2ecd87f2,,,TCGA-BH-A1FU-11,73.06666666666666,1,,Normal,0
TCGA-BH-A203-01,,78.0,3.0,,,1174.0,,FEMALE,,,,,,,,,1174.0,1.0,Her2,,,,,,enrollment,,,DECEASED,TCGA-BH-A203-01,High,C3-BRCA/Luminal,cluster 3,BRCA CIMP c7,BRCA basal-like c6,BRCA nonbasal-like c7,miRNA cluster 4,,mutation cluster 4,TCGA-BH-A203,TCGA Breast Cancer (BRCA),breast invasive carcinoma,Breast,,,,,78.0,Right,,,,TCGA-BH-A203,TCGA-BH-A203-01A,,,,,,,,Lumpectomy,,,,,-28609.0,5418.0,1174.0,0.0,,,,,,,,,,,2011-9-8,FEMALE,,,,,,,,,,Infiltrating Ductal Carcinoma,,No,,C50.9,8500/3,C50.9,,YES,,,340.0,NO,,,,39.0,,Post (prior bilateral ovariectomy OR >12 mo since LMP with no prior hysterectomy),,,,,,,,,,,,,,,,,,,,3.0,,,,,,,,,,35.0,,True,No,M0,N1b,T2,Stage IIB,TCGA-BH-A203.3EBBE51B-6D17-4A77-AAE1-E0424CEA56DB.pdf,A203,WITH TUMOR,,,,,,,YES,,,,Primary Tumor,1,,5th,,NO,YES,BH,Breast,A,DECEASED,1996.0,ff6fb75e-aefc-44e3-accd-c4f690a51cca,ff6fb75e-aefc-44e3-accd-c4f690a51cca,TCGA-BH-A203-01A-21-A17K-20,TCGA-BH-A203-01A-12D-A167-09,TCGA-BH-A203-01,TCGA-BH-A203-01A-12D-A16A-05,570d0406-4cbb-471f-bf26-b07dd4f927cf,TCGA-BH-A203-01,TCGA-BH-A203-01A-12D-A167-09,,,TCGA-BH-A203-01,TCGA-BH-A203-01A-12D-A167-09,,ff6fb75e-aefc-44e3-accd-c4f690a51cca,,TCGA-BH-A203-01A-12D-A166-01,TCGA-BH-A203-01,,ff6fb75e-aefc-44e3-accd-c4f690a51cca,TCGA-BH-A203-01A-12D-A166-01,,TCGA-BH-A203-01,39.13333333333333,1,,Her2,1
TCGA-BH-A203-11,,78.0,,,,1174.0,,FEMALE,,,,,,,,,1174.0,1.0,Normal,,,,,,enrollment,,,DECEASED,TCGA-BH-A203-11,,C3-BRCA/Luminal,,,,,,,mutation cluster 4,TCGA-BH-A203,TCGA Breast Cancer (BRCA),breast invasive carcinoma,Breast,,,,,78.0,Right,,,,TCGA-BH-A203,TCGA-BH-A203-11A,,,,,,,,Lumpectomy,,,,,-28609.0,5418.0,1174.0,0.0,,,,,,,,,,,2011-9-8,FEMALE,,,,,,,,,,Infiltrating Ductal Carcinoma,,No,,C50.9,8500/3,C50.9,,YES,,,480.0,NO,,,,39.0,,Post (prior bilateral ovariectomy OR >12 mo since LMP with no prior hysterectomy),,,,,,,,,,,,,,,,,,,,,,,,,,,,,,35.0,,False,No,M0,N1b,T2,Stage IIB,,A203,WITH TUMOR,,,,,,,YES,,,,Solid Tissue Normal,11,,5th,,NO,YES,BH,Breast,A,DECEASED,1996.0,6e5015d8-55e8-448a-9663-7b8625f170ae,6e5015d8-55e8-448a-9663-7b8625f170ae,,,,TCGA-BH-A203-11A-42D-A16A-05,87EB8632-D2C0-4E37-A707-66410942D9A1,,,,,TCGA-BH-A203-11,,,6e5015d8-55e8-448a-9663-7b8625f170ae,,,TCGA-BH-A203-11,,6e5015d8-55e8-448a-9663-7b8625f170ae,,,TCGA-BH-A203-11,39.13333333333333,1,,Normal,1
TCGA-BH-A204-01,,80.0,4.0,,,2534.0,,FEMALE,,,,,,,,,2534.0,1.0,LumB,,,,,,enrollment,,,DECEASED,TCGA-BH-A204-01,Squamous,C3-BRCA/Luminal,cluster 3,BRCA CIMP c7,BRCA nonbasal-like c8,BRCA nonbasal-like c7,miRNA cluster 6,,mutation cluster 14,TCGA-BH-A204,TCGA Breast Cancer (BRCA),breast invasive carcinoma,Breast,,,,,80.0,Left,,,,TCGA-BH-A204,TCGA-BH-A204-01A,,,,,,,,Modified Radical Mastectomy,,,,,-29529.0,5538.0,2534.0,0.0,,,,,,,,,,,2011-9-8,FEMALE,,,,,,,,,,Infiltrating Ductal Carcinoma,,No,,C50.9,8500/3,C50.9,,YES,,Fine needle aspiration biopsy,420.0,NO,,,,16.0,,Post (prior bilateral ovariectomy OR >12 mo since LMP with no prior hysterectomy),,,,,,,,,,,,,,,,,,,,3.0,,,,,,,,,,2.0,,True,No,M0,N1b,T2,Stage IIB,TCGA-BH-A204.531B1E8E-9936-42E0-B49B-39C61DD4E943.pdf,A204,,,,,,,,YES,,,,Primary Tumor,1,,5th,,NO,YES,BH,Breast,A,DECEASED,1996.0,19c3c4c7-d34c-47d5-b09f-c5671f49b858,19c3c4c7-d34c-47d5-b09f-c5671f49b858,TCGA-BH-A204-01A-21-A17K-20,TCGA-BH-A204-01A-11D-A159-09,TCGA-BH-A204-01,TCGA-BH-A204-01A-11D-A161-05,6bf2c85b-1783-4017-9305-e1f18c0e7645,TCGA-BH-A204-01,TCGA-BH-A204-01A-11D-A159-09,,,TCGA-BH-A204-01,TCGA-BH-A204-01A-11D-A159-09,,19c3c4c7-d34c-47d5-b09f-c5671f49b858,,TCGA-BH-A204-01A-11D-A160-01,TCGA-BH-A204-01,,19c3c4c7-d34c-47d5-b09f-c5671f49b858,TCGA-BH-A204-01A-11D-A160-01,,TCGA-BH-A204-01,84.46666666666667,1,,LumB,0
TCGA-BH-A204-11,,80.0,,,,2534.0,,FEMALE,,,,,,,,,2534.0,1.0,Normal,,,,,,enrollment,,,DECEASED,TCGA-BH-A204-11,,C3-BRCA/Luminal,,,,,,,mutation cluster 14,TCGA-BH-A204,TCGA Breast Cancer (BRCA),breast invasive carcinoma,Breast,,,,,80.0,Left,,,,TCGA-BH-A204,TCGA-BH-A204-11A,,,,,,,,Modified Radical Mastectomy,,,,,-29529.0,5538.0,2534.0,0.0,,,,,,,,,,,2011-9-8,FEMALE,,,,,,,,,,Infiltrating Ductal Carcinoma,,No,,C50.9,8500/3,C50.9,,YES,,Fine needle aspiration biopsy,450.0,NO,,,,16.0,,Post (prior bilateral ovariectomy OR >12 mo since LMP with no prior hysterectomy),,,,,,,,,,,,,,,,,,,,,,,,,,,,,,2.0,,False,No,M0,N1b,T2,Stage IIB,,A204,,,,,,,,YES,,,,Solid Tissue Normal,11,,5th,,NO,YES,BH,Breast,A,DECEASED,1996.0,6b52803e-274b-4a1b-910f-2d307932bbb2,6b52803e-274b-4a1b-910f-2d307932bbb2,,,,TCGA-BH-A204-11A-53D-A161-05,,,,,,TCGA-BH-A204-11,,,6b52803e-274b-4a1b-910f-2d307932bbb2,,,TCGA-BH-A204-11,,6b52803e-274b-4a1b-910f-2d307932bbb2,,,TCGA-BH-A204-11,84.46666666666667,1,,Normal,0
TCGA-BH-A208-01,,48.0,3.0,,,1759.0,,FEMALE,,,,,,,,,1759.0,1.0,Normal,,,,,,enrollment,,,DECEASED,TCGA-BH-A208-01,High,C3-BRCA/Luminal,cluster 5,OV-like c1,BRCA basal-like c6,BRCA nonbasal-like c7,miRNA cluster 11,,mutation cluster 8,TCGA-BH-A208,TCGA Breast Cancer (BRCA),breast invasive carcinoma,Breast,,,,,48.0,Left,,,,TCGA-BH-A208,TCGA-BH-A208-01A,,,,,,,,Lumpectomy,,,,,-17715.0,5893.0,1759.0,0.0,,,,,,,,,,,2011-9-8,FEMALE,,,,,,,,,,Infiltrating Ductal Carcinoma,,No,,C50.9,8500/3,C50.9,,YES,,Core needle biopsy,620.0,NO,,,,15.0,,,,,,,,,,,,,,,,,,,,,,5.0,,,,,,,,,,3.0,,True,No,M0,N1b,T2,Stage IIB,TCGA-BH-A208.4F943D12-E769-45F3-86BE-75193786DD4E.pdf,A208,TUMOR FREE,,,,,,,YES,,,,Primary Tumor,1,,5th,,NO,YES,BH,Breast,A,DECEASED,1995.0,7a276d04-8f45-4c07-9c24-8b1f50a1202d,7a276d04-8f45-4c07-9c24-8b1f50a1202d,TCGA-BH-A208-01A-21-A17K-20,TCGA-BH-A208-01A-11D-A159-09,TCGA-BH-A208-01,TCGA-BH-A208-01A-11D-A161-05,20175b85-f502-4712-aa9d-f3a96c5921f8,TCGA-BH-A208-01,TCGA-BH-A208-01A-11D-A159-09,,,TCGA-BH-A208-01,TCGA-BH-A208-01A-11D-A159-09,,7a276d04-8f45-4c07-9c24-8b1f50a1202d,,TCGA-BH-A208-01A-11D-A160-01,TCGA-BH-A208-01,,7a276d04-8f45-4c07-9c24-8b1f50a1202d,TCGA-BH-A208-01A-11D-A160-01,,TCGA-BH-A208-01,58.63333333333333,1,,Normal,1
TCGA-BH-A208-11,,48.0,,,,1759.0,,FEMALE,,,,,,,,,1759.0,1.0,Normal,,,,,,enrollment,,,DECEASED,TCGA-BH-A208-11,,C3-BRCA/Luminal,,,,,,,mutation cluster 8,TCGA-BH-A208,TCGA Breast Cancer (BRCA),breast invasive carcinoma,Breast,,,,,48.0,Left,,,,TCGA-BH-A208,TCGA-BH-A208-11A,,,,,,,,Lumpectomy,,,,,-17715.0,5893.0,1759.0,0.0,,,,,,,,,,,2011-9-8,FEMALE,,,,,,,,,,Infiltrating Ductal Carcinoma,,No,,C50.9,8500/3,C50.9,,YES,,Core needle biopsy,920.0,NO,,,,15.0,,,,,,,,,,,,,,,,,,,,,,,,,,,,,,,,3.0,,False,No,M0,N1b,T2,Stage IIB,,A208,TUMOR FREE,,,,,,,YES,,,,Solid Tissue Normal,11,,5th,,NO,YES,BH,Breast,A,DECEASED,1995.0,a0ac3d9f-7700-4319-929a-fb51d85c9d49,a0ac3d9f-7700-4319-929a-fb51d85c9d49,,,,TCGA-BH-A208-11A-51D-A161-05,CE2C9C0F-7CD7-4C05-AF2F-85D4552F8183,,,,,TCGA-BH-A208-11,,,a0ac3d9f-7700-4319-929a-fb51d85c9d49,,,TCGA-BH-A208-11,,a0ac3d9f-7700-4319-929a-fb51d85c9d49,,,TCGA-BH-A208-11,58.63333333333333,1,,Normal,1
TCGA-BH-A209-01,,77.0,4.0,,,3959.0,Positive,FEMALE,,,,,,,,,3959.0,1.0,LumB,,Positive,,,,enrollment,,,DECEASED,TCGA-BH-A209-01,High,C3-BRCA/Luminal,cluster 3,BRCA non-CIMP c9,BRCA nonbasal-like c8,BRCA nonbasal-like c7,miRNA cluster 7,,mutation cluster 14,TCGA-BH-A209,TCGA Breast Cancer (BRCA),breast invasive carcinoma,Breast,,,,,77.0,Left Upper Outer Quadrant,,,,TCGA-BH-A209,TCGA-BH-A209-01A,,Positive,,,,,Positive,Lumpectomy,,,,,-28403.0,5392.0,3959.0,0.0,,,,,,,,,,,2011-9-8,FEMALE,,,,,,,,,,Medullary Carcinoma,,No,,C50.9,8510/3,C50.9,,YES,,Fine needle aspiration biopsy,390.0,NO,,,,12.0,,Post (prior bilateral ovariectomy OR >12 mo since LMP with no prior hysterectomy),,,,,,,,,,,,,,,,,,,,3.0,,,,,,,,,,0.0,,True,No,M0,N0,T1c,Stage I,TCGA-BH-A209.E28150CE-E9B6-4C3F-B867-F9A75E2648DC.pdf,A209,TUMOR FREE,,,,,,,YES,,,,Primary Tumor,1,,5th,,NO,YES,BH,Breast,A,DECEASED,1996.0,9073fc5c-a281-4ed2-a66e-5235a5a55098,9073fc5c-a281-4ed2-a66e-5235a5a55098,TCGA-BH-A209-01A-21-A17K-20,TCGA-BH-A209-01A-11D-A17G-09,TCGA-BH-A209-01,TCGA-BH-A209-01A-11D-A161-05,f89486f5-6292-40bd-a4af-ff27eae691aa,TCGA-BH-A209-01,TCGA-BH-A209-01A-11D-A17G-09,,,TCGA-BH-A209-01,TCGA-BH-A209-01A-11D-A17G-09,,9073fc5c-a281-4ed2-a66e-5235a5a55098,,TCGA-BH-A209-01A-11D-A160-01,TCGA-BH-A209-01,,9073fc5c-a281-4ed2-a66e-5235a5a55098,TCGA-BH-A209-01A-11D-A160-01,,TCGA-BH-A209-01,131.96666666666667,1,,LumB,0
TCGA-BH-A209-11,,77.0,,,,3959.0,,FEMALE,,,,,,,,,3959.0,1.0,Normal,,,,,,enrollment,,,DECEASED,TCGA-BH-A209-11,,C3-BRCA/Luminal,,,,,,,mutation cluster 14,TCGA-BH-A209,TCGA Breast Cancer (BRCA),breast invasive carcinoma,Breast,,,,,77.0,Left Upper Outer Quadrant,,,,TCGA-BH-A209,TCGA-BH-A209-11A,,Positive,,,,,Positive,Lumpectomy,,,,,-28403.0,5392.0,3959.0,0.0,,,,,,,,,,,2011-9-8,FEMALE,,,,,,,,,,Medullary Carcinoma,,No,,C50.9,8510/3,C50.9,,YES,,Fine needle aspiration biopsy,400.0,NO,,,,12.0,,Post (prior bilateral ovariectomy OR >12 mo since LMP with no prior hysterectomy),,,,,,,,,,,,,,,,,,,,,,,,,,,,,,0.0,,False,No,M0,N0,T1c,Stage I,,A209,TUMOR FREE,,,,,,,YES,,,,Solid Tissue Normal,11,,5th,,NO,YES,BH,Breast,A,DECEASED,1996.0,7a4e994d-ed10-45e7-9107-51dc02068963,7a4e994d-ed10-45e7-9107-51dc02068963,,,,TCGA-BH-A209-11A-42D-A161-05,,,,,,TCGA-BH-A209-11,,,7a4e994d-ed10-45e7-9107-51dc02068963,,,TCGA-BH-A209-11,,7a4e994d-ed10-45e7-9107-51dc02068963,,,TCGA-BH-A209-11,131.96666666666667,1,,Normal,0
TCGA-E2-A106-01,Stage IB,34.0,4.0,No_Conversion,1807.0,,Positive,FEMALE,Negative,,,,Negative,M0,Positive,N1,1807.0,0.0,LumA,Luminal A,Positive,,0.0,-3.0,followup,T1,T1,LIVING,TCGA-E2-A106-01,Kirc+,,cluster 4,BRCA non-CIMP c9,,BRCA nonbasal-like c7,miRNA cluster 4,cluster 4,,TCGA-E2-A106,TCGA Breast Cancer (BRCA),breast invasive carcinoma,Breast,,,,,34.0,Right Upper Outer Quadrant,Sentinel lymph node biopsy plus axillary dissection,,TCGA-E2-A106-F70397,TCGA-E2-A106,,Negative,Positive,,,,Other,Positive,Simple Mastectomy,inner-upper margin re-excision,NO,,,-12528.0,,,0.0,2541.0,,,,,,,90-99%,,Scheduled Follow-up Submission,2015-3-17,FEMALE,,,10-19%,,2+,,,1.05,,Infiltrating Ductal Carcinoma,,No,,C50.9,8500/3,C50.9,,YES,,Core needle biopsy,,,Equivocal,Negative,NO,16.0,Close,Pre (<6 months since LMP AND no prior bilateral ovariectomy AND not on estrogen replacement),,,,,,,,,,,,,,,,,,,,4.0,4.0,,,,,,,,NO,1.0,,,No,M0,N1mi,T1c,Stage IB,,A106,TUMOR FREE,,,,,,YES,,80-89%,,NO,Primary Tumor,1,,,YES,NO,YES,E2,Breast,,LIVING,2006.0,cbd64838-97a7-47a9-a4dc-aa9e0d0ab3d2,cbd64838-97a7-47a9-a4dc-aa9e0d0ab3d2,,,TCGA-E2-A106-01,TCGA-E2-A106-01A-11D-A10N-05,,,,,,,,TCGA-E2-A106-01,cbd64838-97a7-47a9-a4dc-aa9e0d0ab3d2,TCGA-E2-A106-01,,,TCGA-E2-A106-01A-11R-A10J-07,cbd64838-97a7-47a9-a4dc-aa9e0d0ab3d2,,TCGA-E2-A106-01,TCGA-E2-A106-01,60.233333333333334,0,Stage IB,LumA,0
TCGA-E2-A1AZ-01,Stage IIB,63.0,4.0,Stage IIB,1964.0,,Negative,FEMALE,Negative,,,,Negative,M0,Positive,N1,1964.0,0.0,Basal,Basal-like,Negative,Basal,-13.0,-12.0,enrollment,T_Other,T2,LIVING,TCGA-E2-A1AZ-01,High,C4-BRCA/Basal,cluster 5,BRCA basal-like c8,BRCA basal-like c6,BRCA basal-like c8,,,mutation c1uster 9,TCGA-E2-A1AZ,TCGA Breast Cancer (BRCA),breast invasive carcinoma,Breast,,,,,63.0,Left Upper Inner Quadrant,Sentinel node biopsy alone,,TCGA-E2-A1AZ-F19462,TCGA-E2-A1AZ,TCGA-E2-A1AZ-01A,,Negative,3 Point Scale,,3 Point Scale,,Negative,Lumpectomy,,NO,,,-23230.0,2527.0,,0.0,2329.0,,,,,NO,,,,Scheduled Follow-up Submission,2011-12-6,FEMALE,,,,,,,,0.42,,Infiltrating Ductal Carcinoma,,No,,C50.9,8500/3,C50.9,,YES,,Tumor resection,250.0,NO,Indeterminate,Negative,,3.0,Negative,Post (prior bilateral ovariectomy OR >12 mo since LMP with no prior hysterectomy),,,,,,,,,,,,,,,,,,,,5.0,,,,,,,,,NO,1.0,,True,No,M0,N1a,T2,Stage IIB,TCGA-E2-A1AZ.4E233F7D-035A-44A0-A5B6-6248357EB7B2.pdf,A1AZ,TUMOR FREE,,,,,,,YES,,,YES,Primary Tumor,1,,6th,YES,NO,YES,E2,Breast,A,LIVING,2004.0,fa462e79-c5a4-4ddc-b3e6-32e8adcdd80c,fa462e79-c5a4-4ddc-b3e6-32e8adcdd80c,TCGA-E2-A1AZ-01A-21-A13E-20,TCGA-E2-A1AZ-01A-11D-A12Q-09,TCGA-E2-A1AZ-01,TCGA-E2-A1AZ-01A-11D-A12R-05,187a4af6-1941-419e-a58d-d3fb18510b65,TCGA-E2-A1AZ-01,TCGA-E2-A1AZ-01A-11D-A12Q-09,,TCGA-E2-A1AZ-01,TCGA-E2-A1AZ-01,TCGA-E2-A1AZ-01A-11D-A12Q-09,,fa462e79-c5a4-4ddc-b3e6-32e8adcdd80c,,TCGA-E2-A1AZ-01A-11D-A12N-01,TCGA-E2-A1AZ-01,TCGA-E2-A1AZ-01A-11R-A12P-07,fa462e79-c5a4-4ddc-b3e6-32e8adcdd80c,TCGA-E2-A1AZ-01A-11D-A12N-01,TCGA-E2-A1AZ-01,TCGA-E2-A1AZ-01,65.46666666666667,0,Stage IIB,Basal,0
TCGA-E2-A1LH-01,Stage I,59.0,3.0,Stage I,2875.0,,Negative,FEMALE,Negative,,,,Negative,M0,Negative,N0,2875.0,0.0,Basal,,Negative,,,,enrollment,T1,T1,LIVING,TCGA-E2-A1LH-01,High,C4-BRCA/Basal,cluster 5,Low purity c2,,BRCA basal-like c8,,,mutation cluster 2,TCGA-E2-A1LH,TCGA Breast Cancer (BRCA),breast invasive carcinoma,Breast,,,,,59.0,Right,Sentinel node biopsy alone,,TCGA-E2-A1LH-F20649,TCGA-E2-A1LH,TCGA-E2-A1LH-01A,,Negative,3 Point Scale,,3 Point Scale,,Negative,Lumpectomy,,NO,,,-21628.0,2998.0,,0.0,3247.0,,,,,NO,,,,Scheduled Follow-up Submission,2012-1-12,FEMALE,,,,,,,,,,Infiltrating Ductal Carcinoma,,No,,C50.9,8500/3,C50.9,,YES,,Tumor resection,130.0,NO,Negative,,,2.0,Negative,Post (prior bilateral ovariectomy OR >12 mo since LMP with no prior hysterectomy),,,,,,,,,,,,,,,,,,,,5.0,,,,,,,,,NO,0.0,,False,No,M0,N0,T1c,Stage I,TCGA-E2-A1LH.DAB174BB-862D-49BE-9BA4-9C11C4489305.pdf,A1LH,TUMOR FREE,,ACIS,,,,,YES,,,YES,Primary Tumor,1,,5th,YES,NO,YES,E2,Breast,A,LIVING,2002.0,66f3892f-f4ec-412c-9c56-a9e9b56a15ee,66f3892f-f4ec-412c-9c56-a9e9b56a15ee,,TCGA-E2-A1LH-01A-11D-A14G-09,TCGA-E2-A1LH-01,TCGA-E2-A1LH-01A-11D-A14H-05,,TCGA-E2-A1LH-01,TCGA-E2-A1LH-01A-11D-A14G-09,,,TCGA-E2-A1LH-01,TCGA-E2-A1LH-01A-11D-A14G-09,,66f3892f-f4ec-412c-9c56-a9e9b56a15ee,,TCGA-E2-A1LH-01A-11D-A14F-01,TCGA-E2-A1LH-01,,66f3892f-f4ec-412c-9c56-a9e9b56a15ee,TCGA-E2-A1LH-01A-11D-A14F-01,,TCGA-E2-A1LH-01,95.83333333333333,0,Stage I,Basal,0
TCGA-E2-A1LH-11,,59.0,,,2875.0,,,FEMALE,,,,,,,,,2875.0,0.0,Normal,,,,,,enrollment,,,LIVING,TCGA-E2-A1LH-11,,C4-BRCA/Basal,,,,,,,mutation cluster 2,TCGA-E2-A1LH,TCGA Breast Cancer (BRCA),breast invasive carcinoma,Breast,,,,,59.0,Right,Sentinel node biopsy alone,,TCGA-E2-A1LH-F20649,TCGA-E2-A1LH,,,Negative,3 Point Scale,,3 Point Scale,,Negative,Lumpectomy,,NO,,,-21628.0,,,0.0,3247.0,,,,,NO,,,,Scheduled Follow-up Submission,2012-1-12,FEMALE,,,,,,,,,,Infiltrating Ductal Carcinoma,,No,,C50.9,8500/3,C50.9,,YES,,Tumor resection,,,Negative,,,2.0,Negative,Post (prior bilateral ovariectomy OR >12 mo since LMP with no prior hysterectomy),,,,,,,,,,,,,,,,,,,,,,,,,,,,,NO,0.0,,,No,M0,N0,T1c,Stage I,,A1LH,TUMOR FREE,,ACIS,,,,,YES,,,YES,Solid Tissue Normal,11,,5th,YES,NO,YES,E2,Breast,,LIVING,2002.0,c0c2059a-2931-4834-84a7-bfacf137c182,c0c2059a-2931-4834-84a7-bfacf137c182,,,,,,,,,,TCGA-E2-A1LH-11,,,c0c2059a-2931-4834-84a7-bfacf137c182,,,TCGA-E2-A1LH-11,,c0c2059a-2931-4834-84a7-bfacf137c182,,,TCGA-E2-A1LH-11,95.83333333333333,0,,Normal,0
TCGA-E2-A1LI-01,Stage IIB,57.0,3.0,Stage IIB,2750.0,,Negative,FEMALE,Negative,,,,Negative,M0,Positive,N1,2750.0,0.0,Basal,,Negative,,,,enrollment,T_Other,T2,LIVING,TCGA-E2-A1LI-01,High,C4-BRCA/Basal,cluster 4,BRCA basal-like c8,,BRCA basal-like c8,miRNA cluster 7,,mutation c1uster 9,TCGA-E2-A1LI,TCGA Breast Cancer (BRCA),breast invasive carcinoma,Breast,,,,,57.0,Left Upper Outer Quadrant,Sentinel node biopsy alone,,TCGA-E2-A1LI-F20623,TCGA-E2-A1LI,,,Negative,3 Point Scale,,3 Point Scale,,Negative,Lumpectomy,,NO,,,-21064.0,,,0.0,3121.0,,,,,NO,,,,Scheduled Follow-up Submission,2012-1-12,FEMALE,,,,,,,,1.21,,Infiltrating Ductal Carcinoma,,No,,C50.9,8500/3,C50.9,,YES,,Tumor resection,,,Equivocal,Negative,,2.0,Close,Post (prior bilateral ovariectomy OR >12 mo since LMP with no prior hysterectomy),,,,,,,,,,,,,,,,,,,,4.0,,,,,,,,,NO,0.0,,,No,M0,N1,T2,Stage IIB,,A1LI,TUMOR FREE,,ACIS,,,,,YES,,,YES,Primary Tumor,1,,6th,YES,NO,YES,E2,Breast,,LIVING,2003.0,fa643dcc-4f4c-44d0-9f4d-199de04f8d2b,fa643dcc-4f4c-44d0-9f4d-199de04f8d2b,,TCGA-E2-A1LI-01A-12D-A159-09,TCGA-E2-A1LI-01,TCGA-E2-A1LI-01A-12D-A161-05,,TCGA-E2-A1LI-01,TCGA-E2-A1LI-01A-12D-A159-09,,,TCGA-E2-A1LI-01,TCGA-E2-A1LI-01A-12D-A159-09,,fa643dcc-4f4c-44d0-9f4d-199de04f8d2b,,TCGA-E2-A1LI-01A-12D-A160-01,TCGA-E2-A1LI-01,,fa643dcc-4f4c-44d0-9f4d-199de04f8d2b,TCGA-E2-A1LI-01A-12D-A160-01,,TCGA-E2-A1LI-01,91.66666666666667,0,Stage IIB,Basal,0
TCGA-E2-A1LK-01,Stage IIIC,84.0,4.0,Stage IIIA,,266.0,Negative,FEMALE,Negative,,,,Negative,M0,Positive,N1,266.0,1.0,Basal,,Negative,,,,enrollment,T_Other,T3,DECEASED,TCGA-E2-A1LK-01,Squamous,C4-BRCA/Basal,cluster 3,BRCA basal-like c8,BRCA basal-like c6,BRCA basal-like c8,miRNA cluster 11,cluster 5,mutation cluster 5,TCGA-E2-A1LK,TCGA Breast Cancer (BRCA),breast invasive carcinoma,Breast,NO,NO,YES,,84.0,Left Upper Outer Quadrant|Left Lower Outer Quadrant,Axillary lymph node dissection alone,,TCGA-E2-A1LK-F20620,TCGA-E2-A1LK,,,Negative,,,,,Negative,Modified Radical Mastectomy,,NO,,200.0,-30757.0,,266.0,0.0,,,,155,,NO,Allred score 0+0 = 0,,,Scheduled Follow-up Submission,2012-1-12,FEMALE,,,80-89%,,2+,,,1.41,,Infiltrating Ductal Carcinoma,,No,,C50.9,8500/3,C50.9,,YES,,Tumor resection,,,Equivocal,Negative,,15.0,Negative,Post (prior bilateral ovariectomy OR >12 mo since LMP with no prior hysterectomy),Allred Score = 0,Equivocal,2+,Allred score 0+0 = 0,Negative,,,30-39%,0.95,,,,Negative,,,Allred score 0+0 = 0,Negative,,,3.0,5.0,,,,"Other, specify",Locoregional Disease,Left axilla,,YES,11.0,,,No,M0,N3a,T4b,Stage IIIC,,A1LK,WITH TUMOR,Allred score 0+0 = 0,,Allred score = 0,Allred score = 0,Allred score = 0,,YES,,,NO,Primary Tumor,1,,6th,NO,NO,YES,E2,Breast,,DECEASED,2008.0,d6301614-9ba7-4632-bdca-ac1b11e8e811,d6301614-9ba7-4632-bdca-ac1b11e8e811,TCGA-E2-A1LK-01A-11-A17K-20,TCGA-E2-A1LK-01A-21D-A14G-09,TCGA-E2-A1LK-01,TCGA-E2-A1LK-01A-21D-A14H-05,f5fd203d-214a-42f1-aaf9-c9ee9b12c4fc,TCGA-E2-A1LK-01,TCGA-E2-A1LK-01A-21D-A14G-09,,,TCGA-E2-A1LK-01,TCGA-E2-A1LK-01A-21D-A14G-09,,d6301614-9ba7-4632-bdca-ac1b11e8e811,,TCGA-E2-A1LK-01A-21D-A14F-01,TCGA-E2-A1LK-01,,d6301614-9ba7-4632-bdca-ac1b11e8e811,TCGA-E2-A1LK-01A-21D-A14F-01,,TCGA-E2-A1LK-01,8.866666666666667,1,Stage IIIC,Basal,1
TCGA-EW-A1P8-01,Stage IIIC,58.0,3.0,Stage IIIC,239.0,239.0,Negative,FEMALE,Negative,,,,Negative,M0,Positive,N3,239.0,1.0,Basal,,Negative,,,,enrollment,T_Other,T2,DECEASED,TCGA-EW-A1P8-01,High,C4-BRCA/Basal,cluster 5,BRCA basal-like c8,BRCA basal-like c6,BRCA basal-like c8,miRNA cluster 12,cluster 5,mutation cluster 12,TCGA-EW-A1P8,TCGA Breast Cancer (BRCA),breast invasive carcinoma,Breast,,,NO,,58.0,Left Upper Outer Quadrant,Sentinel lymph node biopsy plus axillary dissection,,TCGA-EW-A1P8-F29121,TCGA-EW-A1P8,TCGA-EW-A1P8-01A,,Negative,3 Point Scale,,3 Point Scale,,Negative,Lumpectomy,,NO,,,-21501.0,224.0,239.0,0.0,,,,207,,YES,,<10%,,Scheduled Follow-up Submission,2012-3-8,FEMALE,,,<10%,,,,,,,Infiltrating Ductal Carcinoma,,No,,C50.9,8500/3,C50.9,,YES,,Fine needle aspiration biopsy,160.0,NO,Negative,,,15.0,Negative,Post (prior bilateral ovariectomy OR >12 mo since LMP with no prior hysterectomy),,Negative,,,Negative,<10%,,<10%,,,,,,,<10%,,Negative,"Lung|Bone|Liver|Other, specify",skin,5.0,5.0,,,,Lung,Distant Metastasis,,,YES,14.0,,True,No,M0,N3b,T2,Stage IIIC,TCGA-EW-A1P8.6CB5A0ED-5569-4FDC-B651-758BFC6B59D8.pdf,A1P8,WITH TUMOR,,,,,,,YES,<10%,,NO,Primary Tumor,1,,7th,YES,NO,YES,EW,Breast,A,DECEASED,2010.0,d763ccd4-4a11-4e84-b0a6-1b42da020ce4,d763ccd4-4a11-4e84-b0a6-1b42da020ce4,TCGA-EW-A1P8-01A-21-A17J-20,TCGA-EW-A1P8-01A-11D-A142-09,TCGA-EW-A1P8-01,TCGA-EW-A1P8-01A-11D-A145-05,9729bae9-2494-4ef3-9382-a564fa2a1363,TCGA-EW-A1P8-01,TCGA-EW-A1P8-01A-11D-A142-09,,,TCGA-EW-A1P8-01,TCGA-EW-A1P8-01A-11D-A142-09,,d763ccd4-4a11-4e84-b0a6-1b42da020ce4,,TCGA-EW-A1P8-01A-11D-A141-01,TCGA-EW-A1P8-01,,d763ccd4-4a11-4e84-b0a6-1b42da020ce4,TCGA-EW-A1P8-01A-11D-A141-01,,TCGA-EW-A1P8-01,7.966666666666667,1,Stage IIIC,Basal,1
TCGA-GM-A2D9-01,,69.0,,,,1812.0,Positive,FEMALE,,,,,,,,,1812.0,1.0,LumA,,Positive,,,,enrollment,,,DECEASED,TCGA-GM-A2D9-01,BRCA-LUAD+,C3-BRCA/Luminal,,BRCA CIMP c7,BRCA nonbasal-like c8,BRCA nonbasal-like c7,miRNA cluster 3,,,TCGA-GM-A2D9,TCGA Breast Cancer (BRCA),breast invasive carcinoma,Breast,YES,YES,,,69.0,Left Upper Inner Quadrant,Sentinel node biopsy alone,,TCGA-GM-A2D9-F47033,TCGA-GM-A2D9,TCGA-GM-A2D9-01A,,Positive,3 Point Scale,3+,3 Point Scale,,Positive,Lumpectomy,,YES,,,-25490.0,1910.0,1812.0,0.0,,,536.0,536,,YES,,90-99%,1.93,,2013-8-21,FEMALE,,,,,,60.0,2.23,1.16,,Infiltrating Ductal Carcinoma,,No,,C50.9,8500/3,C50.9,3+,YES,,Core needle biopsy,130.0,NO,,Negative,NO,2.0,Negative,Post (prior bilateral ovariectomy OR >12 mo since LMP with no prior hysterectomy),,,,,Positive,90-99%,,,,,,,,,,,,Bone,,,,,,,Bone,Distant Metastasis,,YES,YES,0.0,0.0,False,No,M0,N0 (i-),T1c,Stage I,TCGA-GM-A2D9.C690925E-38A2-48BC-8E2B-4EA383E27FE2.pdf,A2D9,WITH TUMOR,,,,,,YES,YES,40-49%,,YES,Primary Tumor,1,,6th,,NO,YES,GM,Breast,A,DECEASED,2006.0,4ffff9ea-3386-47d5-8974-722037f31849,4ffff9ea-3386-47d5-8974-722037f31849,TCGA-GM-A2D9-01A-21-A24A-20,,TCGA-GM-A2D9-01,TCGA-GM-A2D9-01A-11D-A18O-05,3a04c178-dd57-499e-959e-ba106a878397,TCGA-GM-A2D9-01,TCGA-GM-A2D9-01A-11D-A18P-09,,,TCGA-GM-A2D9-01,,,4ffff9ea-3386-47d5-8974-722037f31849,,TCGA-GM-A2D9-01A-11D-A18N-01,TCGA-GM-A2D9-01,,4ffff9ea-3386-47d5-8974-722037f31849,TCGA-GM-A2D9-01A-11D-A18N-01,,TCGA-GM-A2D9-01,60.4,1,,LumA,0
TCGA-GM-A2DA-01,,46.0,,,5909.0,,Positive,FEMALE,,,,,,,,,5909.0,0.0,LumA,,Positive,,,,enrollment,,,LIVING,TCGA-GM-A2DA-01,Iq,,,BRCA non-CIMP c9,,BRCA nonbasal-like c7,miRNA cluster 5,,,TCGA-GM-A2DA,TCGA Breast Cancer (BRCA),breast invasive carcinoma,Breast,YES,YES,,,46.0,Right Upper Inner Quadrant|Right Upper Outer Quadrant,Axillary lymph node dissection alone,,TCGA-GM-A2DA-F47040,TCGA-GM-A2DA,,,Positive,,,,,Positive,Modified Radical Mastectomy,,NO,,,-16854.0,,6593.0,0.0,5909.0,,,3014,,YES,,90-99%,3.70,,2013-8-21,FEMALE,,,90-99%,,2+,60.0,15,4.05,,Infiltrating Ductal Carcinoma,,No,,C50.9,8500/3,C50.9,,YES,,Fine needle aspiration biopsy,,,Equivocal,Positive,NO,13.0,Negative,Post (prior bilateral ovariectomy OR >12 mo since LMP with no prior hysterectomy),,,,,,,,,,,,,,,,,,,,,,,,,Bone,Distant Metastasis,,NO,YES,2.0,0.0,,No,M0,N1b,T2,Stage IIB,,A2DA,WITH TUMOR,,,,,,YES,YES,50-59%,,YES,Primary Tumor,1,,4th,,NO,YES,GM,Breast,,DECEASED,1993.0,df5061ca-929b-4e23-89fb-6d05c1a9ffa4,df5061ca-929b-4e23-89fb-6d05c1a9ffa4,,,TCGA-GM-A2DA-01,TCGA-GM-A2DA-01A-11D-A18O-05,,TCGA-GM-A2DA-01,TCGA-GM-A2DA-01A-11D-A18P-09,,,TCGA-GM-A2DA-01,,,df5061ca-929b-4e23-89fb-6d05c1a9ffa4,,TCGA-GM-A2DA-01A-11D-A18N-01,TCGA-GM-A2DA-01,,df5061ca-929b-4e23-89fb-6d05c1a9ffa4,TCGA-GM-A2DA-01A-11D-A18N-01,,TCGA-GM-A2DA-01,196.96666666666667,0,,LumA,0
TCGA-GM-A2DI-01,,52.0,,,1883.0,,Negative,FEMALE,,,,,,,,,1883.0,0.0,LumA,,Negative,,,,enrollment,,,LIVING,TCGA-GM-A2DI-01,Squamous,C3-BRCA/Luminal,,Low purity c2,BRCA nonbasal-like c8,BRCA nonbasal-like c7,miRNA cluster 3,,,TCGA-GM-A2DI,TCGA Breast Cancer (BRCA),breast invasive carcinoma,Breast,,,,,52.0,Left Upper Inner Quadrant,Sentinel node biopsy alone,,TCGA-GM-A2DI-F47089,TCGA-GM-A2DI,TCGA-GM-A2DI-01A,,Negative,,,,,Negative,Simple Mastectomy,,YES,,,-19030.0,2144.0,,0.0,2590.0,,,,,NO,,<10%,3.33,,2013-8-22,FEMALE,,,,,,60.0,3.53,1.06,,Infiltrating Ductal Carcinoma,,No,,C50.9,8500/3,C50.9,,YES,,Core needle biopsy,150.0,NO,,Negative,NO,9.0,Negative,Pre (<6 months since LMP AND no prior bilateral ovariectomy AND not on estrogen replacement),,,,,,,,,,,,,,,,,,,,,,,,,,,,,NO,0.0,1.0,False,No,M0,N0 (i+),T1c,Stage I,TCGA-GM-A2DI.D437E9FF-5C09-4FD6-BB0B-0881CD4C50D7.pdf,A2DI,TUMOR FREE,,,,,,YES,YES,<10%,,NO,Primary Tumor,1,,6th,,NO,YES,GM,Breast,A,LIVING,2005.0,c50e1f9f-6059-4609-876d-938efb8a784e,c50e1f9f-6059-4609-876d-938efb8a784e,TCGA-GM-A2DI-01A-21-A24A-20,,TCGA-GM-A2DI-01,TCGA-GM-A2DI-01A-31D-A18O-05,88140136-0e0a-44e3-84ac-ae2e2724a95f,TCGA-GM-A2DI-01,TCGA-GM-A2DI-01A-31D-A18P-09,,,TCGA-GM-A2DI-01,,,c50e1f9f-6059-4609-876d-938efb8a784e,,TCGA-GM-A2DI-01A-31D-A18N-01,TCGA-GM-A2DI-01,,c50e1f9f-6059-4609-876d-938efb8a784e,TCGA-GM-A2DI-01A-31D-A18N-01,,TCGA-GM-A2DI-01,62.766666666666666,0,,LumA,0
TCGA-GM-A2DK-01,,58.0,,,1896.0,,Positive,FEMALE,,,,,,,,,1896.0,0.0,LumA,,Negative,,,,enrollment,,,LIVING,TCGA-GM-A2DK-01,COAD-READ,C3-BRCA/Luminal,,BRCA non-CIMP c9,BRCA nonbasal-like c8,BRCA nonbasal-like c7,miRNA cluster 5,,,TCGA-GM-A2DK,TCGA Breast Cancer (BRCA),breast invasive carcinoma,Breast,,,,,58.0,Right Upper Outer Quadrant,Sentinel node biopsy alone,,TCGA-GM-A2DK-F47094,TCGA-GM-A2DK,TCGA-GM-A2DK-01A,,Positive,,,,,Negative,Lumpectomy,,YES,,,-21198.0,2109.0,,0.0,2645.0,,,,,NO,,90-99%,,,2013-8-22,FEMALE,,,,,,,,,,Infiltrating Ductal Carcinoma,,No,,C50.9,8500/3,C50.9,,YES,,Core needle biopsy,120.0,NO,Negative,,NO,1.0,Negative,Post (prior bilateral ovariectomy OR >12 mo since LMP with no prior hysterectomy),,,,,,,,,,,,,,,,,,,,,,,,,,,,,NO,0.0,0.0,False,No,M0,N0 (i-),T1c,Stage I,TCGA-GM-A2DK.FBD7BD94-2870-431D-A519-DAF72A97845F.pdf,A2DK,TUMOR FREE,,,,,,YES,YES,<10%,,YES,Primary Tumor,1,,6th,,NO,YES,GM,Breast,A,LIVING,2005.0,52df7d5d-7236-464f-9394-7c20f8726280,52df7d5d-7236-464f-9394-7c20f8726280,TCGA-GM-A2DK-01A-11-A24A-20,,TCGA-GM-A2DK-01,TCGA-GM-A2DK-01A-21D-A17Z-05,7f74c5f0-6c1f-4b93-a192-ee7d9c492c67,TCGA-GM-A2DK-01,TCGA-GM-A2DK-01A-21D-A17W-09,,,TCGA-GM-A2DK-01,,,52df7d5d-7236-464f-9394-7c20f8726280,,TCGA-GM-A2DK-01A-21D-A17U-01,TCGA-GM-A2DK-01,,52df7d5d-7236-464f-9394-7c20f8726280,TCGA-GM-A2DK-01A-21D-A17U-01,,TCGA-GM-A2DK-01,63.2,0,,LumA,0
TCGA-GM-A2DL-01,,50.0,,,2762.0,,Positive,FEMALE,,,,,,,,,2762.0,0.0,LumA,,Positive,,,,enrollment,,,LIVING,TCGA-GM-A2DL-01,BRCA-LUAD+,C3-BRCA/Luminal,,BRCA CIMP c7,BRCA nonbasal-like c8,BRCA nonbasal-like c7,miRNA cluster 5,,,TCGA-GM-A2DL,TCGA Breast Cancer (BRCA),breast invasive carcinoma,Breast,,,,,50.0,Left Upper Outer Quadrant,Sentinel node biopsy alone,,TCGA-GM-A2DL-F47098,TCGA-GM-A2DL,TCGA-GM-A2DL-01A,,Positive,,,,,Positive,Lumpectomy,,YES,,,-18475.0,2723.0,,0.0,3519.0,,,,,NO,,90-99%,,,2013-8-22,FEMALE,,,<10%,,1+,,,,,Infiltrating Ductal Carcinoma,,No,,C50.9,8500/3,C50.9,,YES,,Core needle biopsy,130.0,NO,Negative,,NO,2.0,Negative,Peri (6-12 months since last menstrual period),,,,,,,,,,,,,,,,,,,,,,,,,,,,,NO,0.0,0.0,False,No,M0,N0 (i-),T1c,Stage I,TCGA-GM-A2DL.8CF4E53E-924F-4DC6-8748-BC8A1F7D5662.pdf,A2DL,TUMOR FREE,,,,,,YES,YES,90-99%,,YES,Primary Tumor,1,,6th,,NO,YES,GM,Breast,A,LIVING,2003.0,8955404a-c756-4116-9613-dea06077a056,8955404a-c756-4116-9613-dea06077a056,TCGA-GM-A2DL-01A-21-A24A-20,,TCGA-GM-A2DL-01,TCGA-GM-A2DL-01A-11D-A18O-05,eba15eee-e233-45cc-b24d-fd3d99aa7e00,TCGA-GM-A2DL-01,TCGA-GM-A2DL-01A-11D-A18P-09,,,TCGA-GM-A2DL-01,,,8955404a-c756-4116-9613-dea06077a056,,TCGA-GM-A2DL-01A-11D-A18N-01,TCGA-GM-A2DL-01,,8955404a-c756-4116-9613-dea06077a056,TCGA-GM-A2DL-01A-11D-A18N-01,,TCGA-GM-A2DL-01,92.06666666666666,0,,LumA,0
TCGA-GM-A2DM-01,,57.0,,,2331.0,,Positive,FEMALE,,,,,,,,,2331.0,0.0,LumA,,Positive,,,,enrollment,,,LIVING,TCGA-GM-A2DM-01,Quiet,C3-BRCA/Luminal,,BRCA non-CIMP c9,BRCA nonbasal-like c8,BRCA nonbasal-like c7,miRNA cluster 6,,,TCGA-GM-A2DM,TCGA Breast Cancer (BRCA),breast invasive carcinoma,Breast,,,,,57.0,Right Lower Outer Quadrant,Sentinel node biopsy alone,,TCGA-GM-A2DM-F47104,TCGA-GM-A2DM,TCGA-GM-A2DM-01A,,Positive,,,,,Positive,Lumpectomy,,YES,,,-21160.0,2464.0,,0.0,3226.0,,,,,NO,,40-49%,,,2013-8-22,FEMALE,,,<10%,,1+,,,,,Infiltrating Ductal Carcinoma,,No,,C50.9,8500/3,C50.9,,YES,,Core needle biopsy,120.0,NO,Negative,,NO,2.0,Negative,Post (prior bilateral ovariectomy OR >12 mo since LMP with no prior hysterectomy),,,,,,,,,,,,,,,,,,,,,,,,,,,,,NO,0.0,0.0,False,No,M0,N0 (i-),T2,Stage IIA,TCGA-GM-A2DM.18D46E96-4E16-4736-AACF-C6BF8AEC9368.pdf,A2DM,TUMOR FREE,,,,,,YES,YES,30-39%,,YES,Primary Tumor,1,,6th,,NO,YES,GM,Breast,A,LIVING,2004.0,8d8fed5e-4b27-472a-93fa-2dba57098576,8d8fed5e-4b27-472a-93fa-2dba57098576,TCGA-GM-A2DM-01A-21-A24A-20,,TCGA-GM-A2DM-01,TCGA-GM-A2DM-01A-11D-A17Z-05,0f5e7aba-bcea-43bb-b280-ad49450691dd,TCGA-GM-A2DM-01,TCGA-GM-A2DM-01A-11D-A17W-09,,,TCGA-GM-A2DM-01,,,8d8fed5e-4b27-472a-93fa-2dba57098576,,TCGA-GM-A2DM-01A-11D-A17U-01,TCGA-GM-A2DM-01,,8d8fed5e-4b27-472a-93fa-2dba57098576,TCGA-GM-A2DM-01A-11D-A17U-01,,TCGA-GM-A2DM-01,77.7,0,,LumA,0
TCGA-GM-A2DN-01,,58.0,,,2352.0,,Positive,FEMALE,,,,,,,,,2352.0,0.0,LumA,,Positive,,,,enrollment,,,LIVING,TCGA-GM-A2DN-01,Iq,C3-BRCA/Luminal,,BRCA non-CIMP c9,BRCA nonbasal-like c8,BRCA nonbasal-like c7,miRNA cluster 5,,,TCGA-GM-A2DN,TCGA Breast Cancer (BRCA),breast invasive carcinoma,Breast,,,,,58.0,Left Upper Outer Quadrant,Sentinel lymph node biopsy plus axillary dissection,,TCGA-GM-A2DN-F47124,TCGA-GM-A2DN,TCGA-GM-A2DN-01A,,Positive,,,,,Positive,Modified Radical Mastectomy,,YES,,,-21288.0,2436.0,,0.0,3091.0,,,,,NO,,90-99%,,,2013-8-22,FEMALE,,,,,1+,,,,,Infiltrating Ductal Carcinoma,,No,,C50.9,8500/3,C50.9,,YES,,Core needle biopsy,210.0,NO,Negative,,NO,9.0,Negative,Post (prior bilateral ovariectomy OR >12 mo since LMP with no prior hysterectomy),,,,,,,,,,,,,,,,,,,,,,,,,,,,,NO,0.0,0.0,False,No,M0,N0 (i-),T2,Stage IIA,TCGA-GM-A2DN.8829274B-EB82-4155-A458-CF9F0E60B36E.pdf,A2DN,TUMOR FREE,,,,,,YES,YES,90-99%,,NO,Primary Tumor,1,,6th,,NO,YES,GM,Breast,A,LIVING,2004.0,0872770d-ed18-47c4-8190-212b7250f7cf,0872770d-ed18-47c4-8190-212b7250f7cf,TCGA-GM-A2DN-01A-21-A24A-20,,TCGA-GM-A2DN-01,TCGA-GM-A2DN-01A-11D-A17Z-05,cbb6932d-84f3-4a8f-9518-d8135db77eb2,TCGA-GM-A2DN-01,TCGA-GM-A2DN-01A-11D-A17W-09,,,TCGA-GM-A2DN-01,,,0872770d-ed18-47c4-8190-212b7250f7cf,,TCGA-GM-A2DN-01A-11D-A17U-01,TCGA-GM-A2DN-01,,0872770d-ed18-47c4-8190-212b7250f7cf,TCGA-GM-A2DN-01A-11D-A17U-01,,TCGA-GM-A2DN-01,78.4,0,,LumA,0
