sample_id,feature,integrated_gradient
TCGA-A8-A06X-01,Pathway_Immune,0.10843321840459257
TCGA-A8-A06X-01,Pathway_Proliferation,0.6157082640045249
TCGA-A8-A06X-01,Pathway_DNA_Repair,-0.1182990271863516
TCGA-A8-A06X-01,Pathway_Metabolism,0.28678755824343266
TCGA-A8-A06X-01,Pathway_Stromal_EMT,-0.6747516684134512
TCGA-A8-A06X-01,Pathway_Apoptosis_Stress,-0.01260787098613684
TCGA-A8-A06X-01,Pathway_Hormone,-0.007852827726652809
TCGA-A8-A06X-01,age_at_dx,1.1075212393106517
TCGA-A8-A06X-01,stage_ordinal,0.4734001137010234
TCGA-BH-A18J-01,Pathway_Immune,-0.016385892654540764
TCGA-BH-A18J-01,Pathway_Proliferation,0.11520396890394752
TCGA-BH-A18J-01,Pathway_DNA_Repair,-0.060186172005481875
TCGA-BH-A18J-01,Pathway_Metabolism,0.0021209085051898226
TCGA-BH-A18J-01,Pathway_Stromal_EMT,1.1715398146847875
TCGA-BH-A18J-01,Pathway_Apoptosis_Stress,-0.7594025808421637
TCGA-BH-A18J-01,Pathway_Hormone,-0.12175812106608187
TCGA-BH-A18J-01,age_at_dx,-0.043428285293289605
TCGA-BH-A18J-01,stage_ordinal,-0.2348166995055894
TCGA-BH-A1EO-01,Pathway_Immune,0.1144478128660159
TCGA-BH-A1EO-01,Pathway_Proliferation,-0.08284720212292708
TCGA-BH-A1EO-01,Pathway_DNA_Repair,-0.02441567198987493
TCGA-BH-A1EO-01,Pathway_Metabolism,-0.2089839159143399
TCGA-BH-A1EO-01,Pathway_Stromal_EMT,0.4937208735273545
TCGA-BH-A1EO-01,Pathway_Apoptosis_Stress,-0.020078744254116102
TCGA-BH-A1EO-01,Pathway_Hormone,-0.13878466676619025
TCGA-BH-A1EO-01,age_at_dx,0.08293027491999984
TCGA-BH-A1EO-01,stage_ordinal,0.06875698781441109
TCGA-AO-A03P-01,Pathway_Immune,0.083865645406667
TCGA-AO-A03P-01,Pathway_Proliferation,0.4569667229106821
TCGA-AO-A03P-01,Pathway_DNA_Repair,-0.7297359147051016
TCGA-AO-A03P-01,Pathway_Metabolism,0.05514154010608484
TCGA-AO-A03P-01,Pathway_Stromal_EMT,-0.42985792928480854
TCGA-AO-A03P-01,Pathway_Apoptosis_Stress,0.642762981199108
TCGA-AO-A03P-01,Pathway_Hormone,-0.020568556863491377
TCGA-AO-A03P-01,age_at_dx,0.013121002858914094
TCGA-AO-A03P-01,stage_ordinal,0.1247743481952401
TCGA-B6-A0I8-01,Pathway_Immune,-0.44670586944631013
TCGA-B6-A0I8-01,Pathway_Proliferation,-0.14360085962514058
TCGA-B6-A0I8-01,Pathway_DNA_Repair,0.34567148410967635
TCGA-B6-A0I8-01,Pathway_Metabolism,0.005068165436771753
TCGA-B6-A0I8-01,Pathway_Stromal_EMT,0.05897578679327807
TCGA-B6-A0I8-01,Pathway_Apoptosis_Stress,0.4143619298767482
TCGA-B6-A0I8-01,Pathway_Hormone,0.002361389719202373
TCGA-B6-A0I8-01,age_at_dx,0.27559976742890524
TCGA-B6-A0I8-01,stage_ordinal,0.3290571455633601
TCGA-AR-A24S-01,Pathway_Immune,0.09727947621625858
TCGA-AR-A24S-01,Pathway_Proliferation,0.19986525368888108
TCGA-AR-A24S-01,Pathway_DNA_Repair,-0.03319357167992984
TCGA-AR-A24S-01,Pathway_Metabolism,-0.003016276196005418
TCGA-AR-A24S-01,Pathway_Stromal_EMT,0.19797403236250896
TCGA-AR-A24S-01,Pathway_Apoptosis_Stress,0.013915744562898411
TCGA-AR-A24S-01,Pathway_Hormone,-0.03990728143094577
TCGA-AR-A24S-01,age_at_dx,-0.028409690547316582
TCGA-AR-A24S-01,stage_ordinal,0.04441343052188079
TCGA-B6-A0IH-01,Pathway_Immune,-0.0008337469695113265
TCGA-B6-A0IH-01,Pathway_Proliferation,-0.06616514081859805
TCGA-B6-A0IH-01,Pathway_DNA_Repair,-0.20289297779250015
TCGA-B6-A0IH-01,Pathway_Metabolism,-0.5032415337809096
TCGA-B6-A0IH-01,Pathway_Stromal_EMT,0.13654937175368215
TCGA-B6-A0IH-01,Pathway_Apoptosis_Stress,-0.1749157821992657
TCGA-B6-A0IH-01,Pathway_Hormone,0.29187038629425044
TCGA-B6-A0IH-01,age_at_dx,0.8270017335980133
TCGA-B6-A0IH-01,stage_ordinal,-0.1751877874705979
TCGA-BH-A18T-01,Pathway_Immune,0.04923439691455831
TCGA-BH-A18T-01,Pathway_Proliferation,0.394577461888902
TCGA-BH-A18T-01,Pathway_DNA_Repair,0.007278764547865894
TCGA-BH-A18T-01,Pathway_Metabolism,0.011216268408351646
TCGA-BH-A18T-01,Pathway_Stromal_EMT,-0.1270996308585449
TCGA-BH-A18T-01,Pathway_Apoptosis_Stress,-0.369427375708302
TCGA-BH-A18T-01,Pathway_Hormone,-0.060430368208011134
TCGA-BH-A18T-01,age_at_dx,0.3366206258395723
TCGA-BH-A18T-01,stage_ordinal,0.2515515748154623
TCGA-BH-A18P-11,Pathway_Immune,-0.06310085464133305
TCGA-BH-A18P-11,Pathway_Proliferation,-0.26735667884649794
TCGA-BH-A18P-11,Pathway_DNA_Repair,1.1836035978185264
TCGA-BH-A18P-11,Pathway_Metabolism,0.08506383426370792
TCGA-BH-A18P-11,Pathway_Stromal_EMT,0.02617136931943941
TCGA-BH-A18P-11,Pathway_Apoptosis_Stress,0.04484850006252414
TCGA-BH-A18P-11,Pathway_Hormone,0.2310100076114254
TCGA-BH-A18P-11,age_at_dx,0.01017542492195334
TCGA-BH-A18P-11,stage_ordinal,0.06664481479590835
TCGA-BH-A18U-11,Pathway_Immune,-0.018231176725213207
TCGA-BH-A18U-11,Pathway_Proliferation,-0.650846084540995
TCGA-BH-A18U-11,Pathway_DNA_Repair,1.2302997399292839
TCGA-BH-A18U-11,Pathway_Metabolism,-0.15738733508295233
TCGA-BH-A18U-11,Pathway_Stromal_EMT,0.15802821806114298
TCGA-BH-A18U-11,Pathway_Apoptosis_Stress,-0.29622525855888765
TCGA-BH-A18U-11,Pathway_Hormone,-0.16214938450755093
TCGA-BH-A18U-11,age_at_dx,0.30929971943787876
TCGA-BH-A18U-11,stage_ordinal,-0.07169488407199542
TCGA-BH-A18M-11,Pathway_Immune,-0.11987838952182642
TCGA-BH-A18M-11,Pathway_Proliferation,-0.3560433697618293
TCGA-BH-A18M-11,Pathway_DNA_Repair,1.36067379740906
TCGA-BH-A18M-11,Pathway_Metabolism,-0.3250774756176978
TCGA-BH-A18M-11,Pathway_Stromal_EMT,0.38185871597553683
TCGA-BH-A18M-11,Pathway_Apoptosis_Stress,-0.2912017387984013
TCGA-BH-A18M-11,Pathway_Hormone,0.027189558134153087
TCGA-BH-A18M-11,age_at_dx,0.45625053579305136
TCGA-BH-A18M-11,stage_ordinal,0.09860009371468695
TCGA-B6-A0RO-01,Pathway_Immune,0.06315718131532713
TCGA-B6-A0RO-01,Pathway_Proliferation,-0.4037910166831575
TCGA-B6-A0RO-01,Pathway_DNA_Repair,0.00656054220831381
TCGA-B6-A0RO-01,Pathway_Metabolism,-0.24666312094700255
TCGA-B6-A0RO-01,Pathway_Stromal_EMT,-0.7890359592533926
TCGA-B6-A0RO-01,Pathway_Apoptosis_Stress,0.4392344992666653
TCGA-B6-A0RO-01,Pathway_Hormone,-1.2855781087167966
TCGA-B6-A0RO-01,age_at_dx,0.1658566438432317
TCGA-B6-A0RO-01,stage_ordinal,0.2406746677795268
TCGA-A2-A04P-01,Pathway_Immune,-0.06942601103078892
TCGA-A2-A04P-01,Pathway_Proliferation,0.00032315653896873234
TCGA-A2-A04P-01,Pathway_DNA_Repair,-0.0848719893432406
TCGA-A2-A04P-01,Pathway_Metabolism,0.11193860487912782
TCGA-A2-A04P-01,Pathway_Stromal_EMT,-0.2382415825892527
TCGA-A2-A04P-01,Pathway_Apoptosis_Stress,-0.16946729331242044
TCGA-A2-A04P-01,Pathway_Hormone,-0.19684156728902366
TCGA-A2-A04P-01,age_at_dx,0.11502066416662324
TCGA-A2-A04P-01,stage_ordinal,0.12115829979693644
TCGA-GM-A2DM-01,Pathway_Immune,0.06975956617348411
TCGA-GM-A2DM-01,Pathway_Proliferation,-0.25116649185217466
TCGA-GM-A2DM-01,Pathway_DNA_Repair,0.3613270748362393
TCGA-GM-A2DM-01,Pathway_Metabolism,-0.03499806565764641
TCGA-GM-A2DM-01,Pathway_Stromal_EMT,-0.7106050671822424
TCGA-GM-A2DM-01,Pathway_Apoptosis_Stress,-0.6744659106439665
TCGA-GM-A2DM-01,Pathway_Hormone,-0.7462674114423032
TCGA-GM-A2DM-01,age_at_dx,-0.000927176438246826
TCGA-GM-A2DM-01,stage_ordinal,0.027666779639369567
TCGA-B6-A0RH-01,Pathway_Immune,0.19796836631080483
TCGA-B6-A0RH-01,Pathway_Proliferation,0.11868660062390084
TCGA-B6-A0RH-01,Pathway_DNA_Repair,0.004301462733548142
TCGA-B6-A0RH-01,Pathway_Metabolism,-0.4834475426462771
TCGA-B6-A0RH-01,Pathway_Stromal_EMT,0.19330268683693555
TCGA-B6-A0RH-01,Pathway_Apoptosis_Stress,-0.5999912475982642
TCGA-B6-A0RH-01,Pathway_Hormone,-0.06594972248788793
TCGA-B6-A0RH-01,age_at_dx,-0.29145394673225694
TCGA-B6-A0RH-01,stage_ordinal,0.17019907004561502
TCGA-AO-A0JE-01,Pathway_Immune,-0.06849090071185482
TCGA-AO-A0JE-01,Pathway_Proliferation,0.07498707424988153
TCGA-AO-A0JE-01,Pathway_DNA_Repair,-0.007978193677785891
TCGA-AO-A0JE-01,Pathway_Metabolism,0.0029485306820731124
TCGA-AO-A0JE-01,Pathway_Stromal_EMT,0.701668290553383
TCGA-AO-A0JE-01,Pathway_Apoptosis_Stress,-0.365371344557296
TCGA-AO-A0JE-01,Pathway_Hormone,-0.0027517649394543935
TCGA-AO-A0JE-01,age_at_dx,-0.008726111434152627
TCGA-AO-A0JE-01,stage_ordinal,-0.008671706503586472
TCGA-E2-A106-01,Pathway_Immune,-0.22611748756389624
TCGA-E2-A106-01,Pathway_Proliferation,-0.22433778242037003
TCGA-E2-A106-01,Pathway_DNA_Repair,0.16678324457063592
TCGA-E2-A106-01,Pathway_Metabolism,-0.1952895860139009
TCGA-E2-A106-01,Pathway_Stromal_EMT,-0.27715722661945236
TCGA-E2-A106-01,Pathway_Apoptosis_Stress,-0.01166113762167986
TCGA-E2-A106-01,Pathway_Hormone,-1.889329565811277
TCGA-E2-A106-01,age_at_dx,0.6910182721319115
TCGA-E2-A106-01,stage_ordinal,0.2656907715756182
TCGA-BH-A18N-01,Pathway_Immune,0.07343779901432058
TCGA-BH-A18N-01,Pathway_Proliferation,-0.10179885325898008
TCGA-BH-A18N-01,Pathway_DNA_Repair,0.02786733667036904
TCGA-BH-A18N-01,Pathway_Metabolism,0.004115992923698209
TCGA-BH-A18N-01,Pathway_Stromal_EMT,0.03908177777595427
TCGA-BH-A18N-01,Pathway_Apoptosis_Stress,0.025600661677153906
TCGA-BH-A18N-01,Pathway_Hormone,-0.13194932011010044
TCGA-BH-A18N-01,age_at_dx,0.6326572287292767
TCGA-BH-A18N-01,stage_ordinal,0.020971804726948925
TCGA-BH-A1FL-01,Pathway_Immune,0.4213557094489418
TCGA-BH-A1FL-01,Pathway_Proliferation,0.04034267903395266
TCGA-BH-A1FL-01,Pathway_DNA_Repair,0.025400862810336135
TCGA-BH-A1FL-01,Pathway_Metabolism,-0.2193617053865824
TCGA-BH-A1FL-01,Pathway_Stromal_EMT,-0.08577091836881487
TCGA-BH-A1FL-01,Pathway_Apoptosis_Stress,-0.19485033071405045
TCGA-BH-A1FL-01,Pathway_Hormone,0.14220206722638937
TCGA-BH-A1FL-01,age_at_dx,0.17213125284978448
TCGA-BH-A1FL-01,stage_ordinal,0.0964232602406449
TCGA-A2-A25A-01,Pathway_Immune,0.03163219317813396
TCGA-A2-A25A-01,Pathway_Proliferation,-0.39789040397084946
TCGA-A2-A25A-01,Pathway_DNA_Repair,0.3120972662787828
TCGA-A2-A25A-01,Pathway_Metabolism,-1.000748822313377
TCGA-A2-A25A-01,Pathway_Stromal_EMT,0.47984569246620723
TCGA-A2-A25A-01,Pathway_Apoptosis_Stress,-0.3905582287881632
TCGA-A2-A25A-01,Pathway_Hormone,-0.07682906803777599
TCGA-A2-A25A-01,age_at_dx,0.022088635091810003
TCGA-A2-A25A-01,stage_ordinal,-0.05961350549304497
TCGA-A2-A0SV-01,Pathway_Immune,0.009509346752964333
TCGA-A2-A0SV-01,Pathway_Proliferation,0.3991365943458555
TCGA-A2-A0SV-01,Pathway_DNA_Repair,0.2911641206065437
TCGA-A2-A0SV-01,Pathway_Metabolism,0.03842065149505288
TCGA-A2-A0SV-01,Pathway_Stromal_EMT,0.24626822417904293
TCGA-A2-A0SV-01,Pathway_Apoptosis_Stress,-0.4531829717501494
TCGA-A2-A0SV-01,Pathway_Hormone,-0.0004926850543486365
TCGA-A2-A0SV-01,age_at_dx,0.29263017320202667
TCGA-A2-A0SV-01,stage_ordinal,-0.1672373639757034
TCGA-A2-A0CU-01,Pathway_Immune,-0.29636054158144454
TCGA-A2-A0CU-01,Pathway_Proliferation,0.057760849196699104
TCGA-A2-A0CU-01,Pathway_DNA_Repair,-0.006417719241190283
TCGA-A2-A0CU-01,Pathway_Metabolism,0.0076871181004375105
TCGA-A2-A0CU-01,Pathway_Stromal_EMT,0.006745075697521909
TCGA-A2-A0CU-01,Pathway_Apoptosis_Stress,-0.0036583462301249307
TCGA-A2-A0CU-01,Pathway_Hormone,-0.5904038802328624
TCGA-A2-A0CU-01,age_at_dx,0.5550261776806781
TCGA-A2-A0CU-01,stage_ordinal,0.24130591391083803
TCGA-BH-A1ET-11,Pathway_Immune,0.011787758868945996
TCGA-BH-A1ET-11,Pathway_Proliferation,-0.6853929792195996
TCGA-BH-A1ET-11,Pathway_DNA_Repair,1.108098645715949
TCGA-BH-A1ET-11,Pathway_Metabolism,0.12038898031848057
TCGA-BH-A1ET-11,Pathway_Stromal_EMT,0.07659875408886381
TCGA-BH-A1ET-11,Pathway_Apoptosis_Stress,0.018879587166554815
TCGA-BH-A1ET-11,Pathway_Hormone,0.059108894138647505
TCGA-BH-A1ET-11,age_at_dx,0.02190748829281252
TCGA-BH-A1ET-11,stage_ordinal,0.013250908491209716
TCGA-BH-A1FC-01,Pathway_Immune,-0.26138382350644906
TCGA-BH-A1FC-01,Pathway_Proliferation,0.2417096281776597
TCGA-BH-A1FC-01,Pathway_DNA_Repair,0.18650351602263274
TCGA-BH-A1FC-01,Pathway_Metabolism,-0.014695308668944692
TCGA-BH-A1FC-01,Pathway_Stromal_EMT,-0.2197285584835115
TCGA-BH-A1FC-01,Pathway_Apoptosis_Stress,-0.3795860791231217
TCGA-BH-A1FC-01,Pathway_Hormone,-0.09562585640332706
TCGA-BH-A1FC-01,age_at_dx,0.5780915719826827
TCGA-BH-A1FC-01,stage_ordinal,0.30090093606576923
TCGA-AO-A124-01,Pathway_Immune,0.012529245211151497
TCGA-AO-A124-01,Pathway_Proliferation,0.2241657910615965
TCGA-AO-A124-01,Pathway_DNA_Repair,0.1231952052695005
TCGA-AO-A124-01,Pathway_Metabolism,-0.13921522785384075
TCGA-AO-A124-01,Pathway_Stromal_EMT,-0.746639431982698
TCGA-AO-A124-01,Pathway_Apoptosis_Stress,0.10774362115496293
TCGA-AO-A124-01,Pathway_Hormone,-0.3797162122479246
TCGA-AO-A124-01,age_at_dx,-0.27651716162942563
TCGA-AO-A124-01,stage_ordinal,0.13864866216836302
TCGA-BH-A18L-11,Pathway_Immune,-0.25249046856971885
TCGA-BH-A18L-11,Pathway_Proliferation,-0.4513420627975768
TCGA-BH-A18L-11,Pathway_DNA_Repair,1.5915769007500964
TCGA-BH-A18L-11,Pathway_Metabolism,-0.002147805724203421
TCGA-BH-A18L-11,Pathway_Stromal_EMT,0.07124404957444758
TCGA-BH-A18L-11,Pathway_Apoptosis_Stress,0.045996178644851844
TCGA-BH-A18L-11,Pathway_Hormone,-0.04086387592983561
TCGA-BH-A18L-11,age_at_dx,0.13722041885000105
TCGA-BH-A18L-11,stage_ordinal,0.02372052260544096
TCGA-AQ-A0Y5-01,Pathway_Immune,-0.06473263608928552
TCGA-AQ-A0Y5-01,Pathway_Proliferation,-0.05523367992218697
TCGA-AQ-A0Y5-01,Pathway_DNA_Repair,-0.3469820257068629
TCGA-AQ-A0Y5-01,Pathway_Metabolism,0.012365989299421095
TCGA-AQ-A0Y5-01,Pathway_Stromal_EMT,0.3007525884721928
TCGA-AQ-A0Y5-01,Pathway_Apoptosis_Stress,0.5197187074475441
TCGA-AQ-A0Y5-01,Pathway_Hormone,-0.23189573269992353
TCGA-AQ-A0Y5-01,age_at_dx,0.5731369205172455
TCGA-AQ-A0Y5-01,stage_ordinal,0.9050612230212003
TCGA-B6-A0I9-01,Pathway_Immune,0.012936419752308007
TCGA-B6-A0I9-01,Pathway_Proliferation,0.5694899458398488
TCGA-B6-A0I9-01,Pathway_DNA_Repair,-0.3578000719414577
TCGA-B6-A0I9-01,Pathway_Metabolism,0.2557870169206678
TCGA-B6-A0I9-01,Pathway_Stromal_EMT,-0.8193809224197256
TCGA-B6-A0I9-01,Pathway_Apoptosis_Stress,0.38095612258794104
TCGA-B6-A0I9-01,Pathway_Hormone,0.0020176861766569407
TCGA-B6-A0I9-01,age_at_dx,0.09929974664145376
TCGA-B6-A0I9-01,stage_ordinal,0.01326147233083784
TCGA-AR-A24H-01,Pathway_Immune,-0.011170883653234548
TCGA-AR-A24H-01,Pathway_Proliferation,0.19908256958541576
TCGA-AR-A24H-01,Pathway_DNA_Repair,-0.8417591990815805
TCGA-AR-A24H-01,Pathway_Metabolism,-0.15510559891624434
TCGA-AR-A24H-01,Pathway_Stromal_EMT,-0.42069730028323155
TCGA-AR-A24H-01,Pathway_Apoptosis_Stress,0.6023822764063901
TCGA-AR-A24H-01,Pathway_Hormone,-0.024995814339177157
TCGA-AR-A24H-01,age_at_dx,0.015127805989947323
TCGA-AR-A24H-01,stage_ordinal,-0.16509948473855118
TCGA-BH-A18P-01,Pathway_Immune,-0.0028818561048372065
TCGA-BH-A18P-01,Pathway_Proliferation,0.11207990228892797
TCGA-BH-A18P-01,Pathway_DNA_Repair,-0.07739017126823718
TCGA-BH-A18P-01,Pathway_Metabolism,-0.10134691492744131
TCGA-BH-A18P-01,Pathway_Stromal_EMT,-0.004958965381775799
TCGA-BH-A18P-01,Pathway_Apoptosis_Stress,0.2713801213072432
TCGA-BH-A18P-01,Pathway_Hormone,0.05636816671746388
TCGA-BH-A18P-01,age_at_dx,-0.04860024836087616
TCGA-BH-A18P-01,stage_ordinal,0.2754792903733573
TCGA-B6-A0RQ-01,Pathway_Immune,-0.25810257401483705
TCGA-B6-A0RQ-01,Pathway_Proliferation,-0.696774449230298
TCGA-B6-A0RQ-01,Pathway_DNA_Repair,0.8398111360679422
TCGA-B6-A0RQ-01,Pathway_Metabolism,-0.030551156739551395
TCGA-B6-A0RQ-01,Pathway_Stromal_EMT,-0.012957628768553137
TCGA-B6-A0RQ-01,Pathway_Apoptosis_Stress,0.04024554913018872
TCGA-B6-A0RQ-01,Pathway_Hormone,-0.6408858443381322
TCGA-B6-A0RQ-01,age_at_dx,0.2459399093520059
TCGA-B6-A0RQ-01,stage_ordinal,-0.05096495503122182
TCGA-BH-A18R-11,Pathway_Immune,-0.02986519458483827
TCGA-BH-A18R-11,Pathway_Proliferation,-0.4838670866433514
TCGA-BH-A18R-11,Pathway_DNA_Repair,1.1580746699865265
TCGA-BH-A18R-11,Pathway_Metabolism,-0.16971082674203042
TCGA-BH-A18R-11,Pathway_Stromal_EMT,0.07481356051324939
TCGA-BH-A18R-11,Pathway_Apoptosis_Stress,0.003974525588428742
TCGA-BH-A18R-11,Pathway_Hormone,0.11673385824537766
TCGA-BH-A18R-11,age_at_dx,0.08854234842171795
TCGA-BH-A18R-11,stage_ordinal,0.16195126238820842
TCGA-A2-A0T2-01,Pathway_Immune,0.003485486438859919
TCGA-A2-A0T2-01,Pathway_Proliferation,-0.010951247282360351
TCGA-A2-A0T2-01,Pathway_DNA_Repair,-0.0018301296658418827
TCGA-A2-A0T2-01,Pathway_Metabolism,0.33914978907334586
TCGA-A2-A0T2-01,Pathway_Stromal_EMT,0.050918254331130446
TCGA-A2-A0T2-01,Pathway_Apoptosis_Stress,-0.06970443623356701
TCGA-A2-A0T2-01,Pathway_Hormone,0.17705331555206605
TCGA-A2-A0T2-01,age_at_dx,0.1900235517933598
TCGA-A2-A0T2-01,stage_ordinal,0.005363243689663462
TCGA-BH-A1EO-11,Pathway_Immune,-0.5334178641097967
TCGA-BH-A1EO-11,Pathway_Proliferation,-0.2983287287527578
TCGA-BH-A1EO-11,Pathway_DNA_Repair,0.07490270720520133
TCGA-BH-A1EO-11,Pathway_Metabolism,0.2827340096220773
TCGA-BH-A1EO-11,Pathway_Stromal_EMT,0.5640868074359635
TCGA-BH-A1EO-11,Pathway_Apoptosis_Stress,0.025276922033685877
TCGA-BH-A1EO-11,Pathway_Hormone,0.4340368033746383
TCGA-BH-A1EO-11,age_at_dx,0.10465505767987772
TCGA-BH-A1EO-11,stage_ordinal,-0.02397288682550878
TCGA-AO-A0JD-01,Pathway_Immune,-0.008115036219886405
TCGA-AO-A0JD-01,Pathway_Proliferation,1.2996977020287876
TCGA-AO-A0JD-01,Pathway_DNA_Repair,-0.23127094730717876
TCGA-AO-A0JD-01,Pathway_Metabolism,0.0033660237221812923
TCGA-AO-A0JD-01,Pathway_Stromal_EMT,-2.099863652450563
TCGA-AO-A0JD-01,Pathway_Apoptosis_Stress,0.7682316552558407
TCGA-AO-A0JD-01,Pathway_Hormone,-0.6029996022193264
TCGA-AO-A0JD-01,age_at_dx,0.0746954962499684
TCGA-AO-A0JD-01,stage_ordinal,0.07999751363578146
TCGA-B6-A0RU-01,Pathway_Immune,-0.31103278601364975
TCGA-B6-A0RU-01,Pathway_Proliferation,-0.2452889390914703
TCGA-B6-A0RU-01,Pathway_DNA_Repair,0.0009904858358450524
TCGA-B6-A0RU-01,Pathway_Metabolism,-0.12042498066170697
TCGA-B6-A0RU-01,Pathway_Stromal_EMT,0.19739514073018977
TCGA-B6-A0RU-01,Pathway_Apoptosis_Stress,0.08712146998909377
TCGA-B6-A0RU-01,Pathway_Hormone,-0.07822066822730801
TCGA-B6-A0RU-01,age_at_dx,-0.1423696127688678
TCGA-B6-A0RU-01,stage_ordinal,0.03352959021418772
TCGA-B6-A0RM-01,Pathway_Immune,-0.01162730548870974
TCGA-B6-A0RM-01,Pathway_Proliferation,0.17231044038053647
TCGA-B6-A0RM-01,Pathway_DNA_Repair,-0.27130101868622664
TCGA-B6-A0RM-01,Pathway_Metabolism,0.0063420286177084395
TCGA-B6-A0RM-01,Pathway_Stromal_EMT,0.3092437228142844
TCGA-B6-A0RM-01,Pathway_Apoptosis_Stress,0.4731672348687977
TCGA-B6-A0RM-01,Pathway_Hormone,0.0004916810174540092
TCGA-B6-A0RM-01,age_at_dx,0.005914071512832587
TCGA-B6-A0RM-01,stage_ordinal,0.20639331464946156
TCGA-A2-A04W-01,Pathway_Immune,-0.23286921073664077
TCGA-A2-A04W-01,Pathway_Proliferation,0.010761763722349953
TCGA-A2-A04W-01,Pathway_DNA_Repair,0.10380752347274234
TCGA-A2-A04W-01,Pathway_Metabolism,0.006264562962167347
TCGA-A2-A04W-01,Pathway_Stromal_EMT,1.091065430380654
TCGA-A2-A04W-01,Pathway_Apoptosis_Stress,-1.3043935242184275
TCGA-A2-A04W-01,Pathway_Hormone,-0.4246202214747138
TCGA-A2-A04W-01,age_at_dx,-0.059350599382722
TCGA-A2-A04W-01,stage_ordinal,0.02378029794669083
TCGA-BH-A18N-11,Pathway_Immune,0.04314400484749465
TCGA-BH-A18N-11,Pathway_Proliferation,-0.8590921585389574
TCGA-BH-A18N-11,Pathway_DNA_Repair,1.512818308023075
TCGA-BH-A18N-11,Pathway_Metabolism,-0.06765630139855527
TCGA-BH-A18N-11,Pathway_Stromal_EMT,0.06330198453672682
TCGA-BH-A18N-11,Pathway_Apoptosis_Stress,0.02583623153267787
TCGA-BH-A18N-11,Pathway_Hormone,-0.10813064757788036
TCGA-BH-A18N-11,age_at_dx,0.834694768535552
TCGA-BH-A18N-11,stage_ordinal,-0.07873477980630768
TCGA-BH-A1FG-01,Pathway_Immune,-0.027335218813272374
TCGA-BH-A1FG-01,Pathway_Proliferation,-0.15605584534119576
TCGA-BH-A1FG-01,Pathway_DNA_Repair,-0.17587486382493847
TCGA-BH-A1FG-01,Pathway_Metabolism,0.1160384477078166
TCGA-BH-A1FG-01,Pathway_Stromal_EMT,-1.129422353925421
TCGA-BH-A1FG-01,Pathway_Apoptosis_Stress,0.27921956336586673
TCGA-BH-A1FG-01,Pathway_Hormone,-0.8080418882345997
TCGA-BH-A1FG-01,age_at_dx,1.3294190189007327
TCGA-BH-A1FG-01,stage_ordinal,-0.013651608643227441
TCGA-BH-A1ES-01,Pathway_Immune,-0.18780236715981907
TCGA-BH-A1ES-01,Pathway_Proliferation,0.10211480184356592
TCGA-BH-A1ES-01,Pathway_DNA_Repair,-0.15654163238041946
TCGA-BH-A1ES-01,Pathway_Metabolism,-0.22308119389987613
TCGA-BH-A1ES-01,Pathway_Stromal_EMT,-0.14929668848051156
TCGA-BH-A1ES-01,Pathway_Apoptosis_Stress,-0.027948606508443066
TCGA-BH-A1ES-01,Pathway_Hormone,-0.4539002599680398
TCGA-BH-A1ES-01,age_at_dx,0.5214933601572448
TCGA-BH-A1ES-01,stage_ordinal,-0.09638762463185156
TCGA-A8-A08L-01,Pathway_Immune,-0.03263129993854734
TCGA-A8-A08L-01,Pathway_Proliferation,0.07104871923314961
TCGA-A8-A08L-01,Pathway_DNA_Repair,0.2741160267250338
TCGA-A8-A08L-01,Pathway_Metabolism,0.11186918377885269
TCGA-A8-A08L-01,Pathway_Stromal_EMT,0.02409532163627821
TCGA-A8-A08L-01,Pathway_Apoptosis_Stress,-0.6584651891210593
TCGA-A8-A08L-01,Pathway_Hormone,0.18507181635334627
TCGA-A8-A08L-01,age_at_dx,1.4054764438224372
TCGA-A8-A08L-01,stage_ordinal,1.2279414550185532
TCGA-B6-A0RL-01,Pathway_Immune,0.48274746383136075
TCGA-B6-A0RL-01,Pathway_Proliferation,0.3783210456624609
TCGA-B6-A0RL-01,Pathway_DNA_Repair,-0.3425715430618122
TCGA-B6-A0RL-01,Pathway_Metabolism,-0.015074964346036886
TCGA-B6-A0RL-01,Pathway_Stromal_EMT,-1.1607053303491763
TCGA-B6-A0RL-01,Pathway_Apoptosis_Stress,0.8426209893788921
TCGA-B6-A0RL-01,Pathway_Hormone,0.006386339761608574
TCGA-B6-A0RL-01,age_at_dx,0.027058489844586087
TCGA-B6-A0RL-01,stage_ordinal,0.004726813037488714
TCGA-A2-A0CM-01,Pathway_Immune,0.010350125378384544
TCGA-A2-A0CM-01,Pathway_Proliferation,0.4259561341958106
TCGA-A2-A0CM-01,Pathway_DNA_Repair,-0.05496000487773116
TCGA-A2-A0CM-01,Pathway_Metabolism,-0.004704765914316136
TCGA-A2-A0CM-01,Pathway_Stromal_EMT,0.12834903506184475
TCGA-A2-A0CM-01,Pathway_Apoptosis_Stress,0.007457642281332974
TCGA-A2-A0CM-01,Pathway_Hormone,-0.3048040447102862
TCGA-A2-A0CM-01,age_at_dx,-0.3643952377409185
TCGA-A2-A0CM-01,stage_ordinal,0.4940474922979841
TCGA-B6-A0WW-01,Pathway_Immune,-0.0028888306492048225
TCGA-B6-A0WW-01,Pathway_Proliferation,0.06102621803203786
TCGA-B6-A0WW-01,Pathway_DNA_Repair,-0.002344206282952944
TCGA-B6-A0WW-01,Pathway_Metabolism,0.14695055987928934
TCGA-B6-A0WW-01,Pathway_Stromal_EMT,0.14137271227073644
TCGA-B6-A0WW-01,Pathway_Apoptosis_Stress,0.010276950793106494
TCGA-B6-A0WW-01,Pathway_Hormone,-0.2750906739561261
TCGA-B6-A0WW-01,age_at_dx,-0.00234385608494861
TCGA-B6-A0WW-01,stage_ordinal,0.07404073950033196
TCGA-A2-A0EO-01,Pathway_Immune,0.3472257806173426
TCGA-A2-A0EO-01,Pathway_Proliferation,-0.4345589574047268
TCGA-A2-A0EO-01,Pathway_DNA_Repair,0.47981234453164323
TCGA-A2-A0EO-01,Pathway_Metabolism,0.02386297399003761
TCGA-A2-A0EO-01,Pathway_Stromal_EMT,1.4676184160493069
TCGA-A2-A0EO-01,Pathway_Apoptosis_Stress,-1.8557880502202728
TCGA-A2-A0EO-01,Pathway_Hormone,-2.055634856584176
TCGA-A2-A0EO-01,age_at_dx,0.01265726584561789
TCGA-A2-A0EO-01,stage_ordinal,-0.14142276769918838
TCGA-B6-A0IC-01,Pathway_Immune,0.0059425211437033896
TCGA-B6-A0IC-01,Pathway_Proliferation,0.005308002081974084
TCGA-B6-A0IC-01,Pathway_DNA_Repair,-0.33965383722552206
TCGA-B6-A0IC-01,Pathway_Metabolism,0.023320440297680687
TCGA-B6-A0IC-01,Pathway_Stromal_EMT,0.377579093549579
TCGA-B6-A0IC-01,Pathway_Apoptosis_Stress,0.2252917748578058
TCGA-B6-A0IC-01,Pathway_Hormone,-0.030683175494995225
TCGA-B6-A0IC-01,age_at_dx,0.4992909057157265
TCGA-B6-A0IC-01,stage_ordinal,0.18736037289478605
TCGA-AR-A24L-01,Pathway_Immune,-0.10422688447410956
TCGA-AR-A24L-01,Pathway_Proliferation,-0.010914907592528333
TCGA-AR-A24L-01,Pathway_DNA_Repair,0.024083976121538
TCGA-AR-A24L-01,Pathway_Metabolism,-0.08082073676238716
TCGA-AR-A24L-01,Pathway_Stromal_EMT,-0.30598338629709954
TCGA-AR-A24L-01,Pathway_Apoptosis_Stress,-0.1441191188565384
TCGA-AR-A24L-01,Pathway_Hormone,-0.11923481027913092
TCGA-AR-A24L-01,age_at_dx,0.6662248034507636
TCGA-AR-A24L-01,stage_ordinal,-0.3441860284865199
TCGA-A8-A06U-01,Pathway_Immune,-0.005158463595813497
TCGA-A8-A06U-01,Pathway_Proliferation,0.38264299027027576
TCGA-A8-A06U-01,Pathway_DNA_Repair,-0.05683623658808886
TCGA-A8-A06U-01,Pathway_Metabolism,0.25030909886582864
TCGA-A8-A06U-01,Pathway_Stromal_EMT,-0.45596693321845144
TCGA-A8-A06U-01,Pathway_Apoptosis_Stress,-0.167887693940063
TCGA-A8-A06U-01,Pathway_Hormone,-0.005537391099861107
TCGA-A8-A06U-01,age_at_dx,0.8690647377432753
TCGA-A8-A06U-01,stage_ordinal,0.31602702335688765
TCGA-BH-A1EW-01,Pathway_Immune,-0.008408322539949636
TCGA-BH-A1EW-01,Pathway_Proliferation,0.4433113970669746
TCGA-BH-A1EW-01,Pathway_DNA_Repair,0.21610745753515584
TCGA-BH-A1EW-01,Pathway_Metabolism,0.029487195571951178
TCGA-BH-A1EW-01,Pathway_Stromal_EMT,0.14788466633412464
TCGA-BH-A1EW-01,Pathway_Apoptosis_Stress,-0.2552640803393261
TCGA-BH-A1EW-01,Pathway_Hormone,-0.6609508419990155
TCGA-BH-A1EW-01,age_at_dx,0.0012137864140935254
TCGA-BH-A1EW-01,stage_ordinal,-0.09386601997345054
TCGA-BH-A1FH-11,Pathway_Immune,-0.47742519465436867
TCGA-BH-A1FH-11,Pathway_Proliferation,-0.3983565242975325
TCGA-BH-A1FH-11,Pathway_DNA_Repair,1.3679522155325452
TCGA-BH-A1FH-11,Pathway_Metabolism,-0.14982385659146152
TCGA-BH-A1FH-11,Pathway_Stromal_EMT,0.5141908018250685
TCGA-BH-A1FH-11,Pathway_Apoptosis_Stress,-0.3590346060088385
TCGA-BH-A1FH-11,Pathway_Hormone,0.18982184906415026
TCGA-BH-A1FH-11,age_at_dx,0.14716422648669733
TCGA-BH-A1FH-11,stage_ordinal,-0.04783518054440252
TCGA-E2-A1LI-01,Pathway_Immune,-0.3035814195190774
TCGA-E2-A1LI-01,Pathway_Proliferation,0.5961090697441331
TCGA-E2-A1LI-01,Pathway_DNA_Repair,-0.33373039333884047
TCGA-E2-A1LI-01,Pathway_Metabolism,0.006534903657519846
TCGA-E2-A1LI-01,Pathway_Stromal_EMT,-0.9599086672469314
TCGA-E2-A1LI-01,Pathway_Apoptosis_Stress,0.18258623217214862
TCGA-E2-A1LI-01,Pathway_Hormone,-0.9254931133181714
TCGA-E2-A1LI-01,age_at_dx,-0.008092473104176238
TCGA-E2-A1LI-01,stage_ordinal,0.10452265507527557
TCGA-BH-A1F0-11,Pathway_Immune,-0.127513904022204
TCGA-BH-A1F0-11,Pathway_Proliferation,-0.6107401466369207
TCGA-BH-A1F0-11,Pathway_DNA_Repair,1.0364295544960378
TCGA-BH-A1F0-11,Pathway_Metabolism,-0.13383751405099012
TCGA-BH-A1F0-11,Pathway_Stromal_EMT,0.26063941178112177
TCGA-BH-A1F0-11,Pathway_Apoptosis_Stress,-0.11677650588641728
TCGA-BH-A1F0-11,Pathway_Hormone,0.18050739375372266
TCGA-BH-A1F0-11,age_at_dx,0.6061014486988312
TCGA-BH-A1F0-11,stage_ordinal,-0.01906176397396492
TCGA-B6-A0IE-01,Pathway_Immune,0.11889019309607601
TCGA-B6-A0IE-01,Pathway_Proliferation,0.14343790773368764
TCGA-B6-A0IE-01,Pathway_DNA_Repair,-0.22244260564328716
TCGA-B6-A0IE-01,Pathway_Metabolism,-0.047889890281081066
TCGA-B6-A0IE-01,Pathway_Stromal_EMT,-0.7238323230936644
TCGA-B6-A0IE-01,Pathway_Apoptosis_Stress,0.7006321909252928
TCGA-B6-A0IE-01,Pathway_Hormone,-0.04679483826062098
TCGA-B6-A0IE-01,age_at_dx,-0.06387487353631431
TCGA-B6-A0IE-01,stage_ordinal,0.22589065799977168
TCGA-BH-A18L-01,Pathway_Immune,-0.01726517098318353
TCGA-BH-A18L-01,Pathway_Proliferation,0.44228015326591025
TCGA-BH-A18L-01,Pathway_DNA_Repair,0.2678305286345289
TCGA-BH-A18L-01,Pathway_Metabolism,0.019855086984701578
TCGA-BH-A18L-01,Pathway_Stromal_EMT,-0.5253498542458663
TCGA-BH-A18L-01,Pathway_Apoptosis_Stress,0.12648145595895907
TCGA-BH-A18L-01,Pathway_Hormone,-0.014605090266597632
TCGA-BH-A18L-01,age_at_dx,-0.18170878333568785
TCGA-BH-A18L-01,stage_ordinal,0.11633498342906229
TCGA-GM-A2DK-01,Pathway_Immune,0.11746634315581285
TCGA-GM-A2DK-01,Pathway_Proliferation,-0.29729335928292716
TCGA-GM-A2DK-01,Pathway_DNA_Repair,0.48511269296944765
TCGA-GM-A2DK-01,Pathway_Metabolism,0.03419153909619229
TCGA-GM-A2DK-01,Pathway_Stromal_EMT,0.4448179685488397
TCGA-GM-A2DK-01,Pathway_Apoptosis_Stress,-1.0652141337159102
TCGA-GM-A2DK-01,Pathway_Hormone,-0.9068153615157482
TCGA-GM-A2DK-01,age_at_dx,-0.0032300912510074137
TCGA-GM-A2DK-01,stage_ordinal,-0.05689645251442952
TCGA-BH-A1FD-11,Pathway_Immune,0.029915200157380997
TCGA-BH-A1FD-11,Pathway_Proliferation,-0.5079302170352841
TCGA-BH-A1FD-11,Pathway_DNA_Repair,1.2926616155572486
TCGA-BH-A1FD-11,Pathway_Metabolism,0.04268354716568244
TCGA-BH-A1FD-11,Pathway_Stromal_EMT,0.1599714152935468
TCGA-BH-A1FD-11,Pathway_Apoptosis_Stress,-0.19017450975376513
TCGA-BH-A1FD-11,Pathway_Hormone,0.015804490124157876
TCGA-BH-A1FD-11,age_at_dx,-0.016653011936950856
TCGA-BH-A1FD-11,stage_ordinal,0.0007732315763133644
TCGA-B6-A0IN-01,Pathway_Immune,-0.05537809186367223
TCGA-B6-A0IN-01,Pathway_Proliferation,-0.05600828984477339
TCGA-B6-A0IN-01,Pathway_DNA_Repair,0.08123724946134347
TCGA-B6-A0IN-01,Pathway_Metabolism,0.06596367029303153
TCGA-B6-A0IN-01,Pathway_Stromal_EMT,0.4344039018550216
TCGA-B6-A0IN-01,Pathway_Apoptosis_Stress,-0.41443377235321405
TCGA-B6-A0IN-01,Pathway_Hormone,0.1806758066170554
TCGA-B6-A0IN-01,age_at_dx,0.03522160405898711
TCGA-B6-A0IN-01,stage_ordinal,0.01910191103002859
TCGA-BH-A1F6-01,Pathway_Immune,0.018991220519538398
TCGA-BH-A1F6-01,Pathway_Proliferation,-0.07326718025201345
TCGA-BH-A1F6-01,Pathway_DNA_Repair,0.059707812102958085
TCGA-BH-A1F6-01,Pathway_Metabolism,0.14402951140618922
TCGA-BH-A1F6-01,Pathway_Stromal_EMT,0.019057039316215538
TCGA-BH-A1F6-01,Pathway_Apoptosis_Stress,-0.3269366144386578
TCGA-BH-A1F6-01,Pathway_Hormone,-0.0484533303688392
TCGA-BH-A1F6-01,age_at_dx,-0.06553924845928893
TCGA-BH-A1F6-01,stage_ordinal,-0.05711829168662215
TCGA-BH-A18V-01,Pathway_Immune,0.0689130295438497
TCGA-BH-A18V-01,Pathway_Proliferation,0.07372712808793606
TCGA-BH-A18V-01,Pathway_DNA_Repair,-0.13781190482764558
TCGA-BH-A18V-01,Pathway_Metabolism,-0.04124289444097309
TCGA-BH-A18V-01,Pathway_Stromal_EMT,0.13105951061091545
TCGA-BH-A18V-01,Pathway_Apoptosis_Stress,0.03859014413927566
TCGA-BH-A18V-01,Pathway_Hormone,-0.07361548361161237
TCGA-BH-A18V-01,age_at_dx,0.20017122704072612
TCGA-BH-A18V-01,stage_ordinal,0.09225073600933427
TCGA-AQ-A04L-01,Pathway_Immune,-0.32298544341065866
TCGA-AQ-A04L-01,Pathway_Proliferation,-0.02238563692982457
TCGA-AQ-A04L-01,Pathway_DNA_Repair,-0.07976778779735208
TCGA-AQ-A04L-01,Pathway_Metabolism,-0.20672343452456524
TCGA-AQ-A04L-01,Pathway_Stromal_EMT,0.11839763752317882
TCGA-AQ-A04L-01,Pathway_Apoptosis_Stress,-0.4252018932466008
TCGA-AQ-A04L-01,Pathway_Hormone,-0.1834053159680378
TCGA-AQ-A04L-01,age_at_dx,-0.14001266905389073
TCGA-AQ-A04L-01,stage_ordinal,-0.019439990854098862
TCGA-AR-A24M-01,Pathway_Immune,-0.04378446195973517
TCGA-AR-A24M-01,Pathway_Proliferation,-0.07768607456298285
TCGA-AR-A24M-01,Pathway_DNA_Repair,-0.035870966498749476
TCGA-AR-A24M-01,Pathway_Metabolism,-0.3368198295808372
TCGA-AR-A24M-01,Pathway_Stromal_EMT,0.021258109024851604
TCGA-AR-A24M-01,Pathway_Apoptosis_Stress,0.002913368887990926
TCGA-AR-A24M-01,Pathway_Hormone,-0.468763667451991
TCGA-AR-A24M-01,age_at_dx,0.13561202632811908
TCGA-AR-A24M-01,stage_ordinal,-0.155649268079104
TCGA-A2-A0SW-01,Pathway_Immune,-0.12612776845590376
TCGA-A2-A0SW-01,Pathway_Proliferation,0.2378777782787157
TCGA-A2-A0SW-01,Pathway_DNA_Repair,0.21073585379938994
TCGA-A2-A0SW-01,Pathway_Metabolism,0.2661795161548686
TCGA-A2-A0SW-01,Pathway_Stromal_EMT,-0.0910057764736651
TCGA-A2-A0SW-01,Pathway_Apoptosis_Stress,0.00815598191765514
TCGA-A2-A0SW-01,Pathway_Hormone,-0.0006602774698982585
TCGA-A2-A0SW-01,age_at_dx,1.109495632890347
TCGA-A2-A0SW-01,stage_ordinal,-0.24611094045121817
TCGA-GM-A2DL-01,Pathway_Immune,0.43579853780804423
TCGA-GM-A2DL-01,Pathway_Proliferation,0.36426575568787256
TCGA-GM-A2DL-01,Pathway_DNA_Repair,0.029536960984563942
TCGA-GM-A2DL-01,Pathway_Metabolism,0.050038142665070354
TCGA-GM-A2DL-01,Pathway_Stromal_EMT,1.2024024332718786
TCGA-GM-A2DL-01,Pathway_Apoptosis_Stress,-2.0620463753717515
TCGA-GM-A2DL-01,Pathway_Hormone,-1.0618091677957346
TCGA-GM-A2DL-01,age_at_dx,-0.27041318737516123
TCGA-GM-A2DL-01,stage_ordinal,-0.24002948734846136
TCGA-B6-A0RP-01,Pathway_Immune,-0.018213034028435597
TCGA-B6-A0RP-01,Pathway_Proliferation,-0.5426829525637402
TCGA-B6-A0RP-01,Pathway_DNA_Repair,0.21578950391311794
TCGA-B6-A0RP-01,Pathway_Metabolism,-0.1535952604886772
TCGA-B6-A0RP-01,Pathway_Stromal_EMT,0.33258311822049963
TCGA-B6-A0RP-01,Pathway_Apoptosis_Stress,-0.09091783240539167
TCGA-B6-A0RP-01,Pathway_Hormone,0.05870730977152275
TCGA-B6-A0RP-01,age_at_dx,0.29867862140872287
TCGA-B6-A0RP-01,stage_ordinal,-0.1231729746888869
TCGA-BH-A209-11,Pathway_Immune,-0.41168571646482216
TCGA-BH-A209-11,Pathway_Proliferation,-0.6646789367234025
TCGA-BH-A209-11,Pathway_DNA_Repair,0.43189441947922713
TCGA-BH-A209-11,Pathway_Metabolism,0.11724529723417114
TCGA-BH-A209-11,Pathway_Stromal_EMT,0.26689234142443513
TCGA-BH-A209-11,Pathway_Apoptosis_Stress,-0.08288371761371087
TCGA-BH-A209-11,Pathway_Hormone,0.03342472608898414
TCGA-BH-A209-11,age_at_dx,0.34267962075958114
TCGA-BH-A209-11,stage_ordinal,-0.08940754856733175
TCGA-BH-A18V-06,Pathway_Immune,-0.3867052869727581
TCGA-BH-A18V-06,Pathway_Proliferation,-0.017538177839270124
TCGA-BH-A18V-06,Pathway_DNA_Repair,-0.2887810250990455
TCGA-BH-A18V-06,Pathway_Metabolism,-0.019843784612511028
TCGA-BH-A18V-06,Pathway_Stromal_EMT,-0.5828977167036488
TCGA-BH-A18V-06,Pathway_Apoptosis_Stress,0.14737353233843628
TCGA-BH-A18V-06,Pathway_Hormone,-0.46579734631323827
TCGA-BH-A18V-06,age_at_dx,0.10040013103637326
TCGA-BH-A18V-06,stage_ordinal,0.1311782436328796
TCGA-B6-A0RE-01,Pathway_Immune,-0.07674921840305174
TCGA-B6-A0RE-01,Pathway_Proliferation,-0.05700186353410379
TCGA-B6-A0RE-01,Pathway_DNA_Repair,0.055960070872891954
TCGA-B6-A0RE-01,Pathway_Metabolism,0.048158701577324145
TCGA-B6-A0RE-01,Pathway_Stromal_EMT,0.028514325945442794
TCGA-B6-A0RE-01,Pathway_Apoptosis_Stress,-0.3597470789065697
TCGA-B6-A0RE-01,Pathway_Hormone,-0.09185851144285971
TCGA-B6-A0RE-01,age_at_dx,0.1286330415559229
TCGA-B6-A0RE-01,stage_ordinal,0.020382462219693868
TCGA-GM-A2DN-01,Pathway_Immune,0.11556781739676601
TCGA-GM-A2DN-01,Pathway_Proliferation,-0.053136855854190417
TCGA-GM-A2DN-01,Pathway_DNA_Repair,-0.10510711597348155
TCGA-GM-A2DN-01,Pathway_Metabolism,-0.09746096226870185
TCGA-GM-A2DN-01,Pathway_Stromal_EMT,0.021401721186780815
TCGA-GM-A2DN-01,Pathway_Apoptosis_Stress,-1.0768215785837196
TCGA-GM-A2DN-01,Pathway_Hormone,-0.30207371589471227
TCGA-GM-A2DN-01,age_at_dx,0.015459193950340941
TCGA-GM-A2DN-01,stage_ordinal,-0.2652543635754979
TCGA-AO-A12D-01,Pathway_Immune,-0.2327862454537555
TCGA-AO-A12D-01,Pathway_Proliferation,-0.051350379390304055
TCGA-AO-A12D-01,Pathway_DNA_Repair,0.04019220174362661
TCGA-AO-A12D-01,Pathway_Metabolism,1.811073446096238e-05
TCGA-AO-A12D-01,Pathway_Stromal_EMT,0.5036810291048902
TCGA-AO-A12D-01,Pathway_Apoptosis_Stress,-0.3377267723732761
TCGA-AO-A12D-01,Pathway_Hormone,-0.026899937933339082
TCGA-AO-A12D-01,age_at_dx,0.08164620403474634
TCGA-AO-A12D-01,stage_ordinal,0.09946752383897697
TCGA-BH-A18Q-11,Pathway_Immune,0.0844086000144407
TCGA-BH-A18Q-11,Pathway_Proliferation,-0.6852883797599876
TCGA-BH-A18Q-11,Pathway_DNA_Repair,0.935921274335579
TCGA-BH-A18Q-11,Pathway_Metabolism,-0.0767746383357181
TCGA-BH-A18Q-11,Pathway_Stromal_EMT,0.03925998882425942
TCGA-BH-A18Q-11,Pathway_Apoptosis_Stress,0.04697543449414318
TCGA-BH-A18Q-11,Pathway_Hormone,0.13753190187262634
TCGA-BH-A18Q-11,age_at_dx,0.012810385927284434
TCGA-BH-A18Q-11,stage_ordinal,0.06981014794148506
TCGA-BH-A1FR-01,Pathway_Immune,-0.24040158109500578
TCGA-BH-A1FR-01,Pathway_Proliferation,-0.09249743320437513
TCGA-BH-A1FR-01,Pathway_DNA_Repair,-0.07213252178858852
TCGA-BH-A1FR-01,Pathway_Metabolism,-0.0020043891614800807
TCGA-BH-A1FR-01,Pathway_Stromal_EMT,0.0729710944383272
TCGA-BH-A1FR-01,Pathway_Apoptosis_Stress,0.18652882842490182
TCGA-BH-A1FR-01,Pathway_Hormone,0.0502597511841569
TCGA-BH-A1FR-01,age_at_dx,-0.07781014827078889
TCGA-BH-A1FR-01,stage_ordinal,0.19187269460576722
TCGA-A2-A04R-01,Pathway_Immune,-0.2616133371498482
TCGA-A2-A04R-01,Pathway_Proliferation,0.3715875520179419
TCGA-A2-A04R-01,Pathway_DNA_Repair,-0.28623546832395963
TCGA-A2-A04R-01,Pathway_Metabolism,0.030328527403102316
TCGA-A2-A04R-01,Pathway_Stromal_EMT,0.07862031637928152
TCGA-A2-A04R-01,Pathway_Apoptosis_Stress,0.19123264418974867
TCGA-A2-A04R-01,Pathway_Hormone,-1.1306828596079743
TCGA-A2-A04R-01,age_at_dx,-0.015743155235200403
TCGA-A2-A04R-01,stage_ordinal,0.10562913612471075
TCGA-AO-A126-01,Pathway_Immune,-0.11999734721391536
TCGA-AO-A126-01,Pathway_Proliferation,-0.1280578073898245
TCGA-AO-A126-01,Pathway_DNA_Repair,0.03750854903066087
TCGA-AO-A126-01,Pathway_Metabolism,-0.018803877921339966
TCGA-AO-A126-01,Pathway_Stromal_EMT,-0.013523366445577275
TCGA-AO-A126-01,Pathway_Apoptosis_Stress,-0.23169675730972863
TCGA-AO-A126-01,Pathway_Hormone,0.38254989413238843
TCGA-AO-A126-01,age_at_dx,-0.27201390027869016
TCGA-AO-A126-01,stage_ordinal,-0.03912901008661443
TCGA-AO-A0JM-01,Pathway_Immune,0.20822612561024087
TCGA-AO-A0JM-01,Pathway_Proliferation,0.21427621684091497
TCGA-AO-A0JM-01,Pathway_DNA_Repair,-0.053920580309806385
TCGA-AO-A0JM-01,Pathway_Metabolism,0.08160347868926525
TCGA-AO-A0JM-01,Pathway_Stromal_EMT,0.5380928014507841
TCGA-AO-A0JM-01,Pathway_Apoptosis_Stress,-0.5975438763807008
TCGA-AO-A0JM-01,Pathway_Hormone,-0.21652768844811948
TCGA-AO-A0JM-01,age_at_dx,-0.19062952124872964
TCGA-AO-A0JM-01,stage_ordinal,-0.014316228392866254
TCGA-E2-A1LH-01,Pathway_Immune,-0.38700880933039744
TCGA-E2-A1LH-01,Pathway_Proliferation,0.0028308404605929486
TCGA-E2-A1LH-01,Pathway_DNA_Repair,0.0924182282740156
TCGA-E2-A1LH-01,Pathway_Metabolism,0.12930614586192632
TCGA-E2-A1LH-01,Pathway_Stromal_EMT,0.12402129169746269
TCGA-E2-A1LH-01,Pathway_Apoptosis_Stress,-0.16078123267957256
TCGA-E2-A1LH-01,Pathway_Hormone,0.09998707053761431
TCGA-E2-A1LH-01,age_at_dx,-0.007396040817655378
TCGA-E2-A1LH-01,stage_ordinal,-0.08997780754091898
TCGA-B6-A1KI-01,Pathway_Immune,-0.4457173920240978
TCGA-B6-A1KI-01,Pathway_Proliferation,-0.3598105221107859
TCGA-B6-A1KI-01,Pathway_DNA_Repair,0.2718118811576876
TCGA-B6-A1KI-01,Pathway_Metabolism,0.10555284029823375
TCGA-B6-A1KI-01,Pathway_Stromal_EMT,0.17281601996214543
TCGA-B6-A1KI-01,Pathway_Apoptosis_Stress,0.12523863984798264
TCGA-B6-A1KI-01,Pathway_Hormone,-0.4673205801516491
TCGA-B6-A1KI-01,age_at_dx,-0.10274411001379767
TCGA-B6-A1KI-01,stage_ordinal,0.08057401885090452
TCGA-BH-A1FG-11,Pathway_Immune,5.054721378419951e-06
TCGA-BH-A1FG-11,Pathway_Proliferation,-0.795831350729265
TCGA-BH-A1FG-11,Pathway_DNA_Repair,0.5252394887197613
TCGA-BH-A1FG-11,Pathway_Metabolism,-0.032844650031982406
TCGA-BH-A1FG-11,Pathway_Stromal_EMT,-0.004002563807022303
TCGA-BH-A1FG-11,Pathway_Apoptosis_Stress,-0.35506430622637764
TCGA-BH-A1FG-11,Pathway_Hormone,-0.6613832833230485
TCGA-BH-A1FG-11,age_at_dx,1.486854541330719
TCGA-BH-A1FG-11,stage_ordinal,-0.17239142814369035
TCGA-BH-A1FD-01,Pathway_Immune,0.08758313965687833
TCGA-BH-A1FD-01,Pathway_Proliferation,0.8548686751737666
TCGA-BH-A1FD-01,Pathway_DNA_Repair,-0.20189970633175466
TCGA-BH-A1FD-01,Pathway_Metabolism,0.24843264684690353
TCGA-BH-A1FD-01,Pathway_Stromal_EMT,-0.2272321789612224
TCGA-BH-A1FD-01,Pathway_Apoptosis_Stress,-0.015846364637896463
TCGA-BH-A1FD-01,Pathway_Hormone,-0.4652579680778566
TCGA-BH-A1FD-01,age_at_dx,0.3176297937563747
TCGA-BH-A1FD-01,stage_ordinal,-0.06283655452256158
TCGA-B6-A0RV-01,Pathway_Immune,0.04619220008813502
TCGA-B6-A0RV-01,Pathway_Proliferation,0.1759265495907857
TCGA-B6-A0RV-01,Pathway_DNA_Repair,-0.38139405133395177
TCGA-B6-A0RV-01,Pathway_Metabolism,0.06377575457158496
TCGA-B6-A0RV-01,Pathway_Stromal_EMT,-1.138814458196966
TCGA-B6-A0RV-01,Pathway_Apoptosis_Stress,-0.15917073739713855
TCGA-B6-A0RV-01,Pathway_Hormone,-0.8457086022816637
TCGA-B6-A0RV-01,age_at_dx,-0.04266840588498868
TCGA-B6-A0RV-01,stage_ordinal,-0.0055619992887450355
TCGA-AR-A24O-01,Pathway_Immune,0.20475512548874678
TCGA-AR-A24O-01,Pathway_Proliferation,-0.1407539116098846
TCGA-AR-A24O-01,Pathway_DNA_Repair,-0.07758625168573574
TCGA-AR-A24O-01,Pathway_Metabolism,-0.5104441958584957
TCGA-AR-A24O-01,Pathway_Stromal_EMT,0.5571523494442676
TCGA-AR-A24O-01,Pathway_Apoptosis_Stress,0.004145693599078281
TCGA-AR-A24O-01,Pathway_Hormone,-0.2649607196741106
TCGA-AR-A24O-01,age_at_dx,-0.10681082446039697
TCGA-AR-A24O-01,stage_ordinal,-0.1109196366651135
TCGA-A2-A0CQ-01,Pathway_Immune,0.049261930854826746
TCGA-A2-A0CQ-01,Pathway_Proliferation,-0.38901018809898197
TCGA-A2-A0CQ-01,Pathway_DNA_Repair,-0.07234095940921399
TCGA-A2-A0CQ-01,Pathway_Metabolism,0.12282907504042684
TCGA-A2-A0CQ-01,Pathway_Stromal_EMT,-1.200357029609524
TCGA-A2-A0CQ-01,Pathway_Apoptosis_Stress,-0.31288885633383295
TCGA-A2-A0CQ-01,Pathway_Hormone,0.20204844851094436
TCGA-A2-A0CQ-01,age_at_dx,0.045463044249151846
TCGA-A2-A0CQ-01,stage_ordinal,0.0199958618860015
TCGA-GM-A2DA-01,Pathway_Immune,-0.12536605261512856
TCGA-GM-A2DA-01,Pathway_Proliferation,-0.20945418549843992
TCGA-GM-A2DA-01,Pathway_DNA_Repair,0.4172736710967154
TCGA-GM-A2DA-01,Pathway_Metabolism,-0.22756456098200253
TCGA-GM-A2DA-01,Pathway_Stromal_EMT,0.3198068398794463
TCGA-GM-A2DA-01,Pathway_Apoptosis_Stress,-0.5448499109252489
TCGA-GM-A2DA-01,Pathway_Hormone,0.09566860680220515
TCGA-GM-A2DA-01,age_at_dx,0.05198482925331876
TCGA-GM-A2DA-01,stage_ordinal,-0.10386801611266258
TCGA-AO-A12A-01,Pathway_Immune,0.018988623417554196
TCGA-AO-A12A-01,Pathway_Proliferation,-0.38555105867159967
TCGA-AO-A12A-01,Pathway_DNA_Repair,0.2020497133809637
TCGA-AO-A12A-01,Pathway_Metabolism,-0.08411596626719857
TCGA-AO-A12A-01,Pathway_Stromal_EMT,0.21438143047495667
TCGA-AO-A12A-01,Pathway_Apoptosis_Stress,-0.17219533526176267
TCGA-AO-A12A-01,Pathway_Hormone,-0.4086991159909562
TCGA-AO-A12A-01,age_at_dx,-0.002711566382728151
TCGA-AO-A12A-01,stage_ordinal,-0.0853759821810464
TCGA-BH-A18K-01,Pathway_Immune,-0.10811142349024863
TCGA-BH-A18K-01,Pathway_Proliferation,-0.014928772720617491
TCGA-BH-A18K-01,Pathway_DNA_Repair,-0.05660206566734197
TCGA-BH-A18K-01,Pathway_Metabolism,0.04539022945359251
TCGA-BH-A18K-01,Pathway_Stromal_EMT,0.19098702694866349
TCGA-BH-A18K-01,Pathway_Apoptosis_Stress,0.15524644254267847
TCGA-BH-A18K-01,Pathway_Hormone,-0.38725900215803
TCGA-BH-A18K-01,age_at_dx,0.04171568109253216
TCGA-BH-A18K-01,stage_ordinal,0.14448295801308342
TCGA-AR-A0TY-01,Pathway_Immune,-0.020569199097275805
TCGA-AR-A0TY-01,Pathway_Proliferation,0.4800388844906301
TCGA-AR-A0TY-01,Pathway_DNA_Repair,-0.434359812989437
TCGA-AR-A0TY-01,Pathway_Metabolism,0.1325439806493328
TCGA-AR-A0TY-01,Pathway_Stromal_EMT,-0.19508544326007962
TCGA-AR-A0TY-01,Pathway_Apoptosis_Stress,0.5419199463235604
TCGA-AR-A0TY-01,Pathway_Hormone,-0.0625483691535439
TCGA-AR-A0TY-01,age_at_dx,0.0014847171149375447
TCGA-AR-A0TY-01,stage_ordinal,0.13201530393468439
TCGA-B6-A0RG-01,Pathway_Immune,-0.33767298724051603
TCGA-B6-A0RG-01,Pathway_Proliferation,0.2086113831013188
TCGA-B6-A0RG-01,Pathway_DNA_Repair,-0.11391497473289117
TCGA-B6-A0RG-01,Pathway_Metabolism,-0.45659807264853125
TCGA-B6-A0RG-01,Pathway_Stromal_EMT,-0.07396957740489664
TCGA-B6-A0RG-01,Pathway_Apoptosis_Stress,-0.693558180659176
TCGA-B6-A0RG-01,Pathway_Hormone,-1.8958024681323749
TCGA-B6-A0RG-01,age_at_dx,0.25883683051202594
TCGA-B6-A0RG-01,stage_ordinal,-0.11835206758054939
TCGA-B6-A0RS-01,Pathway_Immune,0.06070041253826756
TCGA-B6-A0RS-01,Pathway_Proliferation,0.5465595936617755
TCGA-B6-A0RS-01,Pathway_DNA_Repair,-0.007351613967488343
TCGA-B6-A0RS-01,Pathway_Metabolism,-0.36279355838074445
TCGA-B6-A0RS-01,Pathway_Stromal_EMT,-0.321813226715849
TCGA-B6-A0RS-01,Pathway_Apoptosis_Stress,-0.5584126430063423
TCGA-B6-A0RS-01,Pathway_Hormone,0.039038273988629864
TCGA-B6-A0RS-01,age_at_dx,-0.522373898430594
TCGA-B6-A0RS-01,stage_ordinal,0.3186828881508202
TCGA-GM-A2D9-01,Pathway_Immune,0.020512384201103216
TCGA-GM-A2D9-01,Pathway_Proliferation,-0.3454074918771643
TCGA-GM-A2D9-01,Pathway_DNA_Repair,0.6666309948979473
TCGA-GM-A2D9-01,Pathway_Metabolism,0.14766713787742675
TCGA-GM-A2D9-01,Pathway_Stromal_EMT,-0.061874859755819245
TCGA-GM-A2D9-01,Pathway_Apoptosis_Stress,-0.18355296165573737
TCGA-GM-A2D9-01,Pathway_Hormone,0.22343754520524428
TCGA-GM-A2D9-01,age_at_dx,0.0992356049634036
TCGA-GM-A2D9-01,stage_ordinal,-0.1549760893459114
TCGA-BH-A1FJ-01,Pathway_Immune,-0.3628148876239597
TCGA-BH-A1FJ-01,Pathway_Proliferation,0.2973215028471239
TCGA-BH-A1FJ-01,Pathway_DNA_Repair,0.04064289119815278
TCGA-BH-A1FJ-01,Pathway_Metabolism,0.0062877209236784784
TCGA-BH-A1FJ-01,Pathway_Stromal_EMT,-0.07635841854044229
TCGA-BH-A1FJ-01,Pathway_Apoptosis_Stress,-0.04925337553066584
TCGA-BH-A1FJ-01,Pathway_Hormone,-0.35166269792373184
TCGA-BH-A1FJ-01,age_at_dx,0.09696035638884527
TCGA-BH-A1FJ-01,stage_ordinal,0.6091268398087399
TCGA-E2-A1AZ-01,Pathway_Immune,0.015159215278171812
TCGA-E2-A1AZ-01,Pathway_Proliferation,-0.012010576674875805
TCGA-E2-A1AZ-01,Pathway_DNA_Repair,0.12487046429766671
TCGA-E2-A1AZ-01,Pathway_Metabolism,-0.16500889488733503
TCGA-E2-A1AZ-01,Pathway_Stromal_EMT,0.2785559469413736
TCGA-E2-A1AZ-01,Pathway_Apoptosis_Stress,-0.1917394940584736
TCGA-E2-A1AZ-01,Pathway_Hormone,0.17109015429253288
TCGA-E2-A1AZ-01,age_at_dx,-0.05474087188604277
TCGA-E2-A1AZ-01,stage_ordinal,0.1363557452813512
TCGA-BH-A1FH-01,Pathway_Immune,0.0001356698094376037
TCGA-BH-A1FH-01,Pathway_Proliferation,-0.3840548618583958
TCGA-BH-A1FH-01,Pathway_DNA_Repair,0.5642183277859886
TCGA-BH-A1FH-01,Pathway_Metabolism,-0.14349500932031695
TCGA-BH-A1FH-01,Pathway_Stromal_EMT,0.23178998129462744
TCGA-BH-A1FH-01,Pathway_Apoptosis_Stress,0.0017304318926048424
TCGA-BH-A1FH-01,Pathway_Hormone,0.050670600830988566
TCGA-BH-A1FH-01,age_at_dx,0.18521147880247119
TCGA-BH-A1FH-01,stage_ordinal,0.05610471911479524
TCGA-B6-A0X0-01,Pathway_Immune,0.15507873018128387
TCGA-B6-A0X0-01,Pathway_Proliferation,0.2898138595339948
TCGA-B6-A0X0-01,Pathway_DNA_Repair,-0.3798069181989414
TCGA-B6-A0X0-01,Pathway_Metabolism,0.030585729072504956
TCGA-B6-A0X0-01,Pathway_Stromal_EMT,-0.6916338736355755
TCGA-B6-A0X0-01,Pathway_Apoptosis_Stress,0.4453542054840679
TCGA-B6-A0X0-01,Pathway_Hormone,-0.5177266751822306
TCGA-B6-A0X0-01,age_at_dx,-0.021193527546684212
TCGA-B6-A0X0-01,stage_ordinal,0.22163699380645172
TCGA-BH-A1FC-11,Pathway_Immune,-0.6009462293194896
TCGA-BH-A1FC-11,Pathway_Proliferation,-0.9534178080798221
TCGA-BH-A1FC-11,Pathway_DNA_Repair,1.0165821623620588
TCGA-BH-A1FC-11,Pathway_Metabolism,-0.04626015292984694
TCGA-BH-A1FC-11,Pathway_Stromal_EMT,0.4577843643047221
TCGA-BH-A1FC-11,Pathway_Apoptosis_Stress,-0.47972633835621586
TCGA-BH-A1FC-11,Pathway_Hormone,-0.13237269252633294
TCGA-BH-A1FC-11,age_at_dx,0.5137289351270937
TCGA-BH-A1FC-11,stage_ordinal,-0.08376945207460551
TCGA-BH-A18R-01,Pathway_Immune,0.13805493758977636
TCGA-BH-A18R-01,Pathway_Proliferation,0.30228678147152144
TCGA-BH-A18R-01,Pathway_DNA_Repair,-0.36980054779508553
TCGA-BH-A18R-01,Pathway_Metabolism,0.14885819290334315
TCGA-BH-A18R-01,Pathway_Stromal_EMT,-0.43735131995824245
TCGA-BH-A18R-01,Pathway_Apoptosis_Stress,0.6178158932553781
TCGA-BH-A18R-01,Pathway_Hormone,-0.45393926348460983
TCGA-BH-A18R-01,age_at_dx,-0.14802775362031018
TCGA-BH-A18R-01,stage_ordinal,0.22696386125991982
TCGA-BH-A18M-01,Pathway_Immune,0.20091057052747546
TCGA-BH-A18M-01,Pathway_Proliferation,-0.015178392302506246
TCGA-BH-A18M-01,Pathway_DNA_Repair,0.052583815011170904
TCGA-BH-A18M-01,Pathway_Metabolism,-0.04618379939238161
TCGA-BH-A18M-01,Pathway_Stromal_EMT,0.7519817298295762
TCGA-BH-A18M-01,Pathway_Apoptosis_Stress,-0.21115981952300408
TCGA-BH-A18M-01,Pathway_Hormone,-0.636839889666491
TCGA-BH-A18M-01,age_at_dx,-0.4277743268025053
TCGA-BH-A18M-01,stage_ordinal,0.4082259785915406
TCGA-BH-A1EU-11,Pathway_Immune,0.07771768517829597
TCGA-BH-A1EU-11,Pathway_Proliferation,-0.5221132845495129
TCGA-BH-A1EU-11,Pathway_DNA_Repair,0.939997975147465
TCGA-BH-A1EU-11,Pathway_Metabolism,0.026100050136754552
TCGA-BH-A1EU-11,Pathway_Stromal_EMT,-0.0006642528385635412
TCGA-BH-A1EU-11,Pathway_Apoptosis_Stress,-0.0943395050483647
TCGA-BH-A1EU-11,Pathway_Hormone,0.06836433014763633
TCGA-BH-A1EU-11,age_at_dx,0.6240497971646232
TCGA-BH-A1EU-11,stage_ordinal,0.02812039578042036
TCGA-AR-A0U2-01,Pathway_Immune,0.05702538130010314
TCGA-AR-A0U2-01,Pathway_Proliferation,0.30258317428378634
TCGA-AR-A0U2-01,Pathway_DNA_Repair,-0.438843998969803
TCGA-AR-A0U2-01,Pathway_Metabolism,0.04064268109636066
TCGA-AR-A0U2-01,Pathway_Stromal_EMT,-0.13237531508403153
TCGA-AR-A0U2-01,Pathway_Apoptosis_Stress,0.4261363729305425
TCGA-AR-A0U2-01,Pathway_Hormone,-0.08686205438519398
TCGA-AR-A0U2-01,age_at_dx,0.10822054973655353
TCGA-AR-A0U2-01,stage_ordinal,0.19093329046906976
TCGA-BH-A1EN-01,Pathway_Immune,-0.49842174380074705
TCGA-BH-A1EN-01,Pathway_Proliferation,0.07942690842624094
TCGA-BH-A1EN-01,Pathway_DNA_Repair,0.04086526071751453
TCGA-BH-A1EN-01,Pathway_Metabolism,0.1069316520047782
TCGA-BH-A1EN-01,Pathway_Stromal_EMT,-0.023102472468005418
TCGA-BH-A1EN-01,Pathway_Apoptosis_Stress,0.0005479643693746778
TCGA-BH-A1EN-01,Pathway_Hormone,-0.2451018699076071
TCGA-BH-A1EN-01,age_at_dx,1.0078450052054613
TCGA-BH-A1EN-01,stage_ordinal,0.335016376790471
TCGA-AO-A128-01,Pathway_Immune,-0.4852554384812245
TCGA-AO-A128-01,Pathway_Proliferation,0.1689883712724531
TCGA-AO-A128-01,Pathway_DNA_Repair,-0.055157139965116786
TCGA-AO-A128-01,Pathway_Metabolism,-0.1517989737921145
TCGA-AO-A128-01,Pathway_Stromal_EMT,-0.8680498593734435
TCGA-AO-A128-01,Pathway_Apoptosis_Stress,0.019466869892883574
TCGA-AO-A128-01,Pathway_Hormone,-0.4805070521447931
TCGA-AO-A128-01,age_at_dx,0.03694123835031348
TCGA-AO-A128-01,stage_ordinal,0.4404798255685871
TCGA-B6-A0RN-01,Pathway_Immune,-0.3553445435731119
TCGA-B6-A0RN-01,Pathway_Proliferation,-0.3172369784563337
TCGA-B6-A0RN-01,Pathway_DNA_Repair,0.2658375698658101
TCGA-B6-A0RN-01,Pathway_Metabolism,-0.06352591445772102
TCGA-B6-A0RN-01,Pathway_Stromal_EMT,0.001929599586300567
TCGA-B6-A0RN-01,Pathway_Apoptosis_Stress,0.0981015856251755
TCGA-B6-A0RN-01,Pathway_Hormone,0.07059848413392263
TCGA-B6-A0RN-01,age_at_dx,-0.04775482816790816
TCGA-B6-A0RN-01,stage_ordinal,0.1372407411261411
TCGA-BH-A1FU-11,Pathway_Immune,-0.09857304688454498
TCGA-BH-A1FU-11,Pathway_Proliferation,-0.45749729336978334
TCGA-BH-A1FU-11,Pathway_DNA_Repair,0.9752490733876152
TCGA-BH-A1FU-11,Pathway_Metabolism,-0.26562570170663935
TCGA-BH-A1FU-11,Pathway_Stromal_EMT,0.09813116397850531
TCGA-BH-A1FU-11,Pathway_Apoptosis_Stress,0.026257016098024947
TCGA-BH-A1FU-11,Pathway_Hormone,0.0674954102000412
TCGA-BH-A1FU-11,age_at_dx,0.3633467550093419
TCGA-BH-A1FU-11,stage_ordinal,0.13958915890548187
TCGA-BH-A1F2-01,Pathway_Immune,0.0910918399534668
TCGA-BH-A1F2-01,Pathway_Proliferation,0.08264607823141011
TCGA-BH-A1F2-01,Pathway_DNA_Repair,-0.06720292683897394
TCGA-BH-A1F2-01,Pathway_Metabolism,0.04359735957871557
TCGA-BH-A1F2-01,Pathway_Stromal_EMT,0.7269205520696653
TCGA-BH-A1F2-01,Pathway_Apoptosis_Stress,-0.2021471704585013
TCGA-BH-A1F2-01,Pathway_Hormone,-0.7735439335136375
TCGA-BH-A1F2-01,age_at_dx,0.027468575416197828
TCGA-BH-A1F2-01,stage_ordinal,0.0070123454367872935
TCGA-BH-A1F2-11,Pathway_Immune,0.059337937379457306
TCGA-BH-A1F2-11,Pathway_Proliferation,-0.25147893464001086
TCGA-BH-A1F2-11,Pathway_DNA_Repair,0.955213039457627
TCGA-BH-A1F2-11,Pathway_Metabolism,0.01676646112337355
TCGA-BH-A1F2-11,Pathway_Stromal_EMT,0.10126724531057268
TCGA-BH-A1F2-11,Pathway_Apoptosis_Stress,0.11678788219269591
TCGA-BH-A1F2-11,Pathway_Hormone,0.2887728943535322
TCGA-BH-A1F2-11,age_at_dx,0.011656951435889601
TCGA-BH-A1F2-11,stage_ordinal,0.04077301261377564
TCGA-BH-A1FB-01,Pathway_Immune,-0.01701461560484785
TCGA-BH-A1FB-01,Pathway_Proliferation,-0.5596890359608602
TCGA-BH-A1FB-01,Pathway_DNA_Repair,0.38135579699369504
TCGA-BH-A1FB-01,Pathway_Metabolism,-0.3626072708416916
TCGA-BH-A1FB-01,Pathway_Stromal_EMT,0.5132514438395985
TCGA-BH-A1FB-01,Pathway_Apoptosis_Stress,-0.25661655523337323
TCGA-BH-A1FB-01,Pathway_Hormone,-0.35465638366573904
TCGA-BH-A1FB-01,age_at_dx,0.010658277989288025
TCGA-BH-A1FB-01,stage_ordinal,0.02856604650611431
TCGA-BH-A18V-11,Pathway_Immune,0.04643749421938339
TCGA-BH-A18V-11,Pathway_Proliferation,-0.31609514260997196
TCGA-BH-A18V-11,Pathway_DNA_Repair,0.6882399777209416
TCGA-BH-A18V-11,Pathway_Metabolism,0.07474933588329893
TCGA-BH-A18V-11,Pathway_Stromal_EMT,-0.04012270626133778
TCGA-BH-A18V-11,Pathway_Apoptosis_Stress,-0.589520120782012
TCGA-BH-A18V-11,Pathway_Hormone,0.3428488785962225
TCGA-BH-A18V-11,age_at_dx,-0.0339327737779572
TCGA-BH-A18V-11,stage_ordinal,-0.10074924961464268
TCGA-BH-A1FM-11,Pathway_Immune,0.006380281986315428
TCGA-BH-A1FM-11,Pathway_Proliferation,-0.3986511855296767
TCGA-BH-A1FM-11,Pathway_DNA_Repair,0.9948887205306448
TCGA-BH-A1FM-11,Pathway_Metabolism,-0.2620241195583431
TCGA-BH-A1FM-11,Pathway_Stromal_EMT,0.20074052622175426
TCGA-BH-A1FM-11,Pathway_Apoptosis_Stress,-0.11390269928672844
TCGA-BH-A1FM-11,Pathway_Hormone,0.10523828491050173
TCGA-BH-A1FM-11,age_at_dx,0.20987437301644515
TCGA-BH-A1FM-11,stage_ordinal,0.10234288395058441
TCGA-B6-A0I5-01,Pathway_Immune,-0.08095134742960103
TCGA-B6-A0I5-01,Pathway_Proliferation,-0.15198534298802077
TCGA-B6-A0I5-01,Pathway_DNA_Repair,0.05738685649162975
TCGA-B6-A0I5-01,Pathway_Metabolism,0.08594987644203915
TCGA-B6-A0I5-01,Pathway_Stromal_EMT,-0.055405051221447676
TCGA-B6-A0I5-01,Pathway_Apoptosis_Stress,-0.8011288019313384
TCGA-B6-A0I5-01,Pathway_Hormone,-0.7893950756682969
TCGA-B6-A0I5-01,age_at_dx,0.15390944407458385
TCGA-B6-A0I5-01,stage_ordinal,0.07621265641228635
TCGA-B6-A0IP-01,Pathway_Immune,0.017422153948333085
TCGA-B6-A0IP-01,Pathway_Proliferation,0.012038073249096497
TCGA-B6-A0IP-01,Pathway_DNA_Repair,-0.48380733363578704
TCGA-B6-A0IP-01,Pathway_Metabolism,-0.10383160713736153
TCGA-B6-A0IP-01,Pathway_Stromal_EMT,-0.5913746084550059
TCGA-B6-A0IP-01,Pathway_Apoptosis_Stress,0.16368337470780794
TCGA-B6-A0IP-01,Pathway_Hormone,-0.21633537802656172
TCGA-B6-A0IP-01,age_at_dx,0.33671593641869424
TCGA-B6-A0IP-01,stage_ordinal,-0.1883045883466221
TCGA-BH-A204-11,Pathway_Immune,-0.11742220207850021
TCGA-BH-A204-11,Pathway_Proliferation,-0.3473857970065035
TCGA-BH-A204-11,Pathway_DNA_Repair,0.4582843227442366
TCGA-BH-A204-11,Pathway_Metabolism,0.060963730267753896
TCGA-BH-A204-11,Pathway_Stromal_EMT,0.01572606076262507
TCGA-BH-A204-11,Pathway_Apoptosis_Stress,0.489020119416952
TCGA-BH-A204-11,Pathway_Hormone,0.17406193353507082
TCGA-BH-A204-11,age_at_dx,0.34569087231446904
TCGA-BH-A204-11,stage_ordinal,-0.03327419934945853
TCGA-BH-A1ET-01,Pathway_Immune,-0.0475501596232574
TCGA-BH-A1ET-01,Pathway_Proliferation,-0.6293777697405648
TCGA-BH-A1ET-01,Pathway_DNA_Repair,0.28694792653795304
TCGA-BH-A1ET-01,Pathway_Metabolism,0.020557937555421003
TCGA-BH-A1ET-01,Pathway_Stromal_EMT,-0.0006544775791918702
TCGA-BH-A1ET-01,Pathway_Apoptosis_Stress,0.5229980461598631
TCGA-BH-A1ET-01,Pathway_Hormone,-0.26074037136542316
TCGA-BH-A1ET-01,age_at_dx,0.0664292043061975
TCGA-BH-A1ET-01,stage_ordinal,0.11797326874921245
TCGA-BH-A1FB-11,Pathway_Immune,0.06570255655724966
TCGA-BH-A1FB-11,Pathway_Proliferation,-1.0306386024954546
TCGA-BH-A1FB-11,Pathway_DNA_Repair,1.8451264504207936
TCGA-BH-A1FB-11,Pathway_Metabolism,-0.38405558193559003
TCGA-BH-A1FB-11,Pathway_Stromal_EMT,-0.005624505127625905
TCGA-BH-A1FB-11,Pathway_Apoptosis_Stress,-0.1712185302593678
TCGA-BH-A1FB-11,Pathway_Hormone,0.021993450650970116
TCGA-BH-A1FB-11,age_at_dx,-0.021432171253557526
TCGA-BH-A1FB-11,stage_ordinal,0.12448950433955813
TCGA-AR-A24N-01,Pathway_Immune,0.053152389222229715
TCGA-AR-A24N-01,Pathway_Proliferation,0.5161814039829368
TCGA-AR-A24N-01,Pathway_DNA_Repair,-0.23679560231173433
TCGA-AR-A24N-01,Pathway_Metabolism,0.08157870352886995
TCGA-AR-A24N-01,Pathway_Stromal_EMT,-0.3286388867915373
TCGA-AR-A24N-01,Pathway_Apoptosis_Stress,-0.09279188023428407
TCGA-AR-A24N-01,Pathway_Hormone,-0.6091021765854764
TCGA-AR-A24N-01,age_at_dx,-0.0968641672730247
TCGA-AR-A24N-01,stage_ordinal,0.053076053461663684
TCGA-B6-A0I6-01,Pathway_Immune,-0.1589260607717818
TCGA-B6-A0I6-01,Pathway_Proliferation,-0.08721878322837806
TCGA-B6-A0I6-01,Pathway_DNA_Repair,0.12200915211940311
TCGA-B6-A0I6-01,Pathway_Metabolism,0.006864718037141908
TCGA-B6-A0I6-01,Pathway_Stromal_EMT,0.45187299458126046
TCGA-B6-A0I6-01,Pathway_Apoptosis_Stress,-0.021096496923133968
TCGA-B6-A0I6-01,Pathway_Hormone,0.2258739567704369
TCGA-B6-A0I6-01,age_at_dx,-0.06091669787673553
TCGA-B6-A0I6-01,stage_ordinal,-0.12945024834557253
TCGA-A8-A08T-01,Pathway_Immune,-0.4634000364201202
TCGA-A8-A08T-01,Pathway_Proliferation,0.031734866622155966
TCGA-A8-A08T-01,Pathway_DNA_Repair,-0.21856397941169678
TCGA-A8-A08T-01,Pathway_Metabolism,0.01915246872399681
TCGA-A8-A08T-01,Pathway_Stromal_EMT,-0.0014402826690983275
TCGA-A8-A08T-01,Pathway_Apoptosis_Stress,-0.5650075898611527
TCGA-A8-A08T-01,Pathway_Hormone,0.017681358635444695
TCGA-A8-A08T-01,age_at_dx,0.20663869672434912
TCGA-A8-A08T-01,stage_ordinal,0.6517780663231174
TCGA-AR-A0TP-01,Pathway_Immune,-0.12137118205242603
TCGA-AR-A0TP-01,Pathway_Proliferation,-0.052745242859518565
TCGA-AR-A0TP-01,Pathway_DNA_Repair,-0.04117635748178186
TCGA-AR-A0TP-01,Pathway_Metabolism,-0.06863167410972852
TCGA-AR-A0TP-01,Pathway_Stromal_EMT,0.18350962440189464
TCGA-AR-A0TP-01,Pathway_Apoptosis_Stress,-0.036171174919645735
TCGA-AR-A0TP-01,Pathway_Hormone,-0.07269449757650898
TCGA-AR-A0TP-01,age_at_dx,0.01880806019084151
TCGA-AR-A0TP-01,stage_ordinal,-0.04702795457529068
TCGA-B6-A0IQ-01,Pathway_Immune,0.10496101643836107
TCGA-B6-A0IQ-01,Pathway_Proliferation,0.002403194598510747
TCGA-B6-A0IQ-01,Pathway_DNA_Repair,-0.38030931155608944
TCGA-B6-A0IQ-01,Pathway_Metabolism,0.0009700325726249583
TCGA-B6-A0IQ-01,Pathway_Stromal_EMT,-0.5644367290528385
TCGA-B6-A0IQ-01,Pathway_Apoptosis_Stress,0.6912081374721041
TCGA-B6-A0IQ-01,Pathway_Hormone,-1.0283426735912824
TCGA-B6-A0IQ-01,age_at_dx,-0.24804959427533504
TCGA-B6-A0IQ-01,stage_ordinal,0.3079589736093897
TCGA-AO-A129-01,Pathway_Immune,-0.10844944543996955
TCGA-AO-A129-01,Pathway_Proliferation,-0.13340723421777625
TCGA-AO-A129-01,Pathway_DNA_Repair,-0.09264507303839736
TCGA-AO-A129-01,Pathway_Metabolism,0.012363978965605989
TCGA-AO-A129-01,Pathway_Stromal_EMT,-0.43461171692642403
TCGA-AO-A129-01,Pathway_Apoptosis_Stress,-0.0802744013091189
TCGA-AO-A129-01,Pathway_Hormone,-0.12419543046184647
TCGA-AO-A129-01,age_at_dx,-0.013744234688102376
TCGA-AO-A129-01,stage_ordinal,0.12064160509865307
TCGA-B6-A0IB-01,Pathway_Immune,-0.13062617874959945
TCGA-B6-A0IB-01,Pathway_Proliferation,0.08674568920021505
TCGA-B6-A0IB-01,Pathway_DNA_Repair,-0.2930491540042809
TCGA-B6-A0IB-01,Pathway_Metabolism,0.08085960234909022
TCGA-B6-A0IB-01,Pathway_Stromal_EMT,-0.05258491735421431
TCGA-B6-A0IB-01,Pathway_Apoptosis_Stress,0.5802965616438033
TCGA-B6-A0IB-01,Pathway_Hormone,-0.019667423486124894
TCGA-B6-A0IB-01,age_at_dx,-0.07191467113771739
TCGA-B6-A0IB-01,stage_ordinal,0.23825452041008505
TCGA-B6-A0WY-01,Pathway_Immune,0.15292822105729734
TCGA-B6-A0WY-01,Pathway_Proliferation,-0.10053356480993801
TCGA-B6-A0WY-01,Pathway_DNA_Repair,0.21559206432614705
TCGA-B6-A0WY-01,Pathway_Metabolism,-0.01248588757974318
TCGA-B6-A0WY-01,Pathway_Stromal_EMT,0.8683151789306177
TCGA-B6-A0WY-01,Pathway_Apoptosis_Stress,-0.929936867333074
TCGA-B6-A0WY-01,Pathway_Hormone,-0.6685596778498298
TCGA-B6-A0WY-01,age_at_dx,0.3300829705187052
TCGA-B6-A0WY-01,stage_ordinal,0.09739692472395
TCGA-BH-A18S-11,Pathway_Immune,-0.46006832889168126
TCGA-BH-A18S-11,Pathway_Proliferation,-0.8683488991125833
TCGA-BH-A18S-11,Pathway_DNA_Repair,1.4128572118544125
TCGA-BH-A18S-11,Pathway_Metabolism,-0.00547204625011123
TCGA-BH-A18S-11,Pathway_Stromal_EMT,0.4915192437269288
TCGA-BH-A18S-11,Pathway_Apoptosis_Stress,-0.011175033143390446
TCGA-BH-A18S-11,Pathway_Hormone,-0.00014508126331586206
TCGA-BH-A18S-11,age_at_dx,0.41852973165267665
TCGA-BH-A18S-11,stage_ordinal,-0.07430193040935389
TCGA-B6-A0RT-01,Pathway_Immune,-0.6245343127191253
TCGA-B6-A0RT-01,Pathway_Proliferation,0.04525242263934802
TCGA-B6-A0RT-01,Pathway_DNA_Repair,-0.0994532589275895
TCGA-B6-A0RT-01,Pathway_Metabolism,-0.009187098356173899
TCGA-B6-A0RT-01,Pathway_Stromal_EMT,-0.6004486826556449
TCGA-B6-A0RT-01,Pathway_Apoptosis_Stress,0.1942112580350878
TCGA-B6-A0RT-01,Pathway_Hormone,-0.7384520489652859
TCGA-B6-A0RT-01,age_at_dx,0.07385257874073702
TCGA-B6-A0RT-01,stage_ordinal,0.1883195768522436
TCGA-B6-A0X4-01,Pathway_Immune,-0.1760872785361144
TCGA-B6-A0X4-01,Pathway_Proliferation,-0.3122675059024791
TCGA-B6-A0X4-01,Pathway_DNA_Repair,0.22348088860300602
TCGA-B6-A0X4-01,Pathway_Metabolism,0.10727073893343336
TCGA-B6-A0X4-01,Pathway_Stromal_EMT,-0.016578332442708513
TCGA-B6-A0X4-01,Pathway_Apoptosis_Stress,0.4607938573535934
TCGA-B6-A0X4-01,Pathway_Hormone,0.017800430424610037
TCGA-B6-A0X4-01,age_at_dx,-0.03231476809351178
TCGA-B6-A0X4-01,stage_ordinal,0.2825940991839238
TCGA-AO-A03O-01,Pathway_Immune,-0.16221104376009063
TCGA-AO-A03O-01,Pathway_Proliferation,0.8363346692828524
TCGA-AO-A03O-01,Pathway_DNA_Repair,-0.08129587606255669
TCGA-AO-A03O-01,Pathway_Metabolism,0.11682025398460842
TCGA-AO-A03O-01,Pathway_Stromal_EMT,-0.7226809669052288
TCGA-AO-A03O-01,Pathway_Apoptosis_Stress,-0.25970736851597875
TCGA-AO-A03O-01,Pathway_Hormone,0.07747259247221755
TCGA-AO-A03O-01,age_at_dx,0.28303559378823817
TCGA-AO-A03O-01,stage_ordinal,0.15625518683448664
TCGA-BH-A18S-01,Pathway_Immune,0.2488681275536249
TCGA-BH-A18S-01,Pathway_Proliferation,-0.5043644352577539
TCGA-BH-A18S-01,Pathway_DNA_Repair,-0.1925439264468703
TCGA-BH-A18S-01,Pathway_Metabolism,-0.026315275448215485
TCGA-BH-A18S-01,Pathway_Stromal_EMT,-0.5078639037144104
TCGA-BH-A18S-01,Pathway_Apoptosis_Stress,0.5138020220506918
TCGA-BH-A18S-01,Pathway_Hormone,-0.28796121587299645
TCGA-BH-A18S-01,age_at_dx,0.3396039011336759
TCGA-BH-A18S-01,stage_ordinal,0.07269861610158533
TCGA-B6-A0WT-01,Pathway_Immune,-0.29033135473729355
TCGA-B6-A0WT-01,Pathway_Proliferation,-0.014509372779039756
TCGA-B6-A0WT-01,Pathway_DNA_Repair,-0.30072203212345433
TCGA-B6-A0WT-01,Pathway_Metabolism,-0.17001736432683126
TCGA-B6-A0WT-01,Pathway_Stromal_EMT,-0.031951204022728635
TCGA-B6-A0WT-01,Pathway_Apoptosis_Stress,0.28258527367261654
TCGA-B6-A0WT-01,Pathway_Hormone,-0.6750499308884564
TCGA-B6-A0WT-01,age_at_dx,-0.06230740535107533
TCGA-B6-A0WT-01,stage_ordinal,0.03440251077855986
TCGA-BH-A1FE-11,Pathway_Immune,0.04357966365983064
TCGA-BH-A1FE-11,Pathway_Proliferation,-0.24732187512537998
TCGA-BH-A1FE-11,Pathway_DNA_Repair,0.43285881569620893
TCGA-BH-A1FE-11,Pathway_Metabolism,-0.01582375117675442
TCGA-BH-A1FE-11,Pathway_Stromal_EMT,-0.2740666867161231
TCGA-BH-A1FE-11,Pathway_Apoptosis_Stress,0.4556665805265433
TCGA-BH-A1FE-11,Pathway_Hormone,-0.2243665704409218
TCGA-BH-A1FE-11,age_at_dx,0.4050954785411478
TCGA-BH-A1FE-11,stage_ordinal,0.1981259310315316
TCGA-B6-A1KF-01,Pathway_Immune,-0.6943931536432014
TCGA-B6-A1KF-01,Pathway_Proliferation,-0.009296284620462178
TCGA-B6-A1KF-01,Pathway_DNA_Repair,0.08938101092249022
TCGA-B6-A1KF-01,Pathway_Metabolism,-0.17220233777867613
TCGA-B6-A1KF-01,Pathway_Stromal_EMT,0.022398410173978905
TCGA-B6-A1KF-01,Pathway_Apoptosis_Stress,-0.07319048107220509
TCGA-B6-A1KF-01,Pathway_Hormone,0.192341796282232
TCGA-B6-A1KF-01,age_at_dx,0.2899212188629738
TCGA-B6-A1KF-01,stage_ordinal,0.13660194106038387
TCGA-E2-A1LK-01,Pathway_Immune,-0.016297054647793286
TCGA-E2-A1LK-01,Pathway_Proliferation,0.19393081550217747
TCGA-E2-A1LK-01,Pathway_DNA_Repair,0.12714593788813625
TCGA-E2-A1LK-01,Pathway_Metabolism,0.07848514027647156
TCGA-E2-A1LK-01,Pathway_Stromal_EMT,-0.08643700844159519
TCGA-E2-A1LK-01,Pathway_Apoptosis_Stress,0.0235648044392806
TCGA-E2-A1LK-01,Pathway_Hormone,0.2919274921988227
TCGA-E2-A1LK-01,age_at_dx,1.4697900005207551
TCGA-E2-A1LK-01,stage_ordinal,1.1150920188828213
TCGA-BH-A209-01,Pathway_Immune,-1.0359758091264626
TCGA-BH-A209-01,Pathway_Proliferation,0.6804556782282521
TCGA-BH-A209-01,Pathway_DNA_Repair,-0.09279090096503852
TCGA-BH-A209-01,Pathway_Metabolism,0.07170799729636461
TCGA-BH-A209-01,Pathway_Stromal_EMT,-0.8110328797902481
TCGA-BH-A209-01,Pathway_Apoptosis_Stress,0.10626198133813879
TCGA-BH-A209-01,Pathway_Hormone,-0.24011402136007737
TCGA-BH-A209-01,age_at_dx,0.6798395840859723
TCGA-BH-A209-01,stage_ordinal,0.022058279595893127
TCGA-BH-A0EA-01,Pathway_Immune,0.10814144755392435
TCGA-BH-A0EA-01,Pathway_Proliferation,-0.20788241850440028
TCGA-BH-A0EA-01,Pathway_DNA_Repair,0.16396512998305945
TCGA-BH-A0EA-01,Pathway_Metabolism,-0.05947765943831997
TCGA-BH-A0EA-01,Pathway_Stromal_EMT,0.13358325977447547
TCGA-BH-A0EA-01,Pathway_Apoptosis_Stress,0.132934299817581
TCGA-BH-A0EA-01,Pathway_Hormone,0.1791139453913977
TCGA-BH-A0EA-01,age_at_dx,0.26460487888381035
TCGA-BH-A0EA-01,stage_ordinal,-0.06675598608912692
TCGA-BH-A1FR-11,Pathway_Immune,-0.22868490480273015
TCGA-BH-A1FR-11,Pathway_Proliferation,-0.8334875328421757
TCGA-BH-A1FR-11,Pathway_DNA_Repair,0.9991926192972638
TCGA-BH-A1FR-11,Pathway_Metabolism,-0.027985416439105355
TCGA-BH-A1FR-11,Pathway_Stromal_EMT,0.08658250344440445
TCGA-BH-A1FR-11,Pathway_Apoptosis_Stress,0.009311551070448449
TCGA-BH-A1FR-11,Pathway_Hormone,-0.005764208674549767
TCGA-BH-A1FR-11,age_at_dx,0.21586112494986157
TCGA-BH-A1FR-11,stage_ordinal,0.01731874491390315
TCGA-A2-A0CW-01,Pathway_Immune,-0.053705011913271115
TCGA-A2-A0CW-01,Pathway_Proliferation,0.4086167739750928
TCGA-A2-A0CW-01,Pathway_DNA_Repair,-0.21236166541943693
TCGA-A2-A0CW-01,Pathway_Metabolism,0.11076826023173876
TCGA-A2-A0CW-01,Pathway_Stromal_EMT,-0.40085484932594934
TCGA-A2-A0CW-01,Pathway_Apoptosis_Stress,0.1970111006126922
TCGA-A2-A0CW-01,Pathway_Hormone,-0.042720688187767086
TCGA-A2-A0CW-01,age_at_dx,-0.025464608984486423
TCGA-A2-A0CW-01,stage_ordinal,0.08268137276132541
TCGA-A2-A04N-01,Pathway_Immune,-0.10603654190291495
TCGA-A2-A04N-01,Pathway_Proliferation,-0.4412933144362326
TCGA-A2-A04N-01,Pathway_DNA_Repair,0.3980913485972267
TCGA-A2-A04N-01,Pathway_Metabolism,-0.03812440077712699
TCGA-A2-A04N-01,Pathway_Stromal_EMT,0.04401888561172078
TCGA-A2-A04N-01,Pathway_Apoptosis_Stress,-0.010999931718829513
TCGA-A2-A04N-01,Pathway_Hormone,-0.22917662141431305
TCGA-A2-A04N-01,age_at_dx,-0.031063356524131093
TCGA-A2-A04N-01,stage_ordinal,0.03174751589278195
TCGA-BH-A1EW-11,Pathway_Immune,0.01236250140715243
TCGA-BH-A1EW-11,Pathway_Proliferation,-0.682176820456833
TCGA-BH-A1EW-11,Pathway_DNA_Repair,1.0821245378847328
TCGA-BH-A1EW-11,Pathway_Metabolism,0.09532177095340756
TCGA-BH-A1EW-11,Pathway_Stromal_EMT,-0.19878523312283217
TCGA-BH-A1EW-11,Pathway_Apoptosis_Stress,0.39986430347210233
TCGA-BH-A1EW-11,Pathway_Hormone,-0.10409691746916308
TCGA-BH-A1EW-11,age_at_dx,0.3321104197482028
TCGA-BH-A1EW-11,stage_ordinal,0.11186279181621099
TCGA-BH-A208-11,Pathway_Immune,0.05670029805902114
TCGA-BH-A208-11,Pathway_Proliferation,-0.48829272723356143
TCGA-BH-A208-11,Pathway_DNA_Repair,1.2548108682758798
TCGA-BH-A208-11,Pathway_Metabolism,-0.12131576931977095
TCGA-BH-A208-11,Pathway_Stromal_EMT,-0.017371728568731808
TCGA-BH-A208-11,Pathway_Apoptosis_Stress,-0.3416778791886126
TCGA-BH-A208-11,Pathway_Hormone,0.0020384269783780685
TCGA-BH-A208-11,age_at_dx,0.14191688288881193
TCGA-BH-A208-11,stage_ordinal,0.14789305609679695
TCGA-A2-A0EM-01,Pathway_Immune,-0.31822422324206284
TCGA-A2-A0EM-01,Pathway_Proliferation,-0.0452333508121219
TCGA-A2-A0EM-01,Pathway_DNA_Repair,-0.09187801115309528
TCGA-A2-A0EM-01,Pathway_Metabolism,0.17164454046419075
TCGA-A2-A0EM-01,Pathway_Stromal_EMT,0.19772967316608944
TCGA-A2-A0EM-01,Pathway_Apoptosis_Stress,-0.019260288508832837
TCGA-A2-A0EM-01,Pathway_Hormone,-1.192536316159939
TCGA-A2-A0EM-01,age_at_dx,0.4010949739109383
TCGA-A2-A0EM-01,stage_ordinal,-0.13288737694556157
TCGA-GM-A2DI-01,Pathway_Immune,-0.043973944700775064
TCGA-GM-A2DI-01,Pathway_Proliferation,-0.24830516914287
TCGA-GM-A2DI-01,Pathway_DNA_Repair,0.25970337125382054
TCGA-GM-A2DI-01,Pathway_Metabolism,-0.31206585429671324
TCGA-GM-A2DI-01,Pathway_Stromal_EMT,0.8449780035793512
TCGA-GM-A2DI-01,Pathway_Apoptosis_Stress,-1.0259308856405394
TCGA-GM-A2DI-01,Pathway_Hormone,-0.33296440815173234
TCGA-GM-A2DI-01,age_at_dx,0.03861005638890396
TCGA-GM-A2DI-01,stage_ordinal,-0.015289364524030295
TCGA-AO-A12B-01,Pathway_Immune,-0.16086466716408637
TCGA-AO-A12B-01,Pathway_Proliferation,-0.07775026889949485
TCGA-AO-A12B-01,Pathway_DNA_Repair,-0.027412352530426676
TCGA-AO-A12B-01,Pathway_Metabolism,-0.149930905461591
TCGA-AO-A12B-01,Pathway_Stromal_EMT,-1.0872125068902923
TCGA-AO-A12B-01,Pathway_Apoptosis_Stress,0.3302541937722445
TCGA-AO-A12B-01,Pathway_Hormone,-0.7683120896879768
TCGA-AO-A12B-01,age_at_dx,0.23818112986484224
TCGA-AO-A12B-01,stage_ordinal,0.27171787607788406
TCGA-BH-A208-01,Pathway_Immune,-0.03326880920462213
TCGA-BH-A208-01,Pathway_Proliferation,-0.15517747425705927
TCGA-BH-A208-01,Pathway_DNA_Repair,0.384986833048428
TCGA-BH-A208-01,Pathway_Metabolism,-0.0005743825103357783
TCGA-BH-A208-01,Pathway_Stromal_EMT,0.28309238278327453
TCGA-BH-A208-01,Pathway_Apoptosis_Stress,-0.10714638747849767
TCGA-BH-A208-01,Pathway_Hormone,-0.006216273844637413
TCGA-BH-A208-01,age_at_dx,0.17493553510436233
TCGA-BH-A208-01,stage_ordinal,0.10123235073927286
TCGA-B6-A0IA-01,Pathway_Immune,-0.34446404594351815
TCGA-B6-A0IA-01,Pathway_Proliferation,0.139303495282914
TCGA-B6-A0IA-01,Pathway_DNA_Repair,-0.21153595761152783
TCGA-B6-A0IA-01,Pathway_Metabolism,-0.23614537930229065
TCGA-B6-A0IA-01,Pathway_Stromal_EMT,-0.8894481037147381
TCGA-B6-A0IA-01,Pathway_Apoptosis_Stress,-0.6388673662118125
TCGA-B6-A0IA-01,Pathway_Hormone,-1.264923562850907
TCGA-B6-A0IA-01,age_at_dx,-0.19094194499254738
TCGA-B6-A0IA-01,stage_ordinal,0.1692575275712666
TCGA-BH-A1FN-11,Pathway_Immune,-0.40993845706378534
TCGA-BH-A1FN-11,Pathway_Proliferation,-0.4889164144489426
TCGA-BH-A1FN-11,Pathway_DNA_Repair,1.0092336874011787
TCGA-BH-A1FN-11,Pathway_Metabolism,-0.3131184824869359
TCGA-BH-A1FN-11,Pathway_Stromal_EMT,0.5684552745183613
TCGA-BH-A1FN-11,Pathway_Apoptosis_Stress,-0.5348436539482021
TCGA-BH-A1FN-11,Pathway_Hormone,0.10766461048990965
TCGA-BH-A1FN-11,age_at_dx,0.40540747461432675
TCGA-BH-A1FN-11,stage_ordinal,0.06388100686381436
TCGA-AR-A24Q-01,Pathway_Immune,0.010772426393044833
TCGA-AR-A24Q-01,Pathway_Proliferation,0.03822427649132273
TCGA-AR-A24Q-01,Pathway_DNA_Repair,0.15330656748802815
TCGA-AR-A24Q-01,Pathway_Metabolism,-0.24535626588667414
TCGA-AR-A24Q-01,Pathway_Stromal_EMT,0.28841995949742133
TCGA-AR-A24Q-01,Pathway_Apoptosis_Stress,0.008363804008611869
TCGA-AR-A24Q-01,Pathway_Hormone,0.04526592803829811
TCGA-AR-A24Q-01,age_at_dx,-0.06066376708595983
TCGA-AR-A24Q-01,stage_ordinal,0.2728734697185201
TCGA-B6-A0IM-01,Pathway_Immune,-0.1276620833609622
TCGA-B6-A0IM-01,Pathway_Proliferation,0.025289231371665416
TCGA-B6-A0IM-01,Pathway_DNA_Repair,-0.04674249514094455
TCGA-B6-A0IM-01,Pathway_Metabolism,-0.17217360855692074
TCGA-B6-A0IM-01,Pathway_Stromal_EMT,-0.09616676501401338
TCGA-B6-A0IM-01,Pathway_Apoptosis_Stress,-0.1637403531389973
TCGA-B6-A0IM-01,Pathway_Hormone,-0.26554661445356686
TCGA-B6-A0IM-01,age_at_dx,0.3519707689850506
TCGA-B6-A0IM-01,stage_ordinal,0.12707765436649426
TCGA-A1-A0SK-01,Pathway_Immune,0.42164827108373143
TCGA-A1-A0SK-01,Pathway_Proliferation,0.41248622299804966
TCGA-A1-A0SK-01,Pathway_DNA_Repair,0.02755359023568694
TCGA-A1-A0SK-01,Pathway_Metabolism,0.08129761686066284
TCGA-A1-A0SK-01,Pathway_Stromal_EMT,-0.06084820751468804
TCGA-A1-A0SK-01,Pathway_Apoptosis_Stress,-0.47749798525891923
TCGA-A1-A0SK-01,Pathway_Hormone,0.03171641739975258
TCGA-A1-A0SK-01,age_at_dx,-0.042963386370101754
TCGA-A1-A0SK-01,stage_ordinal,0.13339483672423488
TCGA-AR-A0TR-01,Pathway_Immune,0.21162605027552975
TCGA-AR-A0TR-01,Pathway_Proliferation,-0.020387433380457537
TCGA-AR-A0TR-01,Pathway_DNA_Repair,-0.35666017953946855
TCGA-AR-A0TR-01,Pathway_Metabolism,-0.032201830432571805
TCGA-AR-A0TR-01,Pathway_Stromal_EMT,0.668433556527515
TCGA-AR-A0TR-01,Pathway_Apoptosis_Stress,0.49799762444831097
TCGA-AR-A0TR-01,Pathway_Hormone,-0.003431653209876416
TCGA-AR-A0TR-01,age_at_dx,-0.10659004642589057
TCGA-AR-A0TR-01,stage_ordinal,0.18673122585192647
TCGA-BH-A1EN-11,Pathway_Immune,-0.21107544181801424
TCGA-BH-A1EN-11,Pathway_Proliferation,-0.23494301307225138
TCGA-BH-A1EN-11,Pathway_DNA_Repair,0.7358478522149416
TCGA-BH-A1EN-11,Pathway_Metabolism,-0.006397976439944942
TCGA-BH-A1EN-11,Pathway_Stromal_EMT,-0.02175126190933195
TCGA-BH-A1EN-11,Pathway_Apoptosis_Stress,0.10572748810519107
TCGA-BH-A1EN-11,Pathway_Hormone,0.21870315931890205
TCGA-BH-A1EN-11,age_at_dx,0.028803921388236543
TCGA-BH-A1EN-11,stage_ordinal,0.009642945485798618
TCGA-A2-A04V-01,Pathway_Immune,-0.11568978031201471
TCGA-A2-A04V-01,Pathway_Proliferation,0.11537175876321219
TCGA-A2-A04V-01,Pathway_DNA_Repair,-0.001765944697655194
TCGA-A2-A04V-01,Pathway_Metabolism,-0.0012723018466479102
TCGA-A2-A04V-01,Pathway_Stromal_EMT,0.3562801197888551
TCGA-A2-A04V-01,Pathway_Apoptosis_Stress,-0.04102754312443248
TCGA-A2-A04V-01,Pathway_Hormone,0.024883952222338423
TCGA-A2-A04V-01,age_at_dx,-0.03031872644678921
TCGA-A2-A04V-01,stage_ordinal,0.05617342196685584
TCGA-AO-A12C-01,Pathway_Immune,-0.38896355686497014
TCGA-AO-A12C-01,Pathway_Proliferation,-0.1656563293204491
TCGA-AO-A12C-01,Pathway_DNA_Repair,0.6350616000742727
TCGA-AO-A12C-01,Pathway_Metabolism,-0.15495907378916235
TCGA-AO-A12C-01,Pathway_Stromal_EMT,-0.2981901272780898
TCGA-AO-A12C-01,Pathway_Apoptosis_Stress,0.030890971145577494
TCGA-AO-A12C-01,Pathway_Hormone,-0.30276324993771636
TCGA-AO-A12C-01,age_at_dx,0.4855268521705385
TCGA-AO-A12C-01,stage_ordinal,0.17572353079351935
TCGA-AO-A125-01,Pathway_Immune,-0.1864777383903082
TCGA-AO-A125-01,Pathway_Proliferation,-0.6163576790330149
TCGA-AO-A125-01,Pathway_DNA_Repair,-0.13950079912543994
TCGA-AO-A125-01,Pathway_Metabolism,0.06014182369875807
TCGA-AO-A125-01,Pathway_Stromal_EMT,-0.6871832805495119
TCGA-AO-A125-01,Pathway_Apoptosis_Stress,0.08013602386494387
TCGA-AO-A125-01,Pathway_Hormone,0.012793974932614345
TCGA-AO-A125-01,age_at_dx,0.45498795013612237
TCGA-AO-A125-01,stage_ordinal,0.10602482711444194
TCGA-AR-A1AT-01,Pathway_Immune,-0.04001484759431884
TCGA-AR-A1AT-01,Pathway_Proliferation,0.5512502200115216
TCGA-AR-A1AT-01,Pathway_DNA_Repair,0.11816742293170249
TCGA-AR-A1AT-01,Pathway_Metabolism,0.20276058761214963
TCGA-AR-A1AT-01,Pathway_Stromal_EMT,-0.16893723349233847
TCGA-AR-A1AT-01,Pathway_Apoptosis_Stress,-0.08769322249910423
TCGA-AR-A1AT-01,Pathway_Hormone,-0.0751731761054442
TCGA-AR-A1AT-01,age_at_dx,0.19600109841057736
TCGA-AR-A1AT-01,stage_ordinal,0.5406251088617541
TCGA-BH-A1F0-01,Pathway_Immune,0.04134044583111206
TCGA-BH-A1F0-01,Pathway_Proliferation,0.17459386780499236
TCGA-BH-A1F0-01,Pathway_DNA_Repair,-0.12154021613833207
TCGA-BH-A1F0-01,Pathway_Metabolism,-0.2062718336608402
TCGA-BH-A1F0-01,Pathway_Stromal_EMT,0.33057804376194505
TCGA-BH-A1F0-01,Pathway_Apoptosis_Stress,0.16910384363161962
TCGA-BH-A1F0-01,Pathway_Hormone,-0.0594649768199448
TCGA-BH-A1F0-01,age_at_dx,0.7776834699818508
TCGA-BH-A1F0-01,stage_ordinal,0.4154847017510339
TCGA-A2-A0CS-01,Pathway_Immune,0.023889555990841072
TCGA-A2-A0CS-01,Pathway_Proliferation,-0.5067647454917961
TCGA-A2-A0CS-01,Pathway_DNA_Repair,0.02033714101047972
TCGA-A2-A0CS-01,Pathway_Metabolism,0.009229704319143077
TCGA-A2-A0CS-01,Pathway_Stromal_EMT,0.2790135976124789
TCGA-A2-A0CS-01,Pathway_Apoptosis_Stress,-0.3507634597846042
TCGA-A2-A0CS-01,Pathway_Hormone,-1.1126296676574172
TCGA-A2-A0CS-01,age_at_dx,0.5486493755200582
TCGA-A2-A0CS-01,stage_ordinal,-0.10856814073851086
TCGA-A8-A09X-01,Pathway_Immune,0.3605598418025575
TCGA-A8-A09X-01,Pathway_Proliferation,0.3466888537247321
TCGA-A8-A09X-01,Pathway_DNA_Repair,0.19325794805344618
TCGA-A8-A09X-01,Pathway_Metabolism,0.026253303710968387
TCGA-A8-A09X-01,Pathway_Stromal_EMT,-0.0005508758483610557
TCGA-A8-A09X-01,Pathway_Apoptosis_Stress,-0.060606278172131114
TCGA-A8-A09X-01,Pathway_Hormone,0.0023231342243726165
TCGA-A8-A09X-01,age_at_dx,0.10752284418524848
TCGA-A8-A09X-01,stage_ordinal,1.1875469412378357
TCGA-BH-A203-01,Pathway_Immune,0.0629429094925072
TCGA-BH-A203-01,Pathway_Proliferation,0.14501586674565548
TCGA-BH-A203-01,Pathway_DNA_Repair,0.09689067274021153
TCGA-BH-A203-01,Pathway_Metabolism,0.32489326247748396
TCGA-BH-A203-01,Pathway_Stromal_EMT,-0.03778264472892365
TCGA-BH-A203-01,Pathway_Apoptosis_Stress,0.00529542300473413
TCGA-BH-A203-01,Pathway_Hormone,5.9992127461364425e-05
TCGA-BH-A203-01,age_at_dx,0.7343280523972847
TCGA-BH-A203-01,stage_ordinal,-0.13445176905635545
TCGA-BH-A1EX-01,Pathway_Immune,-0.0017603258100474294
TCGA-BH-A1EX-01,Pathway_Proliferation,-0.1089575086591652
TCGA-BH-A1EX-01,Pathway_DNA_Repair,0.07023770386695184
TCGA-BH-A1EX-01,Pathway_Metabolism,-0.14096796194372355
TCGA-BH-A1EX-01,Pathway_Stromal_EMT,0.13646246134389384
TCGA-BH-A1EX-01,Pathway_Apoptosis_Stress,-0.0002632781626769447
TCGA-BH-A1EX-01,Pathway_Hormone,0.04141128657307059
TCGA-BH-A1EX-01,age_at_dx,0.07818553881275832
TCGA-BH-A1EX-01,stage_ordinal,0.08493719793113828
TCGA-A2-A0YT-01,Pathway_Immune,0.00011889629469172
TCGA-A2-A0YT-01,Pathway_Proliferation,0.37616200089473867
TCGA-A2-A0YT-01,Pathway_DNA_Repair,-0.04367807973316289
TCGA-A2-A0YT-01,Pathway_Metabolism,0.11100525978399153
TCGA-A2-A0YT-01,Pathway_Stromal_EMT,-0.6696615630714068
TCGA-A2-A0YT-01,Pathway_Apoptosis_Stress,0.3603083132293399
TCGA-A2-A0YT-01,Pathway_Hormone,-0.06617246449705595
TCGA-A2-A0YT-01,age_at_dx,-0.027161006836642927
TCGA-A2-A0YT-01,stage_ordinal,0.11479020298085409
TCGA-B6-A0IK-01,Pathway_Immune,-0.10508359710742503
TCGA-B6-A0IK-01,Pathway_Proliferation,0.28308033537768174
TCGA-B6-A0IK-01,Pathway_DNA_Repair,0.0945439216394509
TCGA-B6-A0IK-01,Pathway_Metabolism,0.1264477951282267
TCGA-B6-A0IK-01,Pathway_Stromal_EMT,0.009046997855638512
TCGA-B6-A0IK-01,Pathway_Apoptosis_Stress,-0.3277041828084477
TCGA-B6-A0IK-01,Pathway_Hormone,-0.049919673675600254
TCGA-B6-A0IK-01,age_at_dx,0.15593269697742412
TCGA-B6-A0IK-01,stage_ordinal,0.05725160034918178
TCGA-B6-A0IO-01,Pathway_Immune,-0.14686129827173028
TCGA-B6-A0IO-01,Pathway_Proliferation,0.2769812987338014
TCGA-B6-A0IO-01,Pathway_DNA_Repair,-0.07234149768224858
TCGA-B6-A0IO-01,Pathway_Metabolism,-0.0924513786474364
TCGA-B6-A0IO-01,Pathway_Stromal_EMT,-1.239744154997807
TCGA-B6-A0IO-01,Pathway_Apoptosis_Stress,0.2534122315912969
TCGA-B6-A0IO-01,Pathway_Hormone,-0.2340126533736231
TCGA-B6-A0IO-01,age_at_dx,0.3338633399655646
TCGA-B6-A0IO-01,stage_ordinal,0.21844962112998417
TCGA-BH-A1FM-01,Pathway_Immune,-0.2151938147615634
TCGA-BH-A1FM-01,Pathway_Proliferation,0.20782233048723714
TCGA-BH-A1FM-01,Pathway_DNA_Repair,0.20162865914513828
TCGA-BH-A1FM-01,Pathway_Metabolism,0.03197181244738411
TCGA-BH-A1FM-01,Pathway_Stromal_EMT,0.09346400587891195
TCGA-BH-A1FM-01,Pathway_Apoptosis_Stress,0.0070499124178573834
TCGA-BH-A1FM-01,Pathway_Hormone,-0.06693838820295187
TCGA-BH-A1FM-01,age_at_dx,-0.22417600543042085
TCGA-BH-A1FM-01,stage_ordinal,0.5495990095372879
TCGA-B6-A0IG-01,Pathway_Immune,-0.013369864764779067
TCGA-B6-A0IG-01,Pathway_Proliferation,0.3083755064573457
TCGA-B6-A0IG-01,Pathway_DNA_Repair,-0.0027899550930193776
TCGA-B6-A0IG-01,Pathway_Metabolism,0.08539624678130939
TCGA-B6-A0IG-01,Pathway_Stromal_EMT,-0.7479196718703739
TCGA-B6-A0IG-01,Pathway_Apoptosis_Stress,-0.2063049673134235
TCGA-B6-A0IG-01,Pathway_Hormone,-0.22458921096165727
TCGA-B6-A0IG-01,age_at_dx,-0.10100560902501857
TCGA-B6-A0IG-01,stage_ordinal,0.12444351884972693
TCGA-BH-A1F8-01,Pathway_Immune,0.06417959937738932
TCGA-BH-A1F8-01,Pathway_Proliferation,0.11930093552816372
TCGA-BH-A1F8-01,Pathway_DNA_Repair,-0.03752919369998917
TCGA-BH-A1F8-01,Pathway_Metabolism,0.24501180395268968
TCGA-BH-A1F8-01,Pathway_Stromal_EMT,-0.0326376711393431
TCGA-BH-A1F8-01,Pathway_Apoptosis_Stress,-0.3042155049249855
TCGA-BH-A1F8-01,Pathway_Hormone,-0.08032487757213237
TCGA-BH-A1F8-01,age_at_dx,1.5283812477851786
TCGA-BH-A1F8-01,stage_ordinal,0.7573036247126818
TCGA-A2-A0CV-01,Pathway_Immune,-0.1384325604138781
TCGA-A2-A0CV-01,Pathway_Proliferation,-0.32549021928166755
TCGA-A2-A0CV-01,Pathway_DNA_Repair,0.40587443587260397
TCGA-A2-A0CV-01,Pathway_Metabolism,-0.22246282065183184
TCGA-A2-A0CV-01,Pathway_Stromal_EMT,0.6768129577963191
TCGA-A2-A0CV-01,Pathway_Apoptosis_Stress,-0.8808362262492371
TCGA-A2-A0CV-01,Pathway_Hormone,-0.003341710160896187
TCGA-A2-A0CV-01,age_at_dx,0.17254415847361518
TCGA-A2-A0CV-01,stage_ordinal,-0.11052072992224855
TCGA-B6-A0WS-01,Pathway_Immune,0.05257388887526021
TCGA-B6-A0WS-01,Pathway_Proliferation,-0.03128862182856487
TCGA-B6-A0WS-01,Pathway_DNA_Repair,-0.01568169810422699
TCGA-B6-A0WS-01,Pathway_Metabolism,-0.034698776964546735
TCGA-B6-A0WS-01,Pathway_Stromal_EMT,0.5227422403104658
TCGA-B6-A0WS-01,Pathway_Apoptosis_Stress,-0.28564521359070466
TCGA-B6-A0WS-01,Pathway_Hormone,-0.3044353049902058
TCGA-B6-A0WS-01,age_at_dx,0.001974311047962245
TCGA-B6-A0WS-01,stage_ordinal,-0.11029427834313751
TCGA-BH-A1EV-01,Pathway_Immune,-0.38453142750661923
TCGA-BH-A1EV-01,Pathway_Proliferation,0.10394437344400326
TCGA-BH-A1EV-01,Pathway_DNA_Repair,-0.15493369666662235
TCGA-BH-A1EV-01,Pathway_Metabolism,0.011938904506792485
TCGA-BH-A1EV-01,Pathway_Stromal_EMT,0.0028681817597443174
TCGA-BH-A1EV-01,Pathway_Apoptosis_Stress,0.10994162825998956
TCGA-BH-A1EV-01,Pathway_Hormone,0.007364438652126811
TCGA-BH-A1EV-01,age_at_dx,0.2555763530222288
TCGA-BH-A1EV-01,stage_ordinal,0.11569218510237732
TCGA-AR-A1AR-01,Pathway_Immune,0.006028289999963266
TCGA-AR-A1AR-01,Pathway_Proliferation,0.285708770501746
TCGA-AR-A1AR-01,Pathway_DNA_Repair,-0.006310480166405728
TCGA-AR-A1AR-01,Pathway_Metabolism,0.007049373440207293
TCGA-AR-A1AR-01,Pathway_Stromal_EMT,0.2832403163326516
TCGA-AR-A1AR-01,Pathway_Apoptosis_Stress,-0.011692292665734022
TCGA-AR-A1AR-01,Pathway_Hormone,0.17716721927792994
TCGA-AR-A1AR-01,age_at_dx,-0.09162160362237039
TCGA-AR-A1AR-01,stage_ordinal,1.1066354747585725
TCGA-B6-A0WZ-01,Pathway_Immune,-0.17612764383026008
TCGA-B6-A0WZ-01,Pathway_Proliferation,-0.3167503372957778
TCGA-B6-A0WZ-01,Pathway_DNA_Repair,-0.263511498861427
TCGA-B6-A0WZ-01,Pathway_Metabolism,0.05600428831249531
TCGA-B6-A0WZ-01,Pathway_Stromal_EMT,-0.21728035963833653
TCGA-B6-A0WZ-01,Pathway_Apoptosis_Stress,-0.6043791250538397
TCGA-B6-A0WZ-01,Pathway_Hormone,-1.2251744817834371
TCGA-B6-A0WZ-01,age_at_dx,0.058806660887408393
TCGA-B6-A0WZ-01,stage_ordinal,0.10988765529453547
TCGA-BH-A1FU-01,Pathway_Immune,0.07860582210467904
TCGA-BH-A1FU-01,Pathway_Proliferation,0.06131774964007095
TCGA-BH-A1FU-01,Pathway_DNA_Repair,0.046824246774995436
TCGA-BH-A1FU-01,Pathway_Metabolism,-0.004243466641911402
TCGA-BH-A1FU-01,Pathway_Stromal_EMT,0.10118637725483869
TCGA-BH-A1FU-01,Pathway_Apoptosis_Stress,-0.06725034006057541
TCGA-BH-A1FU-01,Pathway_Hormone,-0.011536862565340507
TCGA-BH-A1FU-01,age_at_dx,0.252921790270807
TCGA-BH-A1FU-01,stage_ordinal,0.066290642492387
TCGA-BH-A204-01,Pathway_Immune,-0.1351322583840297
TCGA-BH-A204-01,Pathway_Proliferation,0.21055446515595827
TCGA-BH-A204-01,Pathway_DNA_Repair,-0.27013206680836416
TCGA-BH-A204-01,Pathway_Metabolism,-0.11360169083995059
TCGA-BH-A204-01,Pathway_Stromal_EMT,0.03860442734911614
TCGA-BH-A204-01,Pathway_Apoptosis_Stress,0.06699217510218627
TCGA-BH-A204-01,Pathway_Hormone,-0.06982279457650296
TCGA-BH-A204-01,age_at_dx,0.012817091338949097
TCGA-BH-A204-01,stage_ordinal,0.1268306609797141
TCGA-A2-A0EN-01,Pathway_Immune,0.007362364495032681
TCGA-A2-A0EN-01,Pathway_Proliferation,-0.7167149792792998
TCGA-A2-A0EN-01,Pathway_DNA_Repair,-0.057616972260221604
TCGA-A2-A0EN-01,Pathway_Metabolism,-0.07673234845223505
TCGA-A2-A0EN-01,Pathway_Stromal_EMT,0.9705978117449005
TCGA-A2-A0EN-01,Pathway_Apoptosis_Stress,-0.37426557123201726
TCGA-A2-A0EN-01,Pathway_Hormone,-0.34282313505032713
TCGA-A2-A0EN-01,age_at_dx,0.32331258170208993
TCGA-A2-A0EN-01,stage_ordinal,0.22705769230259013
TCGA-A8-A08J-01,Pathway_Immune,0.2037715965714254
TCGA-A8-A08J-01,Pathway_Proliferation,0.22143519524833247
TCGA-A8-A08J-01,Pathway_DNA_Repair,0.2961512784146939
TCGA-A8-A08J-01,Pathway_Metabolism,-0.21846757721592974
TCGA-A8-A08J-01,Pathway_Stromal_EMT,0.12488760599995273
TCGA-A8-A08J-01,Pathway_Apoptosis_Stress,0.047848272239130483
TCGA-A8-A08J-01,Pathway_Hormone,-0.004188843193219335
TCGA-A8-A08J-01,age_at_dx,-0.18633738427271568
TCGA-A8-A08J-01,stage_ordinal,1.3474295506420317
TCGA-BH-A18U-01,Pathway_Immune,0.0254279992007221
TCGA-BH-A18U-01,Pathway_Proliferation,0.173262055396482
TCGA-BH-A18U-01,Pathway_DNA_Repair,0.0758695403486283
TCGA-BH-A18U-01,Pathway_Metabolism,0.5047167143574657
TCGA-BH-A18U-01,Pathway_Stromal_EMT,-0.1418260925233338
TCGA-BH-A18U-01,Pathway_Apoptosis_Stress,-0.17159429135386586
TCGA-BH-A18U-01,Pathway_Hormone,0.05897496809929725
TCGA-BH-A18U-01,age_at_dx,0.5252693826723267
TCGA-BH-A18U-01,stage_ordinal,1.022176283501132
TCGA-AR-A1AH-01,Pathway_Immune,0.6080416758623757
TCGA-AR-A1AH-01,Pathway_Proliferation,0.4987330433008982
TCGA-AR-A1AH-01,Pathway_DNA_Repair,-0.169899049117777
TCGA-AR-A1AH-01,Pathway_Metabolism,0.035376630115315985
TCGA-AR-A1AH-01,Pathway_Stromal_EMT,-0.5428836644061362
TCGA-AR-A1AH-01,Pathway_Apoptosis_Stress,-0.07342403740117058
TCGA-AR-A1AH-01,Pathway_Hormone,-0.48925880441596103
TCGA-AR-A1AH-01,age_at_dx,-0.1573431744920559
TCGA-AR-A1AH-01,stage_ordinal,0.04278162200271833
TCGA-BH-A1F8-11,Pathway_Immune,-0.08534782169473085
TCGA-BH-A1F8-11,Pathway_Proliferation,-0.44821508033520746
TCGA-BH-A1F8-11,Pathway_DNA_Repair,0.6360249531937713
TCGA-BH-A1F8-11,Pathway_Metabolism,-0.061712303695666625
TCGA-BH-A1F8-11,Pathway_Stromal_EMT,0.2702759206028507
TCGA-BH-A1F8-11,Pathway_Apoptosis_Stress,0.19599925793585035
TCGA-BH-A1F8-11,Pathway_Hormone,0.1634069603573325
TCGA-BH-A1F8-11,age_at_dx,1.1644034933588676
TCGA-BH-A1F8-11,stage_ordinal,-0.18269609616829552
TCGA-BH-A18J-11,Pathway_Immune,0.03379486465608801
TCGA-BH-A18J-11,Pathway_Proliferation,-0.5793359289486473
TCGA-BH-A18J-11,Pathway_DNA_Repair,2.0426049608660453
TCGA-BH-A18J-11,Pathway_Metabolism,-0.33990033510509593
TCGA-BH-A18J-11,Pathway_Stromal_EMT,0.20119444493072114
TCGA-BH-A18J-11,Pathway_Apoptosis_Stress,-0.24281513591487164
TCGA-BH-A18J-11,Pathway_Hormone,-0.06118419640336303
TCGA-BH-A18J-11,age_at_dx,0.015585722326834087
TCGA-BH-A18J-11,stage_ordinal,0.04835443229534348
TCGA-BH-A1FJ-11,Pathway_Immune,-0.08403868223508008
TCGA-BH-A1FJ-11,Pathway_Proliferation,-0.504915498099073
TCGA-BH-A1FJ-11,Pathway_DNA_Repair,0.7419428149940221
TCGA-BH-A1FJ-11,Pathway_Metabolism,0.06554566408207589
TCGA-BH-A1FJ-11,Pathway_Stromal_EMT,0.10502940617941496
TCGA-BH-A1FJ-11,Pathway_Apoptosis_Stress,-0.17478609962686426
TCGA-BH-A1FJ-11,Pathway_Hormone,-0.16596747137890105
TCGA-BH-A1FJ-11,age_at_dx,0.012443037084859662
TCGA-BH-A1FJ-11,stage_ordinal,0.008514131157070766
TCGA-BH-A203-11,Pathway_Immune,0.02071640073388397
TCGA-BH-A203-11,Pathway_Proliferation,-0.5971171421960212
TCGA-BH-A203-11,Pathway_DNA_Repair,1.1742871197223232
TCGA-BH-A203-11,Pathway_Metabolism,-0.08043750366772275
TCGA-BH-A203-11,Pathway_Stromal_EMT,0.010042113341022868
TCGA-BH-A203-11,Pathway_Apoptosis_Stress,-0.013866496498919805
TCGA-BH-A203-11,Pathway_Hormone,0.16396716906783537
TCGA-BH-A203-11,age_at_dx,0.30270586922442505
TCGA-BH-A203-11,stage_ordinal,0.03927502052609402
TCGA-AR-A0U3-01,Pathway_Immune,-0.016661702185536358
TCGA-AR-A0U3-01,Pathway_Proliferation,0.43672085545471434
TCGA-AR-A0U3-01,Pathway_DNA_Repair,-0.3461078800102339
TCGA-AR-A0U3-01,Pathway_Metabolism,0.08849998693625663
TCGA-AR-A0U3-01,Pathway_Stromal_EMT,-0.2594922641340455
TCGA-AR-A0U3-01,Pathway_Apoptosis_Stress,0.5016044015984708
TCGA-AR-A0U3-01,Pathway_Hormone,-0.9415703074860631
TCGA-AR-A0U3-01,age_at_dx,-0.007453996426743711
TCGA-AR-A0U3-01,stage_ordinal,0.16506599338348701
TCGA-A2-A0CL-01,Pathway_Immune,-0.5480815512615521
TCGA-A2-A0CL-01,Pathway_Proliferation,0.18040579413244626
TCGA-A2-A0CL-01,Pathway_DNA_Repair,0.04994555569445015
TCGA-A2-A0CL-01,Pathway_Metabolism,-0.22144650526977627
TCGA-A2-A0CL-01,Pathway_Stromal_EMT,0.4535718438140451
TCGA-A2-A0CL-01,Pathway_Apoptosis_Stress,-0.2895600630374591
TCGA-A2-A0CL-01,Pathway_Hormone,-0.02527597621046033
TCGA-A2-A0CL-01,age_at_dx,0.1707681189962789
TCGA-A2-A0CL-01,stage_ordinal,-0.018920767287320662
TCGA-BH-A1EU-01,Pathway_Immune,-0.11296957655833989
TCGA-BH-A1EU-01,Pathway_Proliferation,-0.20577559355171812
TCGA-BH-A1EU-01,Pathway_DNA_Repair,0.12347278641552858
TCGA-BH-A1EU-01,Pathway_Metabolism,0.12126536133149612
TCGA-BH-A1EU-01,Pathway_Stromal_EMT,0.07299494328363684
TCGA-BH-A1EU-01,Pathway_Apoptosis_Stress,0.042444772091219676
TCGA-BH-A1EU-01,Pathway_Hormone,0.009054652664591463
TCGA-BH-A1EU-01,age_at_dx,0.28176939429738
TCGA-BH-A1EU-01,stage_ordinal,0.0013590763087415062
TCGA-BH-A1F6-11,Pathway_Immune,-0.06707421098799005
TCGA-BH-A1F6-11,Pathway_Proliferation,-0.48164067652381826
TCGA-BH-A1F6-11,Pathway_DNA_Repair,0.8949665521333362
TCGA-BH-A1F6-11,Pathway_Metabolism,-0.09859786959968225
TCGA-BH-A1F6-11,Pathway_Stromal_EMT,0.10664360314306115
TCGA-BH-A1F6-11,Pathway_Apoptosis_Stress,-0.02522966337660885
TCGA-BH-A1F6-11,Pathway_Hormone,0.06586892078453012
TCGA-BH-A1F6-11,age_at_dx,0.14617802036053998
TCGA-BH-A1F6-11,stage_ordinal,0.09624362899013278
TCGA-BH-A1FN-01,Pathway_Immune,0.0639342580878973
TCGA-BH-A1FN-01,Pathway_Proliferation,0.39505445490607816
TCGA-BH-A1FN-01,Pathway_DNA_Repair,0.0309481872351302
TCGA-BH-A1FN-01,Pathway_Metabolism,-0.0350910483569262
TCGA-BH-A1FN-01,Pathway_Stromal_EMT,0.42664339142636337
TCGA-BH-A1FN-01,Pathway_Apoptosis_Stress,-0.42980621944730263
TCGA-BH-A1FN-01,Pathway_Hormone,-0.009323121553334215
TCGA-BH-A1FN-01,age_at_dx,-0.4096426313895753
TCGA-BH-A1FN-01,stage_ordinal,0.26590070818310263
TCGA-A2-A25E-01,Pathway_Immune,-0.09504399068026333
TCGA-A2-A25E-01,Pathway_Proliferation,0.42817260526121576
TCGA-A2-A25E-01,Pathway_DNA_Repair,0.17763012243032344
TCGA-A2-A25E-01,Pathway_Metabolism,-0.13172118783085807
TCGA-A2-A25E-01,Pathway_Stromal_EMT,-0.4557219273508871
TCGA-A2-A25E-01,Pathway_Apoptosis_Stress,0.3056607772454709
TCGA-A2-A25E-01,Pathway_Hormone,-0.25359886251257363
TCGA-A2-A25E-01,age_at_dx,-0.8574607885040687
TCGA-A2-A25E-01,stage_ordinal,0.1414425945640837
TCGA-A2-A0CT-01,Pathway_Immune,-0.22521852374833112
TCGA-A2-A0CT-01,Pathway_Proliferation,0.10953550264852371
TCGA-A2-A0CT-01,Pathway_DNA_Repair,0.15532957091262134
TCGA-A2-A0CT-01,Pathway_Metabolism,0.010305818631520376
TCGA-A2-A0CT-01,Pathway_Stromal_EMT,-0.10603045009917907
TCGA-A2-A0CT-01,Pathway_Apoptosis_Stress,-0.17181279030426433
TCGA-A2-A0CT-01,Pathway_Hormone,-0.020760705651058246
TCGA-A2-A0CT-01,age_at_dx,0.1351240196121929
TCGA-A2-A0CT-01,stage_ordinal,0.18735610809183054
TCGA-BH-A18Q-01,Pathway_Immune,-0.0380819201815113
TCGA-BH-A18Q-01,Pathway_Proliferation,0.2858728745033264
TCGA-BH-A18Q-01,Pathway_DNA_Repair,-0.32858532445493016
TCGA-BH-A18Q-01,Pathway_Metabolism,-0.12566328052745784
TCGA-BH-A18Q-01,Pathway_Stromal_EMT,-0.49983321347051624
TCGA-BH-A18Q-01,Pathway_Apoptosis_Stress,0.543853323249579
TCGA-BH-A18Q-01,Pathway_Hormone,-0.17107874300225867
TCGA-BH-A18Q-01,age_at_dx,0.0077775462617093085
TCGA-BH-A18Q-01,stage_ordinal,0.14992979283241176
TCGA-AO-A03L-01,Pathway_Immune,0.2067504446945548
TCGA-AO-A03L-01,Pathway_Proliferation,0.7364249875619406
TCGA-AO-A03L-01,Pathway_DNA_Repair,-0.5145315197513307
TCGA-AO-A03L-01,Pathway_Metabolism,-0.0422670478223703
TCGA-AO-A03L-01,Pathway_Stromal_EMT,0.06126743571886575
TCGA-AO-A03L-01,Pathway_Apoptosis_Stress,-0.16021681366451332
TCGA-AO-A03L-01,Pathway_Hormone,-0.47905094510156887
TCGA-AO-A03L-01,age_at_dx,-0.4397454848499504
TCGA-AO-A03L-01,stage_ordinal,-0.01839095016002058
TCGA-BH-A1ES-06,Pathway_Immune,-0.23036544723320634
TCGA-BH-A1ES-06,Pathway_Proliferation,-0.13072780382166949
TCGA-BH-A1ES-06,Pathway_DNA_Repair,0.6955092183394972
TCGA-BH-A1ES-06,Pathway_Metabolism,0.05472860423539823
TCGA-BH-A1ES-06,Pathway_Stromal_EMT,0.15779887469297738
TCGA-BH-A1ES-06,Pathway_Apoptosis_Stress,-1.0556976013575
TCGA-BH-A1ES-06,Pathway_Hormone,-0.5261488707729818
TCGA-BH-A1ES-06,age_at_dx,0.20413123031471656
TCGA-BH-A1ES-06,stage_ordinal,0.16828397598669553
TCGA-B6-A0WV-01,Pathway_Immune,-0.42726214983947236
TCGA-B6-A0WV-01,Pathway_Proliferation,0.6287331888965004
TCGA-B6-A0WV-01,Pathway_DNA_Repair,-0.047392814030833716
TCGA-B6-A0WV-01,Pathway_Metabolism,0.15942613560835403
TCGA-B6-A0WV-01,Pathway_Stromal_EMT,-0.3140303216714389
TCGA-B6-A0WV-01,Pathway_Apoptosis_Stress,0.5923217777558457
TCGA-B6-A0WV-01,Pathway_Hormone,-0.6312340692229467
TCGA-B6-A0WV-01,age_at_dx,0.02663036295576053
TCGA-B6-A0WV-01,stage_ordinal,0.2228210355804534
TCGA-EW-A1P8-01,Pathway_Immune,-0.04584736915536862
TCGA-EW-A1P8-01,Pathway_Proliferation,0.2971075382714997
TCGA-EW-A1P8-01,Pathway_DNA_Repair,0.008977718400790518
TCGA-EW-A1P8-01,Pathway_Metabolism,0.12783954609829684
TCGA-EW-A1P8-01,Pathway_Stromal_EMT,-0.0612832965980329
TCGA-EW-A1P8-01,Pathway_Apoptosis_Stress,-0.013938465425717523
TCGA-EW-A1P8-01,Pathway_Hormone,0.19777393906575372
TCGA-EW-A1P8-01,age_at_dx,0.008550674213561298
TCGA-EW-A1P8-01,stage_ordinal,1.3765052662189148
TCGA-B6-A0I2-01,Pathway_Immune,-0.4541840412958944
TCGA-B6-A0I2-01,Pathway_Proliferation,0.23245512267285848
TCGA-B6-A0I2-01,Pathway_DNA_Repair,-0.3853771544588489
TCGA-B6-A0I2-01,Pathway_Metabolism,0.07587842117226828
TCGA-B6-A0I2-01,Pathway_Stromal_EMT,-1.3533345309307063
TCGA-B6-A0I2-01,Pathway_Apoptosis_Stress,-0.025247540650485602
TCGA-B6-A0I2-01,Pathway_Hormone,-0.2736550312422369
TCGA-B6-A0I2-01,age_at_dx,-0.03936909437323834
TCGA-B6-A0I2-01,stage_ordinal,0.05748263025204146
TCGA-B6-A0RI-01,Pathway_Immune,-0.19468070944058546
TCGA-B6-A0RI-01,Pathway_Proliferation,0.3831562737329047
TCGA-B6-A0RI-01,Pathway_DNA_Repair,-0.24955171256750558
TCGA-B6-A0RI-01,Pathway_Metabolism,0.0046708812831008
TCGA-B6-A0RI-01,Pathway_Stromal_EMT,0.8127890554929535
TCGA-B6-A0RI-01,Pathway_Apoptosis_Stress,-0.9985186714119938
TCGA-B6-A0RI-01,Pathway_Hormone,-1.580883697785477
TCGA-B6-A0RI-01,age_at_dx,-0.2009113516551665
TCGA-B6-A0RI-01,stage_ordinal,-0.16149857008242083
TCGA-B6-A0WX-01,Pathway_Immune,0.002510844805815683
TCGA-B6-A0WX-01,Pathway_Proliferation,-0.004427474587602042
TCGA-B6-A0WX-01,Pathway_DNA_Repair,0.05463017680443989
TCGA-B6-A0WX-01,Pathway_Metabolism,-0.12224762749587503
TCGA-B6-A0WX-01,Pathway_Stromal_EMT,0.5374470930090043
TCGA-B6-A0WX-01,Pathway_Apoptosis_Stress,0.09929158302318374
TCGA-B6-A0WX-01,Pathway_Hormone,0.21080078925747422
TCGA-B6-A0WX-01,age_at_dx,0.21645315872618137
TCGA-B6-A0WX-01,stage_ordinal,0.12493964220891055
TCGA-E2-A1LH-11,Pathway_Immune,0.15013064567168996
TCGA-E2-A1LH-11,Pathway_Proliferation,-0.8842800735676164
TCGA-E2-A1LH-11,Pathway_DNA_Repair,1.2519836667562543
TCGA-E2-A1LH-11,Pathway_Metabolism,-0.22793813892716452
TCGA-E2-A1LH-11,Pathway_Stromal_EMT,-0.30563041294349447
TCGA-E2-A1LH-11,Pathway_Apoptosis_Stress,-0.274622339413171
TCGA-E2-A1LH-11,Pathway_Hormone,0.04234028424091723
TCGA-E2-A1LH-11,age_at_dx,0.014258688323034516
TCGA-E2-A1LH-11,stage_ordinal,0.14736036463105576
TCGA-BH-A1F5-01,Pathway_Immune,-0.1006943318483251
TCGA-BH-A1F5-01,Pathway_Proliferation,-0.28803439298346195
TCGA-BH-A1F5-01,Pathway_DNA_Repair,-0.01802693098741454
TCGA-BH-A1F5-01,Pathway_Metabolism,-0.01675051166199768
TCGA-BH-A1F5-01,Pathway_Stromal_EMT,0.10067259412685194
TCGA-BH-A1F5-01,Pathway_Apoptosis_Stress,1.123265116829288
TCGA-BH-A1F5-01,Pathway_Hormone,-0.6418889218097706
TCGA-BH-A1F5-01,age_at_dx,-0.13341839723119728
TCGA-BH-A1F5-01,stage_ordinal,0.07391722045279533
TCGA-AO-A1KR-01,Pathway_Immune,0.033493300258684765
TCGA-AO-A1KR-01,Pathway_Proliferation,0.2892366096777852
TCGA-AO-A1KR-01,Pathway_DNA_Repair,-0.2533252897295319
TCGA-AO-A1KR-01,Pathway_Metabolism,0.18027493501390607
TCGA-AO-A1KR-01,Pathway_Stromal_EMT,-0.8763891298460883
TCGA-AO-A1KR-01,Pathway_Apoptosis_Stress,-0.02505714078793215
TCGA-AO-A1KR-01,Pathway_Hormone,-0.41373464504288643
TCGA-AO-A1KR-01,age_at_dx,-0.1344823728815909
TCGA-AO-A1KR-01,stage_ordinal,0.1745265229295639
TCGA-A2-A04T-01,Pathway_Immune,-0.043752669727191204
TCGA-A2-A04T-01,Pathway_Proliferation,0.48621621545271754
TCGA-A2-A04T-01,Pathway_DNA_Repair,-0.024584336373896322
TCGA-A2-A04T-01,Pathway_Metabolism,0.04237272620373775
TCGA-A2-A04T-01,Pathway_Stromal_EMT,-0.5729131093649108
TCGA-A2-A04T-01,Pathway_Apoptosis_Stress,-0.05334519366610248
TCGA-A2-A04T-01,Pathway_Hormone,-0.5670966481156149
TCGA-A2-A04T-01,age_at_dx,0.189567589759912
TCGA-A2-A04T-01,stage_ordinal,0.4029243399645858
TCGA-B6-A0IJ-01,Pathway_Immune,-0.11265025080633383
TCGA-B6-A0IJ-01,Pathway_Proliferation,0.4189919828250087
TCGA-B6-A0IJ-01,Pathway_DNA_Repair,0.1680665160633423
TCGA-B6-A0IJ-01,Pathway_Metabolism,-0.02577968689518825
TCGA-B6-A0IJ-01,Pathway_Stromal_EMT,-0.8644053972796601
TCGA-B6-A0IJ-01,Pathway_Apoptosis_Stress,-0.018163087018262837
TCGA-B6-A0IJ-01,Pathway_Hormone,-0.27933552251230975
TCGA-B6-A0IJ-01,age_at_dx,-0.5609320769101297
TCGA-B6-A0IJ-01,stage_ordinal,0.3747617329625508
TCGA-AR-A256-01,Pathway_Immune,-0.010537736188291286
TCGA-AR-A256-01,Pathway_Proliferation,0.12694996003363151
TCGA-AR-A256-01,Pathway_DNA_Repair,0.19585225026453493
TCGA-AR-A256-01,Pathway_Metabolism,-0.0945281670104271
TCGA-AR-A256-01,Pathway_Stromal_EMT,-0.1639629246839112
TCGA-AR-A256-01,Pathway_Apoptosis_Stress,-0.06557143521210403
TCGA-AR-A256-01,Pathway_Hormone,-0.25616459842104783
TCGA-AR-A256-01,age_at_dx,-0.2702151855713106
TCGA-AR-A256-01,stage_ordinal,0.25477160367819746
TCGA-AO-A03U-01,Pathway_Immune,-0.49510088886465753
TCGA-AO-A03U-01,Pathway_Proliferation,-0.13479478275126927
TCGA-AO-A03U-01,Pathway_DNA_Repair,0.829563448971553
TCGA-AO-A03U-01,Pathway_Metabolism,0.010684074996835248
TCGA-AO-A03U-01,Pathway_Stromal_EMT,1.0992986549259027
TCGA-AO-A03U-01,Pathway_Apoptosis_Stress,-0.9854425748205742
TCGA-AO-A03U-01,Pathway_Hormone,-0.20330349639004616
TCGA-AO-A03U-01,age_at_dx,0.3208580736369834
TCGA-AO-A03U-01,stage_ordinal,0.006944404198161386
TCGA-BH-A1EY-01,Pathway_Immune,0.13315962298152503
TCGA-BH-A1EY-01,Pathway_Proliferation,-0.2366182135053624
TCGA-BH-A1EY-01,Pathway_DNA_Repair,0.006334022241452773
TCGA-BH-A1EY-01,Pathway_Metabolism,-0.05079081922154517
TCGA-BH-A1EY-01,Pathway_Stromal_EMT,0.161628152813847
TCGA-BH-A1EY-01,Pathway_Apoptosis_Stress,-0.011313116540982484
TCGA-BH-A1EY-01,Pathway_Hormone,-0.33864069622478055
TCGA-BH-A1EY-01,age_at_dx,0.5433709013262263
TCGA-BH-A1EY-01,stage_ordinal,0.23308443241735544
TCGA-A2-A0ER-01,Pathway_Immune,-0.1634475578820631
TCGA-A2-A0ER-01,Pathway_Proliferation,0.8139381999049099
TCGA-A2-A0ER-01,Pathway_DNA_Repair,-0.25757721193901045
TCGA-A2-A0ER-01,Pathway_Metabolism,0.03925990831471172
TCGA-A2-A0ER-01,Pathway_Stromal_EMT,-0.4138080942002507
TCGA-A2-A0ER-01,Pathway_Apoptosis_Stress,0.12862397566172856
TCGA-A2-A0ER-01,Pathway_Hormone,-1.5038189652890168
TCGA-A2-A0ER-01,age_at_dx,0.14896282024004764
TCGA-A2-A0ER-01,stage_ordinal,0.07559371073519179
TCGA-A2-A0EQ-01,Pathway_Immune,-0.341647807613854
TCGA-A2-A0EQ-01,Pathway_Proliferation,0.43274277905527586
TCGA-A2-A0EQ-01,Pathway_DNA_Repair,0.07305125683424675
TCGA-A2-A0EQ-01,Pathway_Metabolism,0.15436579088905833
TCGA-A2-A0EQ-01,Pathway_Stromal_EMT,-0.4399143714413478
TCGA-A2-A0EQ-01,Pathway_Apoptosis_Stress,-0.08349623782940159
TCGA-A2-A0EQ-01,Pathway_Hormone,-0.3808762917586796
TCGA-A2-A0EQ-01,age_at_dx,0.1963547497013125
TCGA-A2-A0EQ-01,stage_ordinal,0.5730649529439416
TCGA-B6-A1KN-01,Pathway_Immune,0.006128198841278261
TCGA-B6-A1KN-01,Pathway_Proliferation,0.10357696049965856
TCGA-B6-A1KN-01,Pathway_DNA_Repair,-0.06741134787864618
TCGA-B6-A1KN-01,Pathway_Metabolism,-0.37788098080733595
TCGA-B6-A1KN-01,Pathway_Stromal_EMT,-0.032350460287808976
TCGA-B6-A1KN-01,Pathway_Apoptosis_Stress,-0.24136399945105153
TCGA-B6-A1KN-01,Pathway_Hormone,-0.033391741816008826
TCGA-B6-A1KN-01,age_at_dx,-0.00035407016619138905
TCGA-B6-A1KN-01,stage_ordinal,0.3172950935285082
TCGA-AO-A1KP-01,Pathway_Immune,0.008185871440717099
TCGA-AO-A1KP-01,Pathway_Proliferation,-0.01570254036755845
TCGA-AO-A1KP-01,Pathway_DNA_Repair,-0.08207844598745687
TCGA-AO-A1KP-01,Pathway_Metabolism,0.11096535796982246
TCGA-AO-A1KP-01,Pathway_Stromal_EMT,0.24749142580341243
TCGA-AO-A1KP-01,Pathway_Apoptosis_Stress,-0.1660868724289244
TCGA-AO-A1KP-01,Pathway_Hormone,0.007604730489316193
TCGA-AO-A1KP-01,age_at_dx,0.0925305202388627
TCGA-AO-A1KP-01,stage_ordinal,0.011639148000162074
TCGA-AR-A1AI-01,Pathway_Immune,-0.29093456173811355
TCGA-AR-A1AI-01,Pathway_Proliferation,0.21682690367392818
TCGA-AR-A1AI-01,Pathway_DNA_Repair,0.10342875167356709
TCGA-AR-A1AI-01,Pathway_Metabolism,0.005175472935384411
TCGA-AR-A1AI-01,Pathway_Stromal_EMT,-0.8575552536624366
TCGA-AR-A1AI-01,Pathway_Apoptosis_Stress,-0.011812653439763636
TCGA-AR-A1AI-01,Pathway_Hormone,-0.36625160960820247
TCGA-AR-A1AI-01,age_at_dx,-0.2908259745141799
TCGA-AR-A1AI-01,stage_ordinal,0.3117244887935354
TCGA-BH-A1FE-01,Pathway_Immune,0.1549640754460956
TCGA-BH-A1FE-01,Pathway_Proliferation,0.07806359570591971
TCGA-BH-A1FE-01,Pathway_DNA_Repair,0.010490919388119274
TCGA-BH-A1FE-01,Pathway_Metabolism,-0.2522670962281325
TCGA-BH-A1FE-01,Pathway_Stromal_EMT,0.12645365316432242
TCGA-BH-A1FE-01,Pathway_Apoptosis_Stress,0.020880817666209018
TCGA-BH-A1FE-01,Pathway_Hormone,-0.03972036398130031
TCGA-BH-A1FE-01,age_at_dx,0.11399135397397317
TCGA-BH-A1FE-01,stage_ordinal,-0.14007898815565073
TCGA-BH-A18K-11,Pathway_Immune,-0.14051320393036115
TCGA-BH-A18K-11,Pathway_Proliferation,-0.5391505403002886
TCGA-BH-A18K-11,Pathway_DNA_Repair,1.0658385682949336
TCGA-BH-A18K-11,Pathway_Metabolism,-0.12911316637601042
TCGA-BH-A18K-11,Pathway_Stromal_EMT,0.028103304527119306
TCGA-BH-A18K-11,Pathway_Apoptosis_Stress,0.029309680664423014
TCGA-BH-A18K-11,Pathway_Hormone,0.10816060942806287
TCGA-BH-A18K-11,age_at_dx,0.16503814092656877
TCGA-BH-A18K-11,stage_ordinal,0.24746600698939633
TCGA-B6-A0X5-01,Pathway_Immune,-0.347491942963316
TCGA-B6-A0X5-01,Pathway_Proliferation,0.557611191856016
TCGA-B6-A0X5-01,Pathway_DNA_Repair,-0.26852062298957735
TCGA-B6-A0X5-01,Pathway_Metabolism,0.23418261266507628
TCGA-B6-A0X5-01,Pathway_Stromal_EMT,-0.5466485541138724
TCGA-B6-A0X5-01,Pathway_Apoptosis_Stress,0.6706456637578594
TCGA-B6-A0X5-01,Pathway_Hormone,-0.48632591900429817
TCGA-B6-A0X5-01,age_at_dx,0.03221944626233664
TCGA-B6-A0X5-01,stage_ordinal,0.16790146343958942
TCGA-A2-A0CP-01,Pathway_Immune,0.00209863459755782
TCGA-A2-A0CP-01,Pathway_Proliferation,-0.35485712343553055
TCGA-A2-A0CP-01,Pathway_DNA_Repair,0.7452379495614018
TCGA-A2-A0CP-01,Pathway_Metabolism,0.004296639790663095
TCGA-A2-A0CP-01,Pathway_Stromal_EMT,0.6666874423083814
TCGA-A2-A0CP-01,Pathway_Apoptosis_Stress,-0.7605124293350072
TCGA-A2-A0CP-01,Pathway_Hormone,-0.43054799371319163
TCGA-A2-A0CP-01,age_at_dx,0.012798579089406558
TCGA-A2-A0CP-01,stage_ordinal,-0.1196256413354992
TCGA-BH-A1FE-06,Pathway_Immune,-0.04724863085896062
TCGA-BH-A1FE-06,Pathway_Proliferation,-0.11830707881055323
TCGA-BH-A1FE-06,Pathway_DNA_Repair,0.6699860250507602
TCGA-BH-A1FE-06,Pathway_Metabolism,-0.129206977144137
TCGA-BH-A1FE-06,Pathway_Stromal_EMT,0.4937855159126313
TCGA-BH-A1FE-06,Pathway_Apoptosis_Stress,-0.2951010008897528
TCGA-BH-A1FE-06,Pathway_Hormone,0.05762572536865589
TCGA-BH-A1FE-06,age_at_dx,0.29406539461120734
TCGA-BH-A1FE-06,stage_ordinal,0.10562504744890334
TCGA-B6-A0X7-01,Pathway_Immune,-0.28768325293218966
TCGA-B6-A0X7-01,Pathway_Proliferation,-0.4526167728197017
TCGA-B6-A0X7-01,Pathway_DNA_Repair,0.4270117690505647
TCGA-B6-A0X7-01,Pathway_Metabolism,-0.034969450510460104
TCGA-B6-A0X7-01,Pathway_Stromal_EMT,0.004163632232419673
TCGA-B6-A0X7-01,Pathway_Apoptosis_Stress,0.2343267709870282
TCGA-B6-A0X7-01,Pathway_Hormone,0.20468038506727568
TCGA-B6-A0X7-01,age_at_dx,-0.05365354893341235
TCGA-B6-A0X7-01,stage_ordinal,0.1801421511834799
TCGA-BH-A1EV-11,Pathway_Immune,-0.027319920007759905
TCGA-BH-A1EV-11,Pathway_Proliferation,-0.30345976723872325
TCGA-BH-A1EV-11,Pathway_DNA_Repair,1.1641164614365818
TCGA-BH-A1EV-11,Pathway_Metabolism,-0.2908378758311931
TCGA-BH-A1EV-11,Pathway_Stromal_EMT,0.14652148198201026
TCGA-BH-A1EV-11,Pathway_Apoptosis_Stress,-0.30219624053572874
TCGA-BH-A1EV-11,Pathway_Hormone,-0.004133774567381996
TCGA-BH-A1EV-11,age_at_dx,0.27225903662412515
TCGA-BH-A1EV-11,stage_ordinal,0.10650674928982767
TCGA-B6-A0X1-01,Pathway_Immune,-0.5073599959452272
TCGA-B6-A0X1-01,Pathway_Proliferation,0.11199761698341622
TCGA-B6-A0X1-01,Pathway_DNA_Repair,-0.298974774667487
TCGA-B6-A0X1-01,Pathway_Metabolism,-0.005486243151528768
TCGA-B6-A0X1-01,Pathway_Stromal_EMT,-1.046682963496917
TCGA-B6-A0X1-01,Pathway_Apoptosis_Stress,0.29221122359180257
TCGA-B6-A0X1-01,Pathway_Hormone,-0.5236458571996663
TCGA-B6-A0X1-01,age_at_dx,-0.06212711587237705
TCGA-B6-A0X1-01,stage_ordinal,0.23341480162036027
