candidate_id,feature_set,model,n_features,config,overall_cv_cindex,tnbc_cv_cindex,valid_tnbc_folds,composite_cv_cindex,fold_cindexes,fold_tnbc_cindexes
component7_interactions__DeepSurv__30028269,component7_interactions,DeepSurv,43,"{""dropout"": 0.1, ""epochs"": 120, ""hidden_dims"": [64, 32], ""lr"": 0.001, ""patience"": 15, ""tnbc_weight"": 1, ""weight_decay"": 0.0001}",0.6345928607106279,0.6475081699346406,4,0.6410505153226342,"[0.6416184971098265, 0.5898203592814372, 0.7130559540889526, 0.5787781350482315, 0.6496913580246914]","[0.5, NaN, 0.9444444444444444, 0.47058823529411764, 0.675]"
ensemble_top3__Rank_Average_Ensemble__265520,ensemble_top3,Rank_Average_Ensemble,0,"{""member_labels"": [""component7_interactions:DeepSurv"", ""seven_interactions:Elastic_Net_Cox"", ""seven_interactions:Random_Survival_Forest""], ""members"": [""component7_interactions__DeepSurv__30028269"", ""seven_interactions__Elastic_Net_Cox__26715411"", ""seven_interactions__Random_Survival_Forest__51797905""]}",0.6446729082721024,0.6280487804878049,1,0.6363608443799537,[],[]
seven_interactions__Elastic_Net_Cox__26715411,seven_interactions,Elastic_Net_Cox,14,"{""alpha"": 0.01, ""l1_ratio"": 0.1, ""tnbc_weight"": 1}",0.6234974848626104,0.6174428104575164,4,0.6204701476600634,"[0.6054913294797688, 0.5673652694610778, 0.6585365853658537, 0.6688102893890675, 0.6172839506172839]","[0.4166666666666667, NaN, 0.7222222222222222, 0.7058823529411765, 0.625]"
seven_interactions__Random_Survival_Forest__51797905,seven_interactions,Random_Survival_Forest,14,"{""max_depth"": null, ""max_features"": ""sqrt"", ""min_samples_leaf"": 3, ""n_estimators"": 300, ""tnbc_weight"": 1}",0.6032768798902228,0.634109477124183,4,0.618693178507203,"[0.6127167630057804, 0.5494011976047904, 0.648493543758967, 0.590032154340836, 0.6157407407407407]","[0.3333333333333333, NaN, 0.7222222222222222, 0.7058823529411765, 0.775]"
seven_interactions__Cox_PH__27132023,seven_interactions,Cox_PH,14,"{""penalizer"": 0.01, ""tnbc_weight"": 1}",0.6227599945643676,0.6111928104575164,4,0.616976402510942,"[0.6069364161849711, 0.5703592814371258, 0.6614060258249641, 0.6639871382636656, 0.6111111111111112]","[0.4166666666666667, NaN, 0.7222222222222222, 0.7058823529411765, 0.6]"
seven_interactions__Elastic_Net_Cox__54672886,seven_interactions,Elastic_Net_Cox,14,"{""alpha"": 0.001, ""l1_ratio"": 0.5, ""tnbc_weight"": 1}",0.6187977148052703,0.6111928104575164,4,0.6149952626313934,"[0.6011560693641619, 0.5673652694610778, 0.6585365853658537, 0.6527331189710611, 0.6141975308641975]","[0.4166666666666667, NaN, 0.7222222222222222, 0.7058823529411765, 0.6]"
seven_interactions__Elastic_Net_Cox__67150290,seven_interactions,Elastic_Net_Cox,14,"{""alpha"": 0.001, ""l1_ratio"": 0.1, ""tnbc_weight"": 1}",0.6185686554114243,0.6111928104575164,4,0.6148807329344703,"[0.5997109826589595, 0.5688622754491018, 0.6556671449067432, 0.6559485530546624, 0.6126543209876543]","[0.4166666666666667, NaN, 0.7222222222222222, 0.7058823529411765, 0.6]"
seven_interactions__Random_Survival_Forest__98373082,seven_interactions,Random_Survival_Forest,14,"{""max_depth"": 8, ""max_features"": ""sqrt"", ""min_samples_leaf"": 3, ""n_estimators"": 300, ""tnbc_weight"": 2}",0.6096204102724225,0.6118872549019607,4,0.6107538325871916,"[0.6473988439306358, 0.5778443113772455, 0.6327116212338594, 0.5852090032154341, 0.6049382716049383]","[0.5, NaN, 0.6666666666666666, 0.7058823529411765, 0.575]"
seven_interactions__DeepSurv__30028269,seven_interactions,DeepSurv,14,"{""dropout"": 0.1, ""epochs"": 120, ""hidden_dims"": [64, 32], ""lr"": 0.001, ""patience"": 15, ""tnbc_weight"": 1, ""weight_decay"": 0.0001}",0.627587716960801,0.5887254901960784,4,0.6081566035784397,"[0.6286127167630058, 0.5898203592814372, 0.6642754662840746, 0.6688102893890675, 0.5864197530864198]","[0.3333333333333333, NaN, 0.8333333333333334, 0.5882352941176471, 0.6]"
seven_interactions__DeepSurv__33872510,seven_interactions,DeepSurv,14,"{""dropout"": 0.2, ""epochs"": 150, ""hidden_dims"": [128, 64], ""lr"": 0.0005, ""patience"": 20, ""tnbc_weight"": 2, ""weight_decay"": 0.0001}",0.630684617966996,0.5777369281045751,4,0.6042107730357855,"[0.630057803468208, 0.5838323353293413, 0.6757532281205165, 0.6511254019292605, 0.6126543209876543]","[0.4166666666666667, NaN, 0.7222222222222222, 0.6470588235294118, 0.525]"
seven_interactions__Random_Survival_Forest__17704467,seven_interactions,Random_Survival_Forest,14,"{""max_depth"": null, ""max_features"": ""sqrt"", ""min_samples_leaf"": 3, ""n_estimators"": 300, ""tnbc_weight"": 2}",0.6112178767912952,0.5971813725490196,4,0.6041996246701574,"[0.6517341040462428, 0.5568862275449101, 0.6499282639885222, 0.5771704180064309, 0.6203703703703703]","[0.5, NaN, 0.6666666666666666, 0.6470588235294118, 0.575]"
seven_interactions__Elastic_Net_Cox__14445361,seven_interactions,Elastic_Net_Cox,14,"{""alpha"": 0.01, ""l1_ratio"": 0.5, ""tnbc_weight"": 1}",0.6226310333739493,0.5827205882352942,4,0.6026758108046217,"[0.611271676300578, 0.5733532934131736, 0.6614060258249641, 0.657556270096463, 0.6095679012345679]","[0.3333333333333333, NaN, 0.6666666666666666, 0.7058823529411765, 0.625]"
seven_interactions__Gradient_Boosted_Survival__86308654,seven_interactions,Gradient_Boosted_Survival,14,"{""learning_rate"": 0.1, ""max_depth"": 2, ""n_estimators"": 300, ""subsample"": 0.8, ""tnbc_weight"": 1}",0.5923804929959404,0.6069035947712419,4,0.5996420438835912,"[0.5447976878612717, 0.5404191616766467, 0.6284074605451937, 0.6109324758842444, 0.6373456790123457]","[0.3333333333333333, NaN, 0.7222222222222222, 0.6470588235294118, 0.725]"
component7_interactions__DeepSurv__33872510,component7_interactions,DeepSurv,43,"{""dropout"": 0.2, ""epochs"": 150, ""hidden_dims"": [128, 64], ""lr"": 0.0005, ""patience"": 20, ""tnbc_weight"": 2, ""weight_decay"": 0.0001}",0.6421437502815103,0.5477532679738562,4,0.5949485091276832,"[0.6011560693641619, 0.655688622754491, 0.7087517934002869, 0.5707395498392283, 0.6743827160493827]","[0.4166666666666667, NaN, 0.6111111111111112, 0.5882352941176471, 0.575]"
seven_receptor_interactions__Gradient_Boosted_Survival__86308654,seven_receptor_interactions,Gradient_Boosted_Survival,23,"{""learning_rate"": 0.1, ""max_depth"": 2, ""n_estimators"": 300, ""subsample"": 0.8, ""tnbc_weight"": 1}",0.6024566755457833,0.5812091503267974,4,0.5918329129362904,"[0.5476878612716763, 0.5673652694610778, 0.6212338593974175, 0.6479099678456591, 0.6280864197530864]","[0.4166666666666667, NaN, 0.6111111111111112, 0.6470588235294118, 0.65]"
seven_interactions__Gradient_Boosted_Survival__55990427,seven_interactions,Gradient_Boosted_Survival,14,"{""learning_rate"": 0.1, ""max_depth"": 2, ""n_estimators"": 300, ""subsample"": 0.8, ""tnbc_weight"": 2}",0.592080521252973,0.5888480392156863,4,0.5904642802343296,"[0.5491329479768786, 0.5434131736526946, 0.6040172166427547, 0.6141479099678456, 0.6496913580246914]","[0.4166666666666667, NaN, 0.6666666666666666, 0.6470588235294118, 0.625]"
seven_interactions__Cox_PH__38217836,seven_interactions,Cox_PH,14,"{""penalizer"": 0.1, ""tnbc_weight"": 1}",0.623893068914238,0.5541258169934641,4,0.589009442953851,"[0.6257225433526011, 0.5763473053892215, 0.6513629842180775, 0.6688102893890675, 0.5972222222222222]","[0.3333333333333333, NaN, 0.6111111111111112, 0.6470588235294118, 0.625]"
seven_interactions__Random_Survival_Forest__68189357,seven_interactions,Random_Survival_Forest,14,"{""max_depth"": 8, ""max_features"": ""sqrt"", ""min_samples_leaf"": 3, ""n_estimators"": 300, ""tnbc_weight"": 1}",0.5975396350055797,0.5776143790849673,4,0.5875770070452735,"[0.6040462427745664, 0.5598802395209581, 0.642754662840746, 0.5884244372990354, 0.5925925925925926]","[0.25, NaN, 0.7222222222222222, 0.5882352941176471, 0.75]"
seven__Random_Survival_Forest__17704467,seven,Random_Survival_Forest,9,"{""max_depth"": null, ""max_features"": ""sqrt"", ""min_samples_leaf"": 3, ""n_estimators"": 300, ""tnbc_weight"": 2}",0.5934612305602711,0.5769199346405228,4,0.5851905826003969,"[0.6184971098265896, 0.5598802395209581, 0.6341463414634146, 0.5884244372990354, 0.566358024691358]","[0.4166666666666667, NaN, 0.7777777777777778, 0.5882352941176471, 0.525]"
seven_receptor_interactions__Gradient_Boosted_Survival__64567194,seven_receptor_interactions,Gradient_Boosted_Survival,23,"{""learning_rate"": 0.03, ""max_depth"": 2, ""n_estimators"": 300, ""subsample"": 0.8, ""tnbc_weight"": 2}",0.6069416762567944,0.5624591503267975,4,0.5847004132917959,"[0.5823699421965318, 0.5958083832335329, 0.6398852223816356, 0.6302250803858521, 0.5864197530864198]","[0.4166666666666667, NaN, 0.6111111111111112, 0.6470588235294118, 0.575]"
seven_interactions__Gradient_Boosted_Survival__35238210,seven_interactions,Gradient_Boosted_Survival,14,"{""learning_rate"": 0.1, ""max_depth"": 2, ""n_estimators"": 100, ""subsample"": 0.8, ""tnbc_weight"": 1}",0.610497081297569,0.5587418300653595,4,0.5846194556814642,"[0.5924855491329479, 0.5838323353293413, 0.6556671449067432, 0.6109324758842444, 0.6095679012345679]","[0.3333333333333333, NaN, 0.7222222222222222, 0.5294117647058824, 0.65]"
seven__Random_Survival_Forest__98373082,seven,Random_Survival_Forest,9,"{""max_depth"": 8, ""max_features"": ""sqrt"", ""min_samples_leaf"": 3, ""n_estimators"": 300, ""tnbc_weight"": 2}",0.5905689838547372,0.5769199346405228,4,0.58374445924763,"[0.6026011560693642, 0.5598802395209581, 0.6355810616929699, 0.5884244372990354, 0.566358024691358]","[0.4166666666666667, NaN, 0.7777777777777778, 0.5882352941176471, 0.525]"
seven_interactions__Gradient_Boosted_Survival__49529126,seven_interactions,Gradient_Boosted_Survival,14,"{""learning_rate"": 0.03, ""max_depth"": 2, ""n_estimators"": 300, ""subsample"": 0.8, ""tnbc_weight"": 1}",0.6156866145389244,0.5511029411764705,4,0.5833947778576974,"[0.6184971098265896, 0.5808383233532934, 0.6398852223816356, 0.6157556270096463, 0.6234567901234568]","[0.3333333333333333, NaN, 0.6666666666666666, 0.5294117647058824, 0.675]"
component7_interactions__Gradient_Boosted_Survival__86308654,component7_interactions,Gradient_Boosted_Survival,43,"{""learning_rate"": 0.1, ""max_depth"": 2, ""n_estimators"": 300, ""subsample"": 0.8, ""tnbc_weight"": 1}",0.5899702591679106,0.5714869281045751,4,0.5807285936362429,"[0.5433526011560693, 0.5673652694610778, 0.6197991391678622, 0.5434083601286174, 0.6759259259259259]","[0.3333333333333333, NaN, 0.5555555555555556, 0.6470588235294118, 0.75]"
hallmark50_interactions__DeepSurv__30028269,hallmark50_interactions,DeepSurv,57,"{""dropout"": 0.1, ""epochs"": 120, ""hidden_dims"": [64, 32], ""lr"": 0.001, ""patience"": 15, ""tnbc_weight"": 1, ""weight_decay"": 0.0001}",0.6341827273001774,0.5249591503267974,4,0.5795709388134874,"[0.6372832369942196, 0.6197604790419161, 0.6987087517934003, 0.5932475884244373, 0.6219135802469136]","[0.3333333333333333, NaN, 0.4444444444444444, 0.6470588235294118, 0.675]"
seven_interactions__Gradient_Boosted_Survival__64567194,seven_interactions,Gradient_Boosted_Survival,14,"{""learning_rate"": 0.03, ""max_depth"": 2, ""n_estimators"": 300, ""subsample"": 0.8, ""tnbc_weight"": 2}",0.6114111712041914,0.5470588235294118,4,0.5792349973668016,"[0.6141618497109826, 0.5658682634730539, 0.6341463414634146, 0.6302250803858521, 0.6126543209876543]","[0.3333333333333333, NaN, 0.6666666666666666, 0.5882352941176471, 0.6]"
seven_interactions__Cox_PH__54196726,seven_interactions,Cox_PH,14,"{""penalizer"": 0.01, ""tnbc_weight"": 2}",0.6130845085010124,0.5437091503267975,4,0.5783968294139049,"[0.5982658959537572, 0.5583832335329342, 0.6556671449067432, 0.6543408360128617, 0.5987654320987654]","[0.4166666666666667, NaN, 0.6111111111111112, 0.6470588235294118, 0.5]"
seven_interactions__Gradient_Boosted_Survival__25159726,seven_interactions,Gradient_Boosted_Survival,14,"{""learning_rate"": 0.1, ""max_depth"": 1, ""n_estimators"": 300, ""subsample"": 0.8, ""tnbc_weight"": 1}",0.6064483059905799,0.5502859477124182,4,0.578367126851499,"[0.588150289017341, 0.5868263473053892, 0.6513629842180775, 0.5932475884244373, 0.6126543209876543]","[0.3333333333333333, NaN, 0.7222222222222222, 0.47058823529411764, 0.675]"
hallmark50__DeepSurv__30028269,hallmark50,DeepSurv,52,"{""dropout"": 0.1, ""epochs"": 120, ""hidden_dims"": [64, 32], ""lr"": 0.001, ""patience"": 15, ""tnbc_weight"": 1, ""weight_decay"": 0.0001}",0.6118128923678381,0.5448529411764705,4,0.5783329167721543,"[0.5939306358381503, 0.5344311377245509, 0.6700143472022956, 0.612540192926045, 0.6481481481481481]","[0.5, NaN, 0.5, 0.5294117647058824, 0.65]"
seven_interactions__Gradient_Boosted_Survival__40033950,seven_interactions,Gradient_Boosted_Survival,14,"{""learning_rate"": 0.1, ""max_depth"": 1, ""n_estimators"": 100, ""subsample"": 0.8, ""tnbc_weight"": 1}",0.6201593918516534,0.5362745098039216,4,0.5782169508277875,"[0.6351156069364162, 0.6197604790419161, 0.6814921090387375, 0.5980707395498392, 0.566358024691358]","[0.4166666666666667, NaN, 0.6666666666666666, 0.4117647058823529, 0.65]"
seven_interactions__Gradient_Boosted_Survival__25461787,seven_interactions,Gradient_Boosted_Survival,14,"{""learning_rate"": 0.03, ""max_depth"": 2, ""n_estimators"": 100, ""subsample"": 0.8, ""tnbc_weight"": 1}",0.6201026079595225,0.535702614379085,4,0.5779026111693037,"[0.6228323699421965, 0.6032934131736527, 0.6685796269727403, 0.610128617363344, 0.595679012345679]","[0.25, NaN, 0.7222222222222222, 0.47058823529411764, 0.7]"
seven_interactions__Elastic_Net_Cox__20395420,seven_interactions,Elastic_Net_Cox,14,"{""alpha"": 0.1, ""l1_ratio"": 0.1, ""tnbc_weight"": 1}",0.6221786103055075,0.531781045751634,4,0.5769798280285707,"[0.6459537572254336, 0.5793413173652695, 0.6398852223816356, 0.662379421221865, 0.5833333333333334]","[0.3333333333333333, NaN, 0.5555555555555556, 0.5882352941176471, 0.65]"
seven_interactions__Elastic_Net_Cox__84631173,seven_interactions,Elastic_Net_Cox,14,"{""alpha"": 0.001, ""l1_ratio"": 0.5, ""tnbc_weight"": 2}",0.6083755611671764,0.5437091503267975,4,0.5760423557469869,"[0.5997109826589595, 0.5553892215568862, 0.6370157819225251, 0.6479099678456591, 0.6018518518518519]","[0.4166666666666667, NaN, 0.6111111111111112, 0.6470588235294118, 0.5]"
seven_interactions__Cox_PH__57377928,seven_interactions,Cox_PH,14,"{""penalizer"": 0.1, ""tnbc_weight"": 2}",0.6177406304304814,0.5339869281045752,4,0.5758637792675283,"[0.6257225433526011, 0.5688622754491018, 0.6513629842180775, 0.6655948553054662, 0.5771604938271605]","[0.3333333333333333, NaN, 0.5555555555555556, 0.6470588235294118, 0.6]"
seven_interactions__Elastic_Net_Cox__37789696,seven_interactions,Elastic_Net_Cox,14,"{""alpha"": 0.001, ""l1_ratio"": 0.1, ""tnbc_weight"": 2}",0.6075693973075182,0.5437091503267975,4,0.5756392738171578,"[0.5982658959537572, 0.5538922155688623, 0.6327116212338594, 0.6511254019292605, 0.6018518518518519]","[0.4166666666666667, NaN, 0.6111111111111112, 0.6470588235294118, 0.5]"
hallmark50_interactions__Elastic_Net_Cox__14445361,hallmark50_interactions,Elastic_Net_Cox,57,"{""alpha"": 0.01, ""l1_ratio"": 0.5, ""tnbc_weight"": 1}",0.647962949459513,0.5024918300653596,4,0.5752273897624363,"[0.6329479768786127, 0.6691616766467066, 0.6929698708751794, 0.5610932475884244, 0.683641975308642]","[0.4166666666666667, NaN, 0.3888888888888889, 0.5294117647058824, 0.675]"
seven_interactions__Gradient_Boosted_Survival__48497425,seven_interactions,Gradient_Boosted_Survival,14,"{""learning_rate"": 0.1, ""max_depth"": 1, ""n_estimators"": 300, ""subsample"": 0.8, ""tnbc_weight"": 4}",0.5972086664411582,0.5526143790849674,4,0.5749115227630628,"[0.5953757225433526, 0.5479041916167665, 0.6255380200860832, 0.6446945337620579, 0.5725308641975309]","[0.4166666666666667, NaN, 0.5555555555555556, 0.5882352941176471, 0.65]"
hallmark50__Elastic_Net_Cox__14445361,hallmark50,Elastic_Net_Cox,52,"{""alpha"": 0.01, ""l1_ratio"": 0.5, ""tnbc_weight"": 1}",0.6594162604650651,0.49011437908496736,4,0.5747653197750162,"[0.6445086705202312, 0.6916167664670658, 0.7001434720229556, 0.5771704180064309, 0.683641975308642]","[0.3333333333333333, NaN, 0.3888888888888889, 0.5882352941176471, 0.65]"
seven_interactions__Gradient_Boosted_Survival__59073396,seven_interactions,Gradient_Boosted_Survival,14,"{""learning_rate"": 0.1, ""max_depth"": 1, ""n_estimators"": 300, ""subsample"": 0.8, ""tnbc_weight"": 2}",0.5988530611684135,0.5502859477124182,4,0.5745695044404159,"[0.6011560693641619, 0.5404191616766467, 0.6413199426111909, 0.6141479099678456, 0.5972222222222222]","[0.3333333333333333, NaN, 0.7222222222222222, 0.47058823529411764, 0.675]"
hallmark50__Elastic_Net_Cox__34729490,hallmark50,Elastic_Net_Cox,52,"{""alpha"": 0.01, ""l1_ratio"": 0.5, ""tnbc_weight"": 2}",0.6491434286895966,0.4985702614379085,4,0.5738568450637526,"[0.6228323699421965, 0.6661676646706587, 0.7187948350071736, 0.5836012861736335, 0.654320987654321]","[0.3333333333333333, NaN, 0.3888888888888889, 0.6470588235294118, 0.625]"
hallmark50__Elastic_Net_Cox__26715411,hallmark50,Elastic_Net_Cox,52,"{""alpha"": 0.01, ""l1_ratio"": 0.1, ""tnbc_weight"": 1}",0.657555671151338,0.49011437908496736,4,0.5738350251181527,"[0.638728323699422, 0.6931137724550899, 0.7044476327116213, 0.5755627009646302, 0.6759259259259259]","[0.3333333333333333, NaN, 0.3888888888888889, 0.5882352941176471, 0.65]"
hallmark50_interactions__Elastic_Net_Cox__26715411,hallmark50_interactions,Elastic_Net_Cox,57,"{""alpha"": 0.01, ""l1_ratio"": 0.1, ""tnbc_weight"": 1}",0.6451356958541477,0.5024918300653596,4,0.5738137629597536,"[0.619942196531792, 0.6676646706586826, 0.6915351506456241, 0.567524115755627, 0.6790123456790124]","[0.4166666666666667, NaN, 0.3888888888888889, 0.5294117647058824, 0.675]"
seven_receptor_interactions__Gradient_Boosted_Survival__55990427,seven_receptor_interactions,Gradient_Boosted_Survival,23,"{""learning_rate"": 0.1, ""max_depth"": 2, ""n_estimators"": 300, ""subsample"": 0.8, ""tnbc_weight"": 2}",0.5805604698866267,0.5665032679738562,4,0.5735318689302414,"[0.5578034682080925, 0.531437125748503, 0.5839311334289814, 0.6077170418006431, 0.6219135802469136]","[0.4166666666666667, NaN, 0.6111111111111112, 0.5882352941176471, 0.65]"
hallmark50__Cox_PH__27132023,hallmark50,Cox_PH,52,"{""penalizer"": 0.01, ""tnbc_weight"": 1}",0.6557996203760139,0.49011437908496736,4,0.5729569997304906,"[0.634393063583815, 0.6991017964071856, 0.6987087517934003, 0.5739549839228296, 0.6728395061728395]","[0.3333333333333333, NaN, 0.3888888888888889, 0.5882352941176471, 0.65]"
seven_interactions__Gradient_Boosted_Survival__99977102,seven_interactions,Gradient_Boosted_Survival,14,"{""learning_rate"": 0.1, ""max_depth"": 2, ""n_estimators"": 100, ""subsample"": 0.8, ""tnbc_weight"": 2}",0.5924827915779352,0.5533088235294118,4,0.5728958075536734,"[0.5910404624277457, 0.5508982035928144, 0.6183644189383071, 0.6141479099678456, 0.5879629629629629]","[0.3333333333333333, NaN, 0.6666666666666666, 0.5882352941176471, 0.625]"
seven_interactions__Random_Survival_Forest__19256622,seven_interactions,Random_Survival_Forest,14,"{""max_depth"": 4, ""max_features"": ""sqrt"", ""min_samples_leaf"": 3, ""n_estimators"": 300, ""tnbc_weight"": 1}",0.5994949529688355,0.5459967320261438,4,0.5727458424974896,"[0.6473988439306358, 0.5583832335329342, 0.6341463414634146, 0.5803858520900321, 0.5771604938271605]","[0.4166666666666667, NaN, 0.5555555555555556, 0.4117647058823529, 0.8]"
seven__Random_Survival_Forest__68189357,seven,Random_Survival_Forest,9,"{""max_depth"": 8, ""max_features"": ""sqrt"", ""min_samples_leaf"": 3, ""n_estimators"": 300, ""tnbc_weight"": 1}",0.5828753278538216,0.5622140522875817,4,0.5725446900707016,"[0.611271676300578, 0.5763473053892215, 0.6212338593974175, 0.5530546623794212, 0.5524691358024691]","[0.4166666666666667, NaN, 0.7777777777777778, 0.5294117647058824, 0.525]"
seven_interactions__Random_Survival_Forest__61682276,seven_interactions,Random_Survival_Forest,14,"{""max_depth"": 4, ""max_features"": ""sqrt"", ""min_samples_leaf"": 3, ""n_estimators"": 300, ""tnbc_weight"": 2}",0.6033649034080374,0.5415032679738563,4,0.5724340856909469,"[0.6416184971098265, 0.5703592814371258, 0.6226685796269728, 0.617363344051447, 0.5648148148148148]","[0.4166666666666667, NaN, 0.6111111111111112, 0.5882352941176471, 0.55]"
hallmark50__Cox_PH__38217836,hallmark50,Cox_PH,52,"{""penalizer"": 0.1, ""tnbc_weight"": 1}",0.6584417244856478,0.48639705882352946,4,0.5724193916545885,"[0.6690751445086706, 0.6526946107784432, 0.7116212338593975, 0.5659163987138264, 0.6929012345679012]","[0.4166666666666667, NaN, 0.3333333333333333, 0.47058823529411764, 0.725]"
seven_interactions__Gradient_Boosted_Survival__95165011,seven_interactions,Gradient_Boosted_Survival,14,"{""learning_rate"": 0.03, ""max_depth"": 2, ""n_estimators"": 300, ""subsample"": 0.8, ""tnbc_weight"": 4}",0.5887870015243235,0.5546977124183006,4,0.571742356971312,"[0.5939306358381503, 0.5658682634730539, 0.6040172166427547, 0.6045016077170418, 0.5756172839506173]","[0.5, NaN, 0.5555555555555556, 0.5882352941176471, 0.575]"
hallmark50_interactions__Cox_PH__27132023,hallmark50_interactions,Cox_PH,57,"{""penalizer"": 0.01, ""tnbc_weight"": 1}",0.6470645536765041,0.4962418300653595,4,0.5716531918709318,"[0.6228323699421965, 0.6691616766467066, 0.6857962697274032, 0.572347266881029, 0.6851851851851852]","[0.4166666666666667, NaN, 0.3888888888888889, 0.5294117647058824, 0.65]"
seven_interactions__Elastic_Net_Cox__38642087,seven_interactions,Elastic_Net_Cox,14,"{""alpha"": 0.01, ""l1_ratio"": 0.1, ""tnbc_weight"": 2}",0.6130314275831555,0.5290032679738562,4,0.5710173477785059,"[0.5982658959537572, 0.561377245508982, 0.6571018651362984, 0.6527331189710611, 0.595679012345679]","[0.4166666666666667, NaN, 0.6111111111111112, 0.5882352941176471, 0.5]"
hallmark50_interactions__Gradient_Boosted_Survival__59073396,hallmark50_interactions,Gradient_Boosted_Survival,57,"{""learning_rate"": 0.1, ""max_depth"": 1, ""n_estimators"": 300, ""subsample"": 0.8, ""tnbc_weight"": 2}",0.6290159720218901,0.5115196078431372,4,0.5702677899325137,"[0.7167630057803468, 0.6601796407185628, 0.5595408895265424, 0.545016077170418, 0.6635802469135802]","[0.3333333333333333, NaN, 0.3333333333333333, 0.5294117647058824, 0.85]"
seven_interactions__Elastic_Net_Cox__17352359,seven_interactions,Elastic_Net_Cox,14,"{""alpha"": 0.1, ""l1_ratio"": 0.1, ""tnbc_weight"": 2}",0.6148828674434368,0.525531045751634,4,0.5702069565975354,"[0.630057803468208, 0.5688622754491018, 0.648493543758967, 0.657556270096463, 0.5694444444444444]","[0.3333333333333333, NaN, 0.5555555555555556, 0.5882352941176471, 0.625]"
seven_receptor_interactions__Gradient_Boosted_Survival__99977102,seven_receptor_interactions,Gradient_Boosted_Survival,23,"{""learning_rate"": 0.1, ""max_depth"": 2, ""n_estimators"": 100, ""subsample"": 0.8, ""tnbc_weight"": 2}",0.5912697999369175,0.5477532679738562,4,0.5695115339553869,"[0.5765895953757225, 0.5598802395209581, 0.6169296987087518, 0.635048231511254, 0.5679012345679012]","[0.4166666666666667, NaN, 0.6111111111111112, 0.5882352941176471, 0.575]"
seven__Random_Survival_Forest__51797905,seven,Random_Survival_Forest,9,"{""max_depth"": null, ""max_features"": ""sqrt"", ""min_samples_leaf"": 3, ""n_estimators"": 300, ""tnbc_weight"": 1}",0.5830047980765297,0.5559640522875817,4,0.5694844251820557,"[0.6040462427745664, 0.5853293413173652, 0.6154949784791965, 0.5530546623794212, 0.5570987654320988]","[0.4166666666666667, NaN, 0.7777777777777778, 0.5294117647058824, 0.5]"
component7_interactions__Gradient_Boosted_Survival__25461787,component7_interactions,Gradient_Boosted_Survival,43,"{""learning_rate"": 0.03, ""max_depth"": 2, ""n_estimators"": 100, ""subsample"": 0.8, ""tnbc_weight"": 1}",0.6045049741529767,0.5325980392156863,4,0.5685515066843314,"[0.5823699421965318, 0.5958083832335329, 0.6470588235294118, 0.6093247588424437, 0.5879629629629629]","[0.3333333333333333, NaN, 0.5, 0.6470588235294118, 0.65]"
seven_receptor_interactions__Gradient_Boosted_Survival__66835057,seven_receptor_interactions,Gradient_Boosted_Survival,23,"{""learning_rate"": 0.03, ""max_depth"": 2, ""n_estimators"": 100, ""subsample"": 0.8, ""tnbc_weight"": 2}",0.6226519758197198,0.5137254901960784,4,0.5681887330078991,"[0.6119942196531792, 0.6062874251497006, 0.6807747489239598, 0.6463022508038585, 0.5679012345679012]","[0.25, NaN, 0.6666666666666666, 0.5882352941176471, 0.55]"
seven_interactions__Gradient_Boosted_Survival__66835057,seven_interactions,Gradient_Boosted_Survival,14,"{""learning_rate"": 0.03, ""max_depth"": 2, ""n_estimators"": 100, ""subsample"": 0.8, ""tnbc_weight"": 2}",0.6154983907830426,0.5205473856209151,4,0.5680228882019789,"[0.6358381502890174, 0.5703592814371258, 0.6657101865136298, 0.6237942122186495, 0.5817901234567902]","[0.4166666666666667, NaN, 0.6111111111111112, 0.5294117647058824, 0.525]"
hallmark50_interactions__Cox_PH__38217836,hallmark50_interactions,Cox_PH,57,"{""penalizer"": 0.1, ""tnbc_weight"": 1}",0.6537569626685987,0.48165849673202615,4,0.5677077297003125,"[0.6575144508670521, 0.6377245508982036, 0.7130559540889526, 0.5691318327974276, 0.691358024691358]","[0.3333333333333333, NaN, 0.3888888888888889, 0.5294117647058824, 0.675]"
seven_receptor_interactions__DeepSurv__33872510,seven_receptor_interactions,DeepSurv,23,"{""dropout"": 0.2, ""epochs"": 150, ""hidden_dims"": [128, 64], ""lr"": 0.0005, ""patience"": 20, ""tnbc_weight"": 2, ""weight_decay"": 0.0001}",0.6001145323166476,0.5336192810457516,4,0.5668669066811995,"[0.6242774566473989, 0.5508982035928144, 0.648493543758967, 0.6012861736334405, 0.5756172839506173]","[0.3333333333333333, NaN, 0.5555555555555556, 0.47058823529411764, 0.775]"
hallmark50_interactions__Elastic_Net_Cox__17352359,hallmark50_interactions,Elastic_Net_Cox,57,"{""alpha"": 0.1, ""l1_ratio"": 0.1, ""tnbc_weight"": 2}",0.6448196657546094,0.4888480392156863,4,0.5668338524851478,"[0.6416184971098265, 0.6062874251497006, 0.727403156384505, 0.5852090032154341, 0.6635802469135802]","[0.25, NaN, 0.3333333333333333, 0.6470588235294118, 0.725]"
seven_receptor_interactions__Gradient_Boosted_Survival__49529126,seven_receptor_interactions,Gradient_Boosted_Survival,23,"{""learning_rate"": 0.03, ""max_depth"": 2, ""n_estimators"": 300, ""subsample"": 0.8, ""tnbc_weight"": 1}",0.613233204226978,0.5199754901960785,4,0.5666043472115283,"[0.6054913294797688, 0.6032934131736527, 0.6456241032998565, 0.6237942122186495, 0.5879629629629629]","[0.25, NaN, 0.6666666666666666, 0.5882352941176471, 0.575]"
seven__Gradient_Boosted_Survival__55990427,seven,Gradient_Boosted_Survival,9,"{""learning_rate"": 0.1, ""max_depth"": 2, ""n_estimators"": 300, ""subsample"": 0.8, ""tnbc_weight"": 2}",0.570132103560863,0.5623366013071895,4,0.5662343524340263,"[0.5289017341040463, 0.5149700598802395, 0.6054519368723099, 0.594855305466238, 0.6064814814814815]","[0.3333333333333333, NaN, 0.7777777777777778, 0.5882352941176471, 0.55]"
seven_receptor_interactions__Gradient_Boosted_Survival__25159726,seven_receptor_interactions,Gradient_Boosted_Survival,23,"{""learning_rate"": 0.1, ""max_depth"": 1, ""n_estimators"": 300, ""subsample"": 0.8, ""tnbc_weight"": 1}",0.5995843222383485,0.5323529411764706,4,0.5659686317074095,"[0.6026011560693642, 0.5973053892215568, 0.6355810616929699, 0.5868167202572347, 0.5756172839506173]","[0.3333333333333333, NaN, 0.6666666666666666, 0.5294117647058824, 0.6]"
seven_receptor_interactions__Gradient_Boosted_Survival__35238210,seven_receptor_interactions,Gradient_Boosted_Survival,23,"{""learning_rate"": 0.1, ""max_depth"": 2, ""n_estimators"": 100, ""subsample"": 0.8, ""tnbc_weight"": 1}",0.6115652535627691,0.5199754901960785,4,0.5657703718794238,"[0.6026011560693642, 0.6197604790419161, 0.6370157819225251, 0.6382636655948553, 0.5601851851851852]","[0.25, NaN, 0.6666666666666666, 0.5882352941176471, 0.575]"
seven_interactions__Gradient_Boosted_Survival__35443320,seven_interactions,Gradient_Boosted_Survival,14,"{""learning_rate"": 0.03, ""max_depth"": 1, ""n_estimators"": 300, ""subsample"": 0.8, ""tnbc_weight"": 2}",0.6215681986758548,0.5091911764705882,4,0.5653796875732215,"[0.6445086705202312, 0.592814371257485, 0.6814921090387375, 0.614951768488746, 0.5740740740740741]","[0.3333333333333333, NaN, 0.6666666666666666, 0.4117647058823529, 0.625]"
component7_interactions__Cox_PH__39129403,component7_interactions,Cox_PH,43,"{""penalizer"": 1.0, ""tnbc_weight"": 1}",0.6300573354067016,0.4997140522875817,4,0.5648856938471416,"[0.6372832369942196, 0.5793413173652695, 0.6743185078909613, 0.6559485530546624, 0.6033950617283951]","[0.3333333333333333, NaN, 0.6111111111111112, 0.5294117647058824, 0.525]"
seven_interactions__Elastic_Net_Cox__34729490,seven_interactions,Elastic_Net_Cox,14,"{""alpha"": 0.01, ""l1_ratio"": 0.5, ""tnbc_weight"": 2}",0.6143161676844987,0.5151143790849674,4,0.564715273384733,"[0.6011560693641619, 0.5643712574850299, 0.6542324246771879, 0.6607717041800643, 0.5910493827160493]","[0.4166666666666667, NaN, 0.5555555555555556, 0.5882352941176471, 0.5]"
seven_interactions__Gradient_Boosted_Survival__76801816,seven_interactions,Gradient_Boosted_Survival,14,"{""learning_rate"": 0.03, ""max_depth"": 2, ""n_estimators"": 100, ""subsample"": 0.8, ""tnbc_weight"": 4}",0.5867601863420653,0.5420751633986928,4,0.5644176748703791,"[0.6271676300578035, 0.5688622754491018, 0.5738880918220947, 0.6036977491961415, 0.5601851851851852]","[0.5833333333333334, NaN, 0.5555555555555556, 0.5294117647058824, 0.5]"
hallmark50__Cox_PH__54196726,hallmark50,Cox_PH,52,"{""penalizer"": 0.01, ""tnbc_weight"": 2}",0.6446421353896685,0.4838643790849673,4,0.5642532572373179,"[0.6011560693641619, 0.6796407185628742, 0.703012912482066, 0.5819935691318328, 0.6574074074074074]","[0.3333333333333333, NaN, 0.3888888888888889, 0.5882352941176471, 0.625]"
component7_interactions__Gradient_Boosted_Survival__35238210,component7_interactions,Gradient_Boosted_Survival,43,"{""learning_rate"": 0.1, ""max_depth"": 2, ""n_estimators"": 100, ""subsample"": 0.8, ""tnbc_weight"": 1}",0.6202859603047124,0.5072303921568627,4,0.5637581762307875,"[0.596820809248555, 0.5913173652694611, 0.629842180774749, 0.6028938906752411, 0.6805555555555556]","[0.3333333333333333, NaN, 0.5, 0.47058823529411764, 0.725]"
seven_interactions__Gradient_Boosted_Survival__24560118,seven_interactions,Gradient_Boosted_Survival,14,"{""learning_rate"": 0.03, ""max_depth"": 1, ""n_estimators"": 100, ""subsample"": 0.8, ""tnbc_weight"": 1}",0.6176999156885422,0.5078022875816994,4,0.5627511016351208,"[0.6416184971098265, 0.6130239520958084, 0.6901004304160688, 0.6020900321543409, 0.5416666666666666]","[0.2916666666666667, NaN, 0.7777777777777778, 0.4117647058823529, 0.55]"
seven_receptor_interactions__Gradient_Boosted_Survival__25461787,seven_receptor_interactions,Gradient_Boosted_Survival,23,"{""learning_rate"": 0.03, ""max_depth"": 2, ""n_estimators"": 100, ""subsample"": 0.8, ""tnbc_weight"": 1}",0.6136201019150717,0.5107026143790849,4,0.5621613581470783,"[0.6213872832369942, 0.625748502994012, 0.667144906743185, 0.6028938906752411, 0.5509259259259259]","[0.25, NaN, 0.7222222222222222, 0.47058823529411764, 0.6]"
seven_receptor_interactions__Gradient_Boosted_Survival__59073396,seven_receptor_interactions,Gradient_Boosted_Survival,23,"{""learning_rate"": 0.1, ""max_depth"": 1, ""n_estimators"": 300, ""subsample"": 0.8, ""tnbc_weight"": 2}",0.6047472832178575,0.5184640522875817,4,0.5616056677527197,"[0.5852601156069365, 0.5718562874251497, 0.6441893830703013, 0.6205787781350482, 0.6018518518518519]","[0.3333333333333333, NaN, 0.6111111111111112, 0.5294117647058824, 0.6]"
seven_interactions__Gradient_Boosted_Survival__21419151,seven_interactions,Gradient_Boosted_Survival,14,"{""learning_rate"": 0.1, ""max_depth"": 2, ""n_estimators"": 100, ""subsample"": 0.8, ""tnbc_weight"": 4}",0.582976031719631,0.5399918300653594,4,0.5614839308924953,"[0.6054913294797688, 0.5583832335329342, 0.5753228120516499, 0.6093247588424437, 0.566358024691358]","[0.5, NaN, 0.5555555555555556, 0.5294117647058824, 0.575]"
hallmark50_interactions__Elastic_Net_Cox__34729490,hallmark50_interactions,Elastic_Net_Cox,57,"{""alpha"": 0.01, ""l1_ratio"": 0.5, ""tnbc_weight"": 2}",0.6376241745617081,0.4838643790849673,4,0.5607442768233377,"[0.6054913294797688, 0.6437125748502994, 0.7058823529411765, 0.5771704180064309, 0.6558641975308642]","[0.3333333333333333, NaN, 0.3888888888888889, 0.5882352941176471, 0.625]"
seven_interactions__Gradient_Boosted_Survival__63990083,seven_interactions,Gradient_Boosted_Survival,14,"{""learning_rate"": 0.1, ""max_depth"": 1, ""n_estimators"": 100, ""subsample"": 0.8, ""tnbc_weight"": 4}",0.5967595369785694,0.5245915032679739,4,0.5606755201232716,"[0.6141618497109826, 0.5748502994011976, 0.6319942611190817, 0.614951768488746, 0.5478395061728395]","[0.4166666666666667, NaN, 0.6111111111111112, 0.47058823529411764, 0.6]"
seven_interactions__Gradient_Boosted_Survival__29530055,seven_interactions,Gradient_Boosted_Survival,14,"{""learning_rate"": 0.1, ""max_depth"": 2, ""n_estimators"": 300, ""subsample"": 0.8, ""tnbc_weight"": 4}",0.5737744328103672,0.5470588235294118,4,0.5604166281698895,"[0.5491329479768786, 0.5449101796407185, 0.5868005738880918, 0.6093247588424437, 0.5787037037037037]","[0.3333333333333333, NaN, 0.6666666666666666, 0.5882352941176471, 0.6]"
component7_interactions__Gradient_Boosted_Survival__48497425,component7_interactions,Gradient_Boosted_Survival,43,"{""learning_rate"": 0.1, ""max_depth"": 1, ""n_estimators"": 300, ""subsample"": 0.8, ""tnbc_weight"": 4}",0.6151796010080307,0.5052696078431372,4,0.560224604425584,"[0.5867052023121387, 0.5568862275449101, 0.6513629842180775, 0.617363344051447, 0.6635802469135802]","[0.25, NaN, 0.6666666666666666, 0.5294117647058824, 0.575]"
component7_interactions__Gradient_Boosted_Survival__59073396,component7_interactions,Gradient_Boosted_Survival,43,"{""learning_rate"": 0.1, ""max_depth"": 1, ""n_estimators"": 300, ""subsample"": 0.8, ""tnbc_weight"": 2}",0.6155919659050231,0.5046977124183006,4,0.5601448391616619,"[0.5924855491329479, 0.5718562874251497, 0.648493543758967, 0.6077170418006431, 0.6574074074074074]","[0.25, NaN, 0.5555555555555556, 0.5882352941176471, 0.625]"
hallmark50_interactions__DeepSurv__33872510,hallmark50_interactions,DeepSurv,57,"{""dropout"": 0.2, ""epochs"": 150, ""hidden_dims"": [128, 64], ""lr"": 0.0005, ""patience"": 20, ""tnbc_weight"": 2, ""weight_decay"": 0.0001}",0.6437126317322753,0.4763480392156863,4,0.5600303354739808,"[0.6011560693641619, 0.6661676646706587, 0.667144906743185, 0.6189710610932476, 0.6651234567901234]","[0.25, NaN, 0.3333333333333333, 0.6470588235294118, 0.675]"
seven_receptor_interactions__Random_Survival_Forest__17704467,seven_receptor_interactions,Random_Survival_Forest,23,"{""max_depth"": null, ""max_features"": ""sqrt"", ""min_samples_leaf"": 3, ""n_estimators"": 300, ""tnbc_weight"": 2}",0.6003484749736571,0.5187091503267974,4,0.5595288126502272,"[0.6170520231213873, 0.5793413173652695, 0.6355810616929699, 0.6157556270096463, 0.5540123456790124]","[0.4166666666666667, NaN, 0.6111111111111112, 0.6470588235294118, 0.4]"
seven_receptor_interactions__Gradient_Boosted_Survival__24560118,seven_receptor_interactions,Gradient_Boosted_Survival,23,"{""learning_rate"": 0.03, ""max_depth"": 1, ""n_estimators"": 100, ""subsample"": 0.8, ""tnbc_weight"": 1}",0.611277872119605,0.507107843137255,4,0.55919285762843,"[0.638728323699422, 0.6384730538922155, 0.6915351506456241, 0.5884244372990354, 0.4992283950617284]","[0.3333333333333333, NaN, 0.8333333333333334, 0.4117647058823529, 0.45]"
seven_receptor_interactions__Random_Survival_Forest__61682276,seven_receptor_interactions,Random_Survival_Forest,23,"{""max_depth"": 4, ""max_features"": ""sqrt"", ""min_samples_leaf"": 3, ""n_estimators"": 300, ""tnbc_weight"": 2}",0.6062262064530609,0.5110702614379085,4,0.5586482339454847,"[0.6271676300578035, 0.6122754491017964, 0.624103299856528, 0.6382636655948553, 0.529320987654321]","[0.4166666666666667, NaN, 0.5555555555555556, 0.6470588235294118, 0.425]"
hallmark50_interactions__Elastic_Net_Cox__38642087,hallmark50_interactions,Elastic_Net_Cox,57,"{""alpha"": 0.01, ""l1_ratio"": 0.1, ""tnbc_weight"": 2}",0.6333391666618368,0.4838643790849673,4,0.5586017728734021,"[0.5982658959537572, 0.6377245508982036, 0.7073170731707317, 0.567524115755627, 0.6558641975308642]","[0.3333333333333333, NaN, 0.3888888888888889, 0.5882352941176471, 0.625]"
seven_interactions__Gradient_Boosted_Survival__14255483,seven_interactions,Gradient_Boosted_Survival,14,"{""learning_rate"": 0.1, ""max_depth"": 1, ""n_estimators"": 100, ""subsample"": 0.8, ""tnbc_weight"": 2}",0.6123149202993156,0.5029411764705882,4,0.5576280483849518,"[0.6170520231213873, 0.5958083832335329, 0.6649928263988523, 0.617363344051447, 0.566358024691358]","[0.3333333333333333, NaN, 0.6666666666666666, 0.4117647058823529, 0.6]"
hallmark50__Random_Survival_Forest__17704467,hallmark50,Random_Survival_Forest,52,"{""max_depth"": null, ""max_features"": ""sqrt"", ""min_samples_leaf"": 3, ""n_estimators"": 300, ""tnbc_weight"": 2}",0.607786946126053,0.5073529411764706,4,0.5575699436512618,"[0.6748554913294798, 0.5913173652694611, 0.5911047345767575, 0.5659163987138264, 0.6157407407407407]","[0.25, NaN, 0.5, 0.5294117647058824, 0.75]"
hallmark50_interactions__Random_Survival_Forest__68189357,hallmark50_interactions,Random_Survival_Forest,57,"{""max_depth"": 8, ""max_features"": ""sqrt"", ""min_samples_leaf"": 3, ""n_estimators"": 300, ""tnbc_weight"": 1}",0.5949222637562364,0.5198529411764705,4,0.5573876024663534,"[0.6416184971098265, 0.5988023952095808, 0.5781922525107605, 0.5418006430868167, 0.6141975308641975]","[0.25, NaN, 0.5, 0.5294117647058824, 0.8]"
seven_receptor_interactions__DeepSurv__30028269,seven_receptor_interactions,DeepSurv,23,"{""dropout"": 0.1, ""epochs"": 120, ""hidden_dims"": [64, 32], ""lr"": 0.001, ""patience"": 15, ""tnbc_weight"": 1, ""weight_decay"": 0.0001}",0.6004971882338109,0.5141748366013073,4,0.557336012417559,"[0.6459537572254336, 0.5538922155688623, 0.593974175035868, 0.5852090032154341, 0.6234567901234568]","[0.4166666666666667, NaN, 0.4444444444444444, 0.47058823529411764, 0.725]"
hallmark50_interactions__Cox_PH__54196726,hallmark50_interactions,Cox_PH,57,"{""penalizer"": 0.01, ""tnbc_weight"": 2}",0.6306904924160548,0.4838643790849673,4,0.557277435750511,"[0.5939306358381503, 0.6362275449101796, 0.7015781922525107, 0.5643086816720257, 0.6574074074074074]","[0.3333333333333333, NaN, 0.3888888888888889, 0.5882352941176471, 0.625]"
component7_interactions__Gradient_Boosted_Survival__66835057,component7_interactions,Gradient_Boosted_Survival,43,"{""learning_rate"": 0.03, ""max_depth"": 2, ""n_estimators"": 100, ""subsample"": 0.8, ""tnbc_weight"": 2}",0.6027967080434309,0.5115196078431372,4,0.557158157943284,"[0.588150289017341, 0.5778443113772455, 0.6685796269727403, 0.5868167202572347, 0.5925925925925926]","[0.25, NaN, 0.6666666666666666, 0.5294117647058824, 0.6]"
seven_receptor_interactions__Random_Survival_Forest__51797905,seven_receptor_interactions,Random_Survival_Forest,23,"{""max_depth"": null, ""max_features"": ""sqrt"", ""min_samples_leaf"": 3, ""n_estimators"": 300, ""tnbc_weight"": 1}",0.5976210500996393,0.5165032679738563,4,0.5570621590367477,"[0.6286127167630058, 0.5748502994011976, 0.6355810616929699, 0.5996784565916399, 0.5493827160493827]","[0.4166666666666667, NaN, 0.6111111111111112, 0.5882352941176471, 0.45]"
hallmark50_interactions__Cox_PH__57377928,hallmark50_interactions,Cox_PH,57,"{""penalizer"": 0.1, ""tnbc_weight"": 2}",0.6445398001140841,0.469281045751634,4,0.556910422932859,"[0.6358381502890174, 0.6137724550898204, 0.7216642754662841, 0.5739549839228296, 0.6774691358024691]","[0.25, NaN, 0.3888888888888889, 0.5882352941176471, 0.65]"
seven_receptor_interactions__Gradient_Boosted_Survival__63990083,seven_receptor_interactions,Gradient_Boosted_Survival,23,"{""learning_rate"": 0.1, ""max_depth"": 1, ""n_estimators"": 100, ""subsample"": 0.8, ""tnbc_weight"": 4}",0.6016645166205157,0.511968954248366,4,0.5568167354344409,"[0.6119942196531792, 0.5793413173652695, 0.6606886657101865, 0.6262057877813505, 0.5300925925925926]","[0.5, NaN, 0.6111111111111112, 0.4117647058823529, 0.525]"
hallmark50__Elastic_Net_Cox__38642087,hallmark50,Elastic_Net_Cox,52,"{""alpha"": 0.01, ""l1_ratio"": 0.1, ""tnbc_weight"": 2}",0.6490609465762397,0.463031045751634,4,0.5560459961639368,"[0.611271676300578, 0.6781437125748503, 0.7101865136298422, 0.5852090032154341, 0.6604938271604939]","[0.25, NaN, 0.3888888888888889, 0.5882352941176471, 0.625]"
component7_interactions__Gradient_Boosted_Survival__55990427,component7_interactions,Gradient_Boosted_Survival,43,"{""learning_rate"": 0.1, ""max_depth"": 2, ""n_estimators"": 300, ""subsample"": 0.8, ""tnbc_weight"": 2}",0.5874788168909871,0.5238153594771242,4,0.5556470881840556,"[0.5664739884393064, 0.5389221556886228, 0.6197991391678622, 0.5578778135048231, 0.654320987654321]","[0.25, NaN, 0.5555555555555556, 0.7647058823529411, 0.525]"
seven__Gradient_Boosted_Survival__24560118,seven,Gradient_Boosted_Survival,9,"{""learning_rate"": 0.03, ""max_depth"": 1, ""n_estimators"": 100, ""subsample"": 0.8, ""tnbc_weight"": 1}",0.6297538393168084,0.4797998366013072,4,0.5547768379590579,"[0.6408959537572254, 0.6160179640718563, 0.6664275466284074, 0.6760450160771704, 0.5493827160493827]","[0.20833333333333334, NaN, 0.7777777777777778, 0.47058823529411764, 0.4625]"
hallmark50_interactions__Elastic_Net_Cox__67150290,hallmark50_interactions,Elastic_Net_Cox,57,"{""alpha"": 0.001, ""l1_ratio"": 0.1, ""tnbc_weight"": 1}",0.6191765715491486,0.4899918300653595,4,0.5545842008072541,"[0.5708092485549133, 0.6541916167664671, 0.6642754662840746, 0.572347266881029, 0.6342592592592593]","[0.4166666666666667, NaN, 0.3888888888888889, 0.5294117647058824, 0.625]"
seven__Random_Survival_Forest__28082283,seven,Random_Survival_Forest,9,"{""max_depth"": 8, ""max_features"": ""sqrt"", ""min_samples_leaf"": 10, ""n_estimators"": 300, ""tnbc_weight"": 2}",0.5932760353514763,0.5158088235294118,4,0.5545424294404441,"[0.6242774566473989, 0.5973053892215568, 0.6370157819225251, 0.6093247588424437, 0.4984567901234568]","[0.3333333333333333, NaN, 0.6666666666666666, 0.5882352941176471, 0.475]"
hallmark50_interactions__Elastic_Net_Cox__54672886,hallmark50_interactions,Elastic_Net_Cox,57,"{""alpha"": 0.001, ""l1_ratio"": 0.5, ""tnbc_weight"": 1}",0.6190744024755731,0.4899918300653595,4,0.5545331162704663,"[0.5722543352601156, 0.655688622754491, 0.6657101865136298, 0.5659163987138264, 0.6358024691358025]","[0.4166666666666667, NaN, 0.3888888888888889, 0.5294117647058824, 0.625]"
seven__Gradient_Boosted_Survival__25461787,seven,Gradient_Boosted_Survival,9,"{""learning_rate"": 0.03, ""max_depth"": 2, ""n_estimators"": 100, ""subsample"": 0.8, ""tnbc_weight"": 1}",0.6094197153498765,0.49808006535947713,4,0.5537498903546768,"[0.6416184971098265, 0.6062874251497006, 0.6599713055954088, 0.5852090032154341, 0.5540123456790124]","[0.3333333333333333, NaN, 0.7222222222222222, 0.4117647058823529, 0.525]"
seven__DeepSurv__30028269,seven,DeepSurv,9,"{""dropout"": 0.1, ""epochs"": 120, ""hidden_dims"": [64, 32], ""lr"": 0.001, ""patience"": 15, ""tnbc_weight"": 1, ""weight_decay"": 0.0001}",0.6016643529883074,0.505718954248366,4,0.5536916536183367,"[0.6416184971098265, 0.5808383233532934, 0.6083213773314203, 0.5787781350482315, 0.5987654320987654]","[0.25, NaN, 0.6111111111111112, 0.4117647058823529, 0.75]"
component7_interactions__Gradient_Boosted_Survival__49529126,component7_interactions,Gradient_Boosted_Survival,43,"{""learning_rate"": 0.03, ""max_depth"": 2, ""n_estimators"": 300, ""subsample"": 0.8, ""tnbc_weight"": 1}",0.6038835450895628,0.5024918300653596,4,0.5531876875774612,"[0.5751445086705202, 0.5748502994011976, 0.642754662840746, 0.572347266881029, 0.654320987654321]","[0.25, NaN, 0.5555555555555556, 0.5294117647058824, 0.675]"
seven_interactions__Gradient_Boosted_Survival__57812431,seven_interactions,Gradient_Boosted_Survival,14,"{""learning_rate"": 0.03, ""max_depth"": 1, ""n_estimators"": 300, ""subsample"": 0.8, ""tnbc_weight"": 1}",0.6164601582434965,0.4890522875816994,4,0.552756222912598,"[0.6372832369942196, 0.6062874251497006, 0.6800573888091822, 0.5892282958199357, 0.5694444444444444]","[0.3333333333333333, NaN, 0.6111111111111112, 0.4117647058823529, 0.6]"
hallmark50__Elastic_Net_Cox__54672886,hallmark50,Elastic_Net_Cox,52,"{""alpha"": 0.001, ""l1_ratio"": 0.5, ""tnbc_weight"": 1}",0.6349164859562334,0.4699754901960784,4,0.5524459880761559,"[0.5997109826589595, 0.6991017964071856, 0.6642754662840746, 0.5787781350482315, 0.6327160493827161]","[0.3333333333333333, NaN, 0.3333333333333333, 0.5882352941176471, 0.625]"
seven_receptor_interactions__Random_Survival_Forest__68189357,seven_receptor_interactions,Random_Survival_Forest,23,"{""max_depth"": 8, ""max_features"": ""sqrt"", ""min_samples_leaf"": 3, ""n_estimators"": 300, ""tnbc_weight"": 1}",0.5953031439087283,0.5095588235294118,4,0.5524309837190701,"[0.6242774566473989, 0.5883233532934131, 0.6341463414634146, 0.5803858520900321, 0.5493827160493827]","[0.3333333333333333, NaN, 0.6666666666666666, 0.5882352941176471, 0.45]"
hallmark50_interactions__Random_Survival_Forest__51797905,hallmark50_interactions,Random_Survival_Forest,57,"{""max_depth"": null, ""max_features"": ""sqrt"", ""min_samples_leaf"": 3, ""n_estimators"": 300, ""tnbc_weight"": 1}",0.5993306610435255,0.5051470588235294,4,0.5522388599335275,"[0.6430635838150289, 0.6062874251497006, 0.5824964131994261, 0.5305466237942122, 0.6342592592592593]","[0.25, NaN, 0.5, 0.47058823529411764, 0.8]"
hallmark50_interactions__Gradient_Boosted_Survival__25159726,hallmark50_interactions,Gradient_Boosted_Survival,57,"{""learning_rate"": 0.1, ""max_depth"": 1, ""n_estimators"": 300, ""subsample"": 0.8, ""tnbc_weight"": 1}",0.6199786682221757,0.4844362745098039,4,0.5522074713659898,"[0.6676300578034682, 0.6497005988023952, 0.5609756097560976, 0.5610932475884244, 0.6604938271604939]","[0.25, NaN, 0.3333333333333333, 0.5294117647058824, 0.825]"
hallmark50__Elastic_Net_Cox__67150290,hallmark50,Elastic_Net_Cox,52,"{""alpha"": 0.001, ""l1_ratio"": 0.1, ""tnbc_weight"": 1}",0.6343838787745237,0.4699754901960784,4,0.5521796844853011,"[0.5953757225433526, 0.6991017964071856, 0.6642754662840746, 0.5819935691318328, 0.6311728395061729]","[0.3333333333333333, NaN, 0.3333333333333333, 0.5882352941176471, 0.625]"
seven_receptor_interactions__Gradient_Boosted_Survival__40033950,seven_receptor_interactions,Gradient_Boosted_Survival,23,"{""learning_rate"": 0.1, ""max_depth"": 1, ""n_estimators"": 100, ""subsample"": 0.8, ""tnbc_weight"": 1}",0.6059120809867196,0.49808006535947713,4,0.5519960731730984,"[0.6163294797687862, 0.624251497005988, 0.6836441893830703, 0.5868167202572347, 0.5185185185185185]","[0.3333333333333333, NaN, 0.7222222222222222, 0.4117647058823529, 0.525]"
component7_interactions__Cox_PH__38217836,component7_interactions,Cox_PH,43,"{""penalizer"": 0.1, ""tnbc_weight"": 1}",0.6350014579800931,0.46834150326797386,4,0.5516714806240335,"[0.6011560693641619, 0.6062874251497006, 0.6757532281205165, 0.6189710610932476, 0.6728395061728395]","[0.3333333333333333, NaN, 0.4444444444444444, 0.47058823529411764, 0.625]"
component7_interactions__Cox_PH__84838888,component7_interactions,Cox_PH,43,"{""penalizer"": 1.0, ""tnbc_weight"": 2}",0.6166513036741831,0.48664215686274503,4,0.551646730268464,"[0.6213872832369942, 0.5748502994011976, 0.6542324246771879, 0.6479099678456591, 0.5848765432098766]","[0.3333333333333333, NaN, 0.5, 0.5882352941176471, 0.525]"
component7_interactions__Gradient_Boosted_Survival__76801816,component7_interactions,Gradient_Boosted_Survival,43,"{""learning_rate"": 0.03, ""max_depth"": 2, ""n_estimators"": 100, ""subsample"": 0.8, ""tnbc_weight"": 4}",0.5877375936477414,0.5149918300653595,4,0.5513647118565504,"[0.5534682080924855, 0.561377245508982, 0.6456241032998565, 0.5763665594855305, 0.6018518518518519]","[0.3333333333333333, NaN, 0.7222222222222222, 0.5294117647058824, 0.475]"
hallmark50_interactions__Elastic_Net_Cox__20395420,hallmark50_interactions,Elastic_Net_Cox,57,"{""alpha"": 0.1, ""l1_ratio"": 0.1, ""tnbc_weight"": 1}",0.6482128553860107,0.4531862745098039,4,0.5506995649479073,"[0.6473988439306358, 0.6227544910179641, 0.7130559540889526, 0.5803858520900321, 0.6774691358024691]","[0.25, NaN, 0.3333333333333333, 0.5294117647058824, 0.7]"
seven_receptor_interactions__Gradient_Boosted_Survival__76801816,seven_receptor_interactions,Gradient_Boosted_Survival,23,"{""learning_rate"": 0.03, ""max_depth"": 2, ""n_estimators"": 100, ""subsample"": 0.8, ""tnbc_weight"": 4}",0.5933797795849085,0.5066584967320261,4,0.5500191381584674,"[0.6307803468208093, 0.5920658682634731, 0.6205164992826399, 0.617363344051447, 0.5061728395061729]","[0.4166666666666667, NaN, 0.5555555555555556, 0.5294117647058824, 0.525]"
seven__Gradient_Boosted_Survival__99977102,seven,Gradient_Boosted_Survival,9,"{""learning_rate"": 0.1, ""max_depth"": 2, ""n_estimators"": 100, ""subsample"": 0.8, ""tnbc_weight"": 2}",0.5793002023133168,0.5198529411764705,4,0.5495765717448937,"[0.5910404624277457, 0.5538922155688623, 0.6111908177905309, 0.5755627009646302, 0.5648148148148148]","[0.3333333333333333, NaN, 0.6666666666666666, 0.5294117647058824, 0.55]"
hallmark50__Random_Survival_Forest__51797905,hallmark50,Random_Survival_Forest,52,"{""max_depth"": null, ""max_features"": ""sqrt"", ""min_samples_leaf"": 3, ""n_estimators"": 300, ""tnbc_weight"": 1}",0.6065495335694171,0.4925245098039216,4,0.5495370216866693,"[0.6763005780346821, 0.5913173652694611, 0.6111908177905309, 0.5289389067524116, 0.625]","[0.3333333333333333, NaN, 0.5, 0.4117647058823529, 0.725]"
seven_interactions__Gradient_Boosted_Survival__34011741,seven_interactions,Gradient_Boosted_Survival,14,"{""learning_rate"": 0.03, ""max_depth"": 1, ""n_estimators"": 300, ""subsample"": 0.8, ""tnbc_weight"": 4}",0.5937284727523714,0.5043300653594771,4,0.5490292690559242,"[0.6141618497109826, 0.5711077844311377, 0.6319942611190817, 0.6189710610932476, 0.5324074074074074]","[0.5, NaN, 0.5555555555555556, 0.4117647058823529, 0.55]"
seven_receptor_interactions__Gradient_Boosted_Survival__35443320,seven_receptor_interactions,Gradient_Boosted_Survival,23,"{""learning_rate"": 0.03, ""max_depth"": 1, ""n_estimators"": 300, ""subsample"": 0.8, ""tnbc_weight"": 2}",0.6109285246004086,0.48639705882352946,4,0.5486627917119691,"[0.6047687861271677, 0.6152694610778443, 0.6857962697274032, 0.6318327974276527, 0.5169753086419753]","[0.3333333333333333, NaN, 0.6666666666666666, 0.47058823529411764, 0.475]"
seven_receptor_interactions__Gradient_Boosted_Survival__29530055,seven_receptor_interactions,Gradient_Boosted_Survival,23,"{""learning_rate"": 0.1, ""max_depth"": 2, ""n_estimators"": 300, ""subsample"": 0.8, ""tnbc_weight"": 4}",0.58451912599928,0.5122140522875818,4,0.5483665891434308,"[0.5679190751445087, 0.5523952095808383, 0.5911047345767575, 0.6093247588424437, 0.6018518518518519]","[0.3333333333333333, NaN, 0.6111111111111112, 0.5294117647058824, 0.575]"
component7_interactions__Elastic_Net_Cox__20395420,component7_interactions,Elastic_Net_Cox,43,"{""alpha"": 0.1, ""l1_ratio"": 0.1, ""tnbc_weight"": 1}",0.6348278040238986,0.4612745098039216,4,0.5480511569139102,"[0.6054913294797688, 0.6017964071856288, 0.6800573888091822, 0.6093247588424437, 0.6774691358024691]","[0.3333333333333333, NaN, 0.5, 0.4117647058823529, 0.6]"
seven_interactions__Elastic_Net_Cox__58147672,seven_interactions,Elastic_Net_Cox,14,"{""alpha"": 0.1, ""l1_ratio"": 0.1, ""tnbc_weight"": 4}",0.6075982096604153,0.48790849673202613,4,0.5477533531962208,"[0.619942196531792, 0.5673652694610778, 0.6585365853658537, 0.635048231511254, 0.5570987654320988]","[0.4166666666666667, NaN, 0.5555555555555556, 0.5294117647058824, 0.45]"
seven__Random_Survival_Forest__74813842,seven,Random_Survival_Forest,9,"{""max_depth"": null, ""max_features"": ""sqrt"", ""min_samples_leaf"": 10, ""n_estimators"": 300, ""tnbc_weight"": 2}",0.5932781086466057,0.5019199346405229,4,0.5475990216435642,"[0.6257225433526011, 0.5973053892215568, 0.6355810616929699, 0.6093247588424437, 0.4984567901234568]","[0.3333333333333333, NaN, 0.6111111111111112, 0.5882352941176471, 0.475]"
component7_interactions__Elastic_Net_Cox__17352359,component7_interactions,Elastic_Net_Cox,43,"{""alpha"": 0.1, ""l1_ratio"": 0.1, ""tnbc_weight"": 2}",0.6313249700021929,0.4634803921568627,4,0.5474026810795278,"[0.6127167630057804, 0.592814371257485, 0.6843615494978479, 0.6093247588424437, 0.6574074074074074]","[0.3333333333333333, NaN, 0.5, 0.47058823529411764, 0.55]"
component7_interactions__Gradient_Boosted_Survival__64567194,component7_interactions,Gradient_Boosted_Survival,43,"{""learning_rate"": 0.03, ""max_depth"": 2, ""n_estimators"": 300, ""subsample"": 0.8, ""tnbc_weight"": 2}",0.6040109720598593,0.49068627450980395,4,0.5473486232848317,"[0.5765895953757225, 0.5733532934131736, 0.6413199426111909, 0.5868167202572347, 0.6419753086419753]","[0.16666666666666666, NaN, 0.6666666666666666, 0.5294117647058824, 0.6]"
hallmark50_interactions__Gradient_Boosted_Survival__86308654,hallmark50_interactions,Gradient_Boosted_Survival,57,"{""learning_rate"": 0.1, ""max_depth"": 2, ""n_estimators"": 300, ""subsample"": 0.8, ""tnbc_weight"": 1}",0.6256130148097964,0.46776960784313726,4,0.5466913113264669,"[0.6632947976878613, 0.6347305389221557, 0.539454806312769, 0.5884244372990354, 0.7021604938271605]","[0.25, NaN, 0.16666666666666666, 0.5294117647058824, 0.925]"
component7_interactions__Gradient_Boosted_Survival__99977102,component7_interactions,Gradient_Boosted_Survival,43,"{""learning_rate"": 0.1, ""max_depth"": 2, ""n_estimators"": 100, ""subsample"": 0.8, ""tnbc_weight"": 2}",0.593078923612947,0.4997140522875817,4,0.5463964879502643,"[0.5606936416184971, 0.5434131736526946, 0.6169296987087518, 0.6286173633440515, 0.6157407407407407]","[0.3333333333333333, NaN, 0.6111111111111112, 0.5294117647058824, 0.525]"
seven_receptor_interactions__Gradient_Boosted_Survival__57812431,seven_receptor_interactions,Gradient_Boosted_Survival,23,"{""learning_rate"": 0.03, ""max_depth"": 1, ""n_estimators"": 300, ""subsample"": 0.8, ""tnbc_weight"": 1}",0.6071403416012044,0.4855800653594772,4,0.5463602034803408,"[0.6293352601156069, 0.6197604790419161, 0.6908177905308465, 0.5988745980707395, 0.49691358024691357]","[0.3333333333333333, NaN, 0.7222222222222222, 0.4117647058823529, 0.475]"
seven__Gradient_Boosted_Survival__64567194,seven,Gradient_Boosted_Survival,9,"{""learning_rate"": 0.03, ""max_depth"": 2, ""n_estimators"": 300, ""subsample"": 0.8, ""tnbc_weight"": 2}",0.592602740117936,0.4997140522875817,4,0.5461583962027589,"[0.596820809248555, 0.5329341317365269, 0.6312769010043041, 0.6109324758842444, 0.5910493827160493]","[0.3333333333333333, NaN, 0.6111111111111112, 0.5294117647058824, 0.525]"
component7_interactions__Random_Survival_Forest__51797905,component7_interactions,Random_Survival_Forest,43,"{""max_depth"": null, ""max_features"": ""sqrt"", ""min_samples_leaf"": 3, ""n_estimators"": 300, ""tnbc_weight"": 1}",0.595060638592566,0.4959967320261438,4,0.5455286853093548,"[0.5910404624277457, 0.5703592814371258, 0.6456241032998565, 0.5401929260450161, 0.6280864197530864]","[0.25, NaN, 0.7222222222222222, 0.4117647058823529, 0.6]"
seven_interactions__Elastic_Net_Cox__67695194,seven_interactions,Elastic_Net_Cox,14,"{""alpha"": 0.01, ""l1_ratio"": 0.5, ""tnbc_weight"": 4}",0.6012909133708979,0.48790849673202613,4,0.544599705051462,"[0.5895953757225434, 0.5523952095808383, 0.6599713055954088, 0.635048231511254, 0.5694444444444444]","[0.4166666666666667, NaN, 0.5555555555555556, 0.5294117647058824, 0.45]"
seven_receptor_interactions__Gradient_Boosted_Survival__48497425,seven_receptor_interactions,Gradient_Boosted_Survival,23,"{""learning_rate"": 0.1, ""max_depth"": 1, ""n_estimators"": 300, ""subsample"": 0.8, ""tnbc_weight"": 4}",0.5891079201255871,0.4998366013071896,4,0.5444722607163883,"[0.5722543352601156, 0.561377245508982, 0.6126255380200861, 0.6205787781350482, 0.5787037037037037]","[0.4166666666666667, NaN, 0.4444444444444444, 0.5882352941176471, 0.55]"
hallmark50__Random_Survival_Forest__98373082,hallmark50,Random_Survival_Forest,52,"{""max_depth"": 8, ""max_features"": ""sqrt"", ""min_samples_leaf"": 3, ""n_estimators"": 300, ""tnbc_weight"": 2}",0.6092290883543277,0.47957516339869277,4,0.5444021258765102,"[0.6719653179190751, 0.5958083832335329, 0.5968436154949784, 0.5627009646302251, 0.6188271604938271]","[0.25, NaN, 0.3888888888888889, 0.5294117647058824, 0.75]"
hallmark50__Cox_PH__57377928,hallmark50,Cox_PH,52,"{""penalizer"": 0.1, ""tnbc_weight"": 2}",0.6481013090875278,0.4401143790849673,4,0.5441078440862476,"[0.638728323699422, 0.6227544910179641, 0.7230989956958394, 0.5707395498392283, 0.6851851851851852]","[0.25, NaN, 0.2222222222222222, 0.5882352941176471, 0.7]"
seven__Random_Survival_Forest__61682276,seven,Random_Survival_Forest,9,"{""max_depth"": 4, ""max_features"": ""sqrt"", ""min_samples_leaf"": 3, ""n_estimators"": 300, ""tnbc_weight"": 2}",0.5941747123208467,0.4934640522875817,4,0.5438193823042142,"[0.6213872832369942, 0.5658682634730539, 0.6312769010043041, 0.6045016077170418, 0.5478395061728395]","[0.3333333333333333, NaN, 0.6111111111111112, 0.5294117647058824, 0.5]"
component7_interactions__Gradient_Boosted_Survival__95165011,component7_interactions,Gradient_Boosted_Survival,43,"{""learning_rate"": 0.03, ""max_depth"": 2, ""n_estimators"": 300, ""subsample"": 0.8, ""tnbc_weight"": 4}",0.5997662858084586,0.48721405228758174,4,0.5434901690480202,"[0.5823699421965318, 0.5793413173652695, 0.6226685796269728, 0.5755627009646302, 0.6388888888888888]","[0.3333333333333333, NaN, 0.6111111111111112, 0.5294117647058824, 0.475]"
seven_interactions__Cox_PH__84838888,seven_interactions,Cox_PH,14,"{""penalizer"": 1.0, ""tnbc_weight"": 2}",0.5926152856887885,0.494281045751634,4,0.5434481657202113,"[0.6488439306358381, 0.5583832335329342, 0.6083213773314203, 0.6768488745980707, 0.470679012345679]","[0.3333333333333333, NaN, 0.5555555555555556, 0.5882352941176471, 0.5]"
hallmark50_interactions__Random_Survival_Forest__19256622,hallmark50_interactions,Random_Survival_Forest,57,"{""max_depth"": 4, ""max_features"": ""sqrt"", ""min_samples_leaf"": 3, ""n_estimators"": 300, ""tnbc_weight"": 1}",0.6003748587698405,0.48639705882352946,4,0.5433859587966849,"[0.6676300578034682, 0.6017964071856288, 0.5868005738880918, 0.5530546623794212, 0.5925925925925926]","[0.25, NaN, 0.5, 0.47058823529411764, 0.725]"
seven__Gradient_Boosted_Survival__95165011,seven,Gradient_Boosted_Survival,9,"{""learning_rate"": 0.03, ""max_depth"": 2, ""n_estimators"": 300, ""subsample"": 0.8, ""tnbc_weight"": 4}",0.5863917723899655,0.49959150326797386,4,0.5429916378289696,"[0.5549132947976878, 0.5688622754491018, 0.6269727403156384, 0.5932475884244373, 0.5879629629629629]","[0.4166666666666667, NaN, 0.6111111111111112, 0.47058823529411764, 0.5]"
seven_interactions__Cox_PH__38277093,seven_interactions,Cox_PH,14,"{""penalizer"": 0.01, ""tnbc_weight"": 4}",0.597692820763444,0.48790849673202613,4,0.5428006587477351,"[0.5939306358381503, 0.5553892215568862, 0.642754662840746, 0.6254019292604501, 0.5709876543209876]","[0.4166666666666667, NaN, 0.5555555555555556, 0.5294117647058824, 0.45]"
hallmark50__Gradient_Boosted_Survival__59073396,hallmark50,Gradient_Boosted_Survival,52,"{""learning_rate"": 0.1, ""max_depth"": 1, ""n_estimators"": 300, ""subsample"": 0.8, ""tnbc_weight"": 2}",0.6281384413485542,0.4573529411764706,4,0.5427456912625124,"[0.7066473988439307, 0.655688622754491, 0.563845050215208, 0.5385852090032154, 0.6759259259259259]","[0.16666666666666666, NaN, 0.3333333333333333, 0.5294117647058824, 0.8]"
seven_interactions__Cox_PH__39129403,seven_interactions,Cox_PH,14,"{""penalizer"": 1.0, ""tnbc_weight"": 1}",0.5994938519835292,0.48582516339869275,4,0.5426595076911109,"[0.6676300578034682, 0.5598802395209581, 0.624103299856528, 0.6736334405144695, 0.4722222222222222]","[0.3333333333333333, NaN, 0.5555555555555556, 0.5294117647058824, 0.525]"
seven__DeepSurv__33872510,seven,DeepSurv,9,"{""dropout"": 0.2, ""epochs"": 150, ""hidden_dims"": [128, 64], ""lr"": 0.0005, ""patience"": 20, ""tnbc_weight"": 2, ""weight_decay"": 0.0001}",0.5974946479339476,0.4874591503267973,4,0.5424768991303724,"[0.6184971098265896, 0.5508982035928144, 0.6169296987087518, 0.6286173633440515, 0.5725308641975309]","[0.3333333333333333, NaN, 0.4444444444444444, 0.6470588235294118, 0.525]"
seven_receptor_interactions__Random_Survival_Forest__98373082,seven_receptor_interactions,Random_Survival_Forest,23,"{""max_depth"": 8, ""max_features"": ""sqrt"", ""min_samples_leaf"": 3, ""n_estimators"": 300, ""tnbc_weight"": 2}",0.5942905047223552,0.49011437908496736,4,0.5422024419036613,"[0.6127167630057804, 0.5823353293413174, 0.6255380200860832, 0.6061093247588425, 0.5447530864197531]","[0.4166666666666667, NaN, 0.5555555555555556, 0.5882352941176471, 0.4]"
hallmark50__Elastic_Net_Cox__67695194,hallmark50,Elastic_Net_Cox,52,"{""alpha"": 0.01, ""l1_ratio"": 0.5, ""tnbc_weight"": 4}",0.6166456351102442,0.46744281045751634,4,0.5420442227838802,"[0.5838150289017341, 0.6182634730538922, 0.7087517934002869, 0.5659163987138264, 0.6064814814814815]","[0.25, NaN, 0.3888888888888889, 0.7058823529411765, 0.525]"
seven_interactions__Elastic_Net_Cox__93224128,seven_interactions,Elastic_Net_Cox,14,"{""alpha"": 0.01, ""l1_ratio"": 0.1, ""tnbc_weight"": 4}",0.5955640003779796,0.48790849673202613,4,0.5417362485550029,"[0.5924855491329479, 0.5464071856287425, 0.6456241032998565, 0.6254019292604501, 0.5679012345679012]","[0.4166666666666667, NaN, 0.5555555555555556, 0.5294117647058824, 0.45]"
seven_interactions__Random_Survival_Forest__28082283,seven_interactions,Random_Survival_Forest,14,"{""max_depth"": 8, ""max_features"": ""sqrt"", ""min_samples_leaf"": 10, ""n_estimators"": 300, ""tnbc_weight"": 2}",0.5924698900479928,0.490359477124183,4,0.5414146835860879,"[0.6315028901734104, 0.5823353293413174, 0.6312769010043041, 0.6141479099678456, 0.5030864197530864]","[0.25, NaN, 0.5555555555555556, 0.7058823529411765, 0.45]"
seven_interactions__Random_Survival_Forest__74813842,seven_interactions,Random_Survival_Forest,14,"{""max_depth"": null, ""max_features"": ""sqrt"", ""min_samples_leaf"": 10, ""n_estimators"": 300, ""tnbc_weight"": 2}",0.5921829460020817,0.490359477124183,4,0.5412712115631323,"[0.6315028901734104, 0.5823353293413174, 0.629842180774749, 0.6141479099678456, 0.5030864197530864]","[0.25, NaN, 0.5555555555555556, 0.7058823529411765, 0.45]"
seven_interactions__Elastic_Net_Cox__65419333,seven_interactions,Elastic_Net_Cox,14,"{""alpha"": 0.1, ""l1_ratio"": 0.5, ""tnbc_weight"": 1}",0.6043038599666745,0.47818627450980394,4,0.5412450672382392,"[0.6575144508670521, 0.6032934131736527, 0.6068866571018652, 0.6414790996784566, 0.5123456790123457]","[0.3333333333333333, NaN, 0.5, 0.5294117647058824, 0.55]"
hallmark50__Elastic_Net_Cox__37789696,hallmark50,Elastic_Net_Cox,52,"{""alpha"": 0.001, ""l1_ratio"": 0.1, ""tnbc_weight"": 2}",0.6194015918826538,0.463031045751634,4,0.5412163188171439,"[0.569364161849711, 0.6766467065868264, 0.6814921090387375, 0.5707395498392283, 0.5987654320987654]","[0.25, NaN, 0.3888888888888889, 0.5882352941176471, 0.625]"
hallmark50__Random_Survival_Forest__61682276,hallmark50,Random_Survival_Forest,52,"{""max_depth"": 4, ""max_features"": ""sqrt"", ""min_samples_leaf"": 3, ""n_estimators"": 300, ""tnbc_weight"": 2}",0.5949203420487132,0.48721405228758174,4,0.5410671971681476,"[0.6734104046242775, 0.5718562874251497, 0.593974175035868, 0.5659163987138264, 0.5694444444444444]","[0.25, NaN, 0.4444444444444444, 0.5294117647058824, 0.725]"
hallmark50_interactions__Gradient_Boosted_Survival__55990427,hallmark50_interactions,Gradient_Boosted_Survival,57,"{""learning_rate"": 0.1, ""max_depth"": 2, ""n_estimators"": 300, ""subsample"": 0.8, ""tnbc_weight"": 2}",0.6260459172508754,0.45526960784313725,4,0.5406577625470064,"[0.653179190751445, 0.6781437125748503, 0.5480631276901005, 0.5594855305466238, 0.691358024691358]","[0.25, NaN, 0.16666666666666666, 0.5294117647058824, 0.875]"
seven__Elastic_Net_Cox__17352359,seven,Elastic_Net_Cox,9,"{""alpha"": 0.1, ""l1_ratio"": 0.1, ""tnbc_weight"": 2}",0.5848865408126972,0.495547385620915,4,0.5402169632168061,"[0.6141618497109826, 0.5239520958083832, 0.5710186513629842, 0.6736334405144695, 0.5416666666666666]","[0.3333333333333333, NaN, 0.4444444444444444, 0.5294117647058824, 0.675]"
seven_receptor_interactions__Cox_PH__39129403,seven_receptor_interactions,Cox_PH,23,"{""penalizer"": 1.0, ""tnbc_weight"": 1}",0.5814359606866071,0.49869281045751634,4,0.5400643855720617,"[0.6517341040462428, 0.5374251497005988, 0.6025824964131994, 0.6463022508038585, 0.4691358024691358]","[0.5, NaN, 0.3888888888888889, 0.7058823529411765, 0.4]"
hallmark50__Random_Survival_Forest__19256622,hallmark50,Random_Survival_Forest,52,"{""max_depth"": 4, ""max_features"": ""sqrt"", ""min_samples_leaf"": 3, ""n_estimators"": 300, ""tnbc_weight"": 1}",0.6007272785593517,0.47863562091503264,4,0.5396814497371922,"[0.6791907514450867, 0.5898203592814372, 0.5954088952654233, 0.5466237942122186, 0.5925925925925926]","[0.3333333333333333, NaN, 0.4444444444444444, 0.4117647058823529, 0.725]"
seven_receptor_interactions__Cox_PH__84838888,seven_receptor_interactions,Cox_PH,23,"{""penalizer"": 1.0, ""tnbc_weight"": 2}",0.5831931602572528,0.4946486928104575,4,0.5389209265338551,"[0.6575144508670521, 0.5464071856287425, 0.5982783357245337, 0.6430868167202572, 0.470679012345679]","[0.5, NaN, 0.3888888888888889, 0.7647058823529411, 0.325]"
seven_receptor_interactions__Gradient_Boosted_Survival__95165011,seven_receptor_interactions,Gradient_Boosted_Survival,23,"{""learning_rate"": 0.03, ""max_depth"": 2, ""n_estimators"": 300, ""subsample"": 0.8, ""tnbc_weight"": 4}",0.583581409332485,0.49415849673202616,4,0.5388699530322556,"[0.5751445086705202, 0.5808383233532934, 0.6111908177905309, 0.6028938906752411, 0.5478395061728395]","[0.4166666666666667, NaN, 0.5555555555555556, 0.5294117647058824, 0.475]"
seven_interactions__Cox_PH__90172333,seven_interactions,Cox_PH,14,"{""penalizer"": 0.1, ""tnbc_weight"": 4}",0.6100497698511094,0.46707516339869276,4,0.538562466624901,"[0.611271676300578, 0.5688622754491018, 0.6685796269727403, 0.6382636655948553, 0.5632716049382716]","[0.3333333333333333, NaN, 0.5555555555555556, 0.5294117647058824, 0.45]"
seven__Gradient_Boosted_Survival__63990083,seven,Gradient_Boosted_Survival,9,"{""learning_rate"": 0.1, ""max_depth"": 1, ""n_estimators"": 100, ""subsample"": 0.8, ""tnbc_weight"": 4}",0.5825652479160001,0.49415849673202616,4,0.5383618723240131,"[0.5736994219653179, 0.5568862275449101, 0.6040172166427547, 0.614951768488746, 0.5632716049382716]","[0.4166666666666667, NaN, 0.5555555555555556, 0.5294117647058824, 0.475]"
hallmark50_interactions__Gradient_Boosted_Survival__35238210,hallmark50_interactions,Gradient_Boosted_Survival,57,"{""learning_rate"": 0.1, ""max_depth"": 2, ""n_estimators"": 100, ""subsample"": 0.8, ""tnbc_weight"": 1}",0.62259617369526,0.4528186274509804,4,0.5377074005731202,"[0.6719653179190751, 0.6317365269461078, 0.5724533715925395, 0.5562700964630225, 0.6805555555555556]","[0.25, NaN, 0.3333333333333333, 0.35294117647058826, 0.875]"
component7_interactions__Cox_PH__57377928,component7_interactions,Cox_PH,43,"{""penalizer"": 0.1, ""tnbc_weight"": 2}",0.6243273589948617,0.44959150326797387,4,0.5369594311314178,"[0.6026011560693642, 0.5838323353293413, 0.6700143472022956, 0.6093247588424437, 0.6558641975308642]","[0.3333333333333333, NaN, 0.4444444444444444, 0.47058823529411764, 0.55]"
hallmark50_interactions__Gradient_Boosted_Survival__99977102,hallmark50_interactions,Gradient_Boosted_Survival,57,"{""learning_rate"": 0.1, ""max_depth"": 2, ""n_estimators"": 100, ""subsample"": 0.8, ""tnbc_weight"": 2}",0.6260948967824408,0.44738562091503264,4,0.5367402588487367,"[0.661849710982659, 0.688622754491018, 0.5710186513629842, 0.5546623794212219, 0.654320987654321]","[0.25, NaN, 0.2777777777777778, 0.4117647058823529, 0.85]"
hallmark50__Gradient_Boosted_Survival__48497425,hallmark50,Gradient_Boosted_Survival,52,"{""learning_rate"": 0.1, ""max_depth"": 1, ""n_estimators"": 300, ""subsample"": 0.8, ""tnbc_weight"": 4}",0.615238608930445,0.45804738562091507,4,0.5366429972756801,"[0.6734104046242775, 0.6511976047904192, 0.5624103299856528, 0.522508038585209, 0.6666666666666666]","[0.25, NaN, 0.2777777777777778, 0.5294117647058824, 0.775]"
seven_receptor_interactions__Random_Survival_Forest__28082283,seven_receptor_interactions,Random_Survival_Forest,23,"{""max_depth"": 8, ""max_features"": ""sqrt"", ""min_samples_leaf"": 10, ""n_estimators"": 300, ""tnbc_weight"": 2}",0.6008090264996473,0.47230392156862744,4,0.5365564740341373,"[0.6242774566473989, 0.6167664670658682, 0.6327116212338594, 0.6318327974276527, 0.4984567901234568]","[0.3333333333333333, NaN, 0.5, 0.7058823529411765, 0.35]"
seven__Gradient_Boosted_Survival__29530055,seven,Gradient_Boosted_Survival,9,"{""learning_rate"": 0.1, ""max_depth"": 2, ""n_estimators"": 300, ""subsample"": 0.8, ""tnbc_weight"": 4}",0.5661132372319397,0.5059640522875817,4,0.5360386447597607,"[0.541907514450867, 0.5029940119760479, 0.593974175035868, 0.5852090032154341, 0.6064814814814815]","[0.3333333333333333, NaN, 0.6111111111111112, 0.5294117647058824, 0.55]"
component7_interactions__Gradient_Boosted_Survival__21419151,component7_interactions,Gradient_Boosted_Survival,43,"{""learning_rate"": 0.1, ""max_depth"": 2, ""n_estimators"": 100, ""subsample"": 0.8, ""tnbc_weight"": 4}",0.593133275378533,0.47888071895424833,4,0.5360069971663907,"[0.5823699421965318, 0.5583832335329342, 0.6327116212338594, 0.5594855305466238, 0.6327160493827161]","[0.25, NaN, 0.6111111111111112, 0.5294117647058824, 0.525]"
seven_receptor_interactions__Gradient_Boosted_Survival__14255483,seven_receptor_interactions,Gradient_Boosted_Survival,23,"{""learning_rate"": 0.1, ""max_depth"": 1, ""n_estimators"": 100, ""subsample"": 0.8, ""tnbc_weight"": 2}",0.6070604018454754,0.46405228758169936,4,0.5355563447135874,"[0.6011560693641619, 0.6055389221556886, 0.6685796269727403, 0.6229903536977492, 0.5370370370370371]","[0.3333333333333333, NaN, 0.6111111111111112, 0.4117647058823529, 0.5]"
seven_interactions__Random_Survival_Forest__28233518,seven_interactions,Random_Survival_Forest,14,"{""max_depth"": 8, ""max_features"": ""sqrt"", ""min_samples_leaf"": 10, ""n_estimators"": 300, ""tnbc_weight"": 1}",0.5767946216991976,0.49415849673202616,4,0.5354765592156119,"[0.5997109826589595, 0.5973053892215568, 0.6212338593974175, 0.5610932475884244, 0.5046296296296297]","[0.08333333333333333, NaN, 0.8888888888888888, 0.5294117647058824, 0.475]"
seven_interactions__Random_Survival_Forest__27565999,seven_interactions,Random_Survival_Forest,14,"{""max_depth"": null, ""max_features"": ""sqrt"", ""min_samples_leaf"": 10, ""n_estimators"": 300, ""tnbc_weight"": 1}",0.5767946216991976,0.49415849673202616,4,0.5354765592156119,"[0.5997109826589595, 0.5973053892215568, 0.6212338593974175, 0.5610932475884244, 0.5046296296296297]","[0.08333333333333333, NaN, 0.8888888888888888, 0.5294117647058824, 0.475]"
seven__Gradient_Boosted_Survival__48497425,seven,Gradient_Boosted_Survival,9,"{""learning_rate"": 0.1, ""max_depth"": 1, ""n_estimators"": 300, ""subsample"": 0.8, ""tnbc_weight"": 4}",0.589871942382533,0.4809640522875817,4,0.5354179973350573,"[0.5404624277456648, 0.5718562874251497, 0.6441893830703013, 0.6141479099678456, 0.5787037037037037]","[0.3333333333333333, NaN, 0.6111111111111112, 0.5294117647058824, 0.45]"
seven_receptor_interactions__Cox_PH__38217836,seven_receptor_interactions,Cox_PH,23,"{""penalizer"": 0.1, ""tnbc_weight"": 1}",0.576844026601698,0.4938316993464052,4,0.5353378629740516,"[0.6329479768786127, 0.5284431137724551, 0.5925394548063128, 0.6318327974276527, 0.4984567901234568]","[0.5, NaN, 0.4444444444444444, 0.7058823529411765, 0.325]"
seven_receptor_interactions__Random_Survival_Forest__32209571,seven_receptor_interactions,Random_Survival_Forest,23,"{""max_depth"": 4, ""max_features"": ""sqrt"", ""min_samples_leaf"": 10, ""n_estimators"": 300, ""tnbc_weight"": 2}",0.603820409419942,0.4660539215686274,4,0.5349371654942847,"[0.6445086705202312, 0.6182634730538922, 0.6384505021520803, 0.6302250803858521, 0.4876543209876543]","[0.3333333333333333, NaN, 0.5, 0.7058823529411765, 0.325]"
hallmark50__Elastic_Net_Cox__84631173,hallmark50,Elastic_Net_Cox,52,"{""alpha"": 0.001, ""l1_ratio"": 0.5, ""tnbc_weight"": 2}",0.6199445829209278,0.44914215686274506,4,0.5345433698918365,"[0.5722543352601156, 0.6781437125748503, 0.6814921090387375, 0.567524115755627, 0.6003086419753086]","[0.25, NaN, 0.3333333333333333, 0.5882352941176471, 0.625]"
component7_interactions__Gradient_Boosted_Survival__25159726,component7_interactions,Gradient_Boosted_Survival,43,"{""learning_rate"": 0.1, ""max_depth"": 1, ""n_estimators"": 300, ""subsample"": 0.8, ""tnbc_weight"": 1}",0.6026734914668057,0.4654411764705882,4,0.5340573339686969,"[0.5736994219653179, 0.5688622754491018, 0.6499282639885222, 0.5434083601286174, 0.6774691358024691]","[0.25, NaN, 0.5, 0.4117647058823529, 0.7]"
seven_receptor_interactions__Gradient_Boosted_Survival__4197476,seven_receptor_interactions,Gradient_Boosted_Survival,23,"{""learning_rate"": 0.03, ""max_depth"": 1, ""n_estimators"": 100, ""subsample"": 0.8, ""tnbc_weight"": 2}",0.6018833301741054,0.4654411764705882,4,0.5336622533223468,"[0.6069364161849711, 0.6197604790419161, 0.6678622668579627, 0.6318327974276527, 0.48302469135802467]","[0.3333333333333333, NaN, 0.6666666666666666, 0.4117647058823529, 0.45]"
seven__Gradient_Boosted_Survival__21419151,seven,Gradient_Boosted_Survival,9,"{""learning_rate"": 0.1, ""max_depth"": 2, ""n_estimators"": 100, ""subsample"": 0.8, ""tnbc_weight"": 4}",0.5811477767133209,0.485702614379085,4,0.5334251955462029,"[0.5361271676300579, 0.5703592814371258, 0.6183644189383071, 0.5852090032154341, 0.595679012345679]","[0.4166666666666667, NaN, 0.5555555555555556, 0.47058823529411764, 0.5]"
seven__Cox_PH__38217836,seven,Cox_PH,9,"{""penalizer"": 0.1, ""tnbc_weight"": 1}",0.5928642126654828,0.47320261437908495,4,0.5330334135222838,"[0.6184971098265896, 0.5419161676646707, 0.5781922525107605, 0.6639871382636656, 0.5617283950617284]","[0.3333333333333333, NaN, 0.3888888888888889, 0.47058823529411764, 0.7]"
seven_interactions__Elastic_Net_Cox__79776035,seven_interactions,Elastic_Net_Cox,14,"{""alpha"": 0.001, ""l1_ratio"": 0.5, ""tnbc_weight"": 4}",0.5922053684018537,0.473202614379085,4,0.5327039913904693,"[0.588150289017341, 0.5508982035928144, 0.6384505021520803, 0.612540192926045, 0.5709876543209876]","[0.4166666666666667, NaN, 0.5555555555555556, 0.47058823529411764, 0.45]"
seven__Elastic_Net_Cox__14445361,seven,Elastic_Net_Cox,9,"{""alpha"": 0.01, ""l1_ratio"": 0.5, ""tnbc_weight"": 1}",0.5981908293211156,0.46707516339869276,4,0.5326329963599041,"[0.6141618497109826, 0.5494011976047904, 0.5839311334289814, 0.6446945337620579, 0.5987654320987654]","[0.25, NaN, 0.3888888888888889, 0.5294117647058824, 0.7]"
seven_receptor_interactions__Elastic_Net_Cox__20395420,seven_receptor_interactions,Elastic_Net_Cox,23,"{""alpha"": 0.1, ""l1_ratio"": 0.1, ""tnbc_weight"": 1}",0.5769035010389629,0.4875816993464052,4,0.5322426001926841,"[0.638728323699422, 0.5344311377245509, 0.5954088952654233, 0.6205787781350482, 0.49537037037037035]","[0.5, NaN, 0.4444444444444444, 0.7058823529411765, 0.3]"
seven_interactions__Elastic_Net_Cox__35526439,seven_interactions,Elastic_Net_Cox,14,"{""alpha"": 0.001, ""l1_ratio"": 0.1, ""tnbc_weight"": 4}",0.5907452895875532,0.473202614379085,4,0.5319739519833191,"[0.588150289017341, 0.5494011976047904, 0.6327116212338594, 0.6109324758842444, 0.5725308641975309]","[0.4166666666666667, NaN, 0.5555555555555556, 0.47058823529411764, 0.45]"
seven_receptor_interactions__Gradient_Boosted_Survival__34011741,seven_receptor_interactions,Gradient_Boosted_Survival,23,"{""learning_rate"": 0.03, ""max_depth"": 1, ""n_estimators"": 300, ""subsample"": 0.8, ""tnbc_weight"": 4}",0.5995890829167966,0.46405228758169936,4,0.531820685249248,"[0.5802023121387283, 0.5965568862275449, 0.6527977044476327, 0.6390675241157556, 0.529320987654321]","[0.3333333333333333, NaN, 0.6111111111111112, 0.4117647058823529, 0.5]"
seven_interactions__Elastic_Net_Cox__79294750,seven_interactions,Elastic_Net_Cox,14,"{""alpha"": 0.1, ""l1_ratio"": 0.5, ""tnbc_weight"": 2}",0.5901850663058598,0.4733251633986928,4,0.5317551148522763,"[0.6502890173410405, 0.5658682634730539, 0.6140602582496413, 0.6237942122186495, 0.49691358024691357]","[0.3333333333333333, NaN, 0.5555555555555556, 0.5294117647058824, 0.475]"
seven__Random_Survival_Forest__19256622,seven,Random_Survival_Forest,9,"{""max_depth"": 4, ""max_features"": ""sqrt"", ""min_samples_leaf"": 3, ""n_estimators"": 300, ""tnbc_weight"": 1}",0.5853533029316222,0.47806372549019605,4,0.5317085142109091,"[0.6141618497109826, 0.5868263473053892, 0.6384505021520803, 0.5610932475884244, 0.5262345679012346]","[0.25, NaN, 0.6666666666666666, 0.47058823529411764, 0.525]"
hallmark50__Random_Survival_Forest__68189357,hallmark50,Random_Survival_Forest,52,"{""max_depth"": 8, ""max_features"": ""sqrt"", ""min_samples_leaf"": 3, ""n_estimators"": 300, ""tnbc_weight"": 1}",0.6053712848076837,0.4578022875816994,4,0.5315867861946915,"[0.6791907514450867, 0.5868263473053892, 0.593974175035868, 0.5434083601286174, 0.6234567901234568]","[0.25, NaN, 0.4444444444444444, 0.4117647058823529, 0.725]"
hallmark50_interactions__Cox_PH__90172333,hallmark50_interactions,Cox_PH,57,"{""penalizer"": 0.1, ""tnbc_weight"": 4}",0.6309102915886777,0.4313316993464052,4,0.5311209954675414,"[0.6228323699421965, 0.5898203592814372, 0.7259684361549498, 0.5739549839228296, 0.6419753086419753]","[0.16666666666666666, NaN, 0.2777777777777778, 0.7058823529411765, 0.575]"
hallmark50__Gradient_Boosted_Survival__55990427,hallmark50,Gradient_Boosted_Survival,52,"{""learning_rate"": 0.1, ""max_depth"": 2, ""n_estimators"": 300, ""subsample"": 0.8, ""tnbc_weight"": 2}",0.6254859556020239,0.4366421568627451,4,0.5310640562323845,"[0.6632947976878613, 0.6781437125748503, 0.539454806312769, 0.567524115755627, 0.6790123456790124]","[0.16666666666666666, NaN, 0.16666666666666666, 0.5882352941176471, 0.825]"
seven__Gradient_Boosted_Survival__35238210,seven,Gradient_Boosted_Survival,9,"{""learning_rate"": 0.1, ""max_depth"": 2, ""n_estimators"": 100, ""subsample"": 0.8, ""tnbc_weight"": 1}",0.5699971679461948,0.49056372549019606,4,0.5302804467181954,"[0.588150289017341, 0.5089820359281437, 0.6111908177905309, 0.5691318327974276, 0.5725308641975309]","[0.25, NaN, 0.6666666666666666, 0.47058823529411764, 0.575]"
seven__Random_Survival_Forest__32209571,seven,Random_Survival_Forest,9,"{""max_depth"": 4, ""max_features"": ""sqrt"", ""min_samples_leaf"": 10, ""n_estimators"": 300, ""tnbc_weight"": 2}",0.5918306569433127,0.4685866013071896,4,0.5302086291252511,"[0.6271676300578035, 0.5853293413173652, 0.6226685796269728, 0.6286173633440515, 0.49537037037037035]","[0.25, NaN, 0.6111111111111112, 0.5882352941176471, 0.425]"
seven__Cox_PH__57377928,seven,Cox_PH,9,"{""penalizer"": 0.1, ""tnbc_weight"": 2}",0.5835746233476244,0.476797385620915,4,0.5301860044842697,"[0.6083815028901735, 0.5254491017964071, 0.5738880918220947, 0.6607717041800643, 0.5493827160493827]","[0.3333333333333333, NaN, 0.4444444444444444, 0.5294117647058824, 0.6]"
seven__Gradient_Boosted_Survival__59073396,seven,Gradient_Boosted_Survival,9,"{""learning_rate"": 0.1, ""max_depth"": 1, ""n_estimators"": 300, ""subsample"": 0.8, ""tnbc_weight"": 2}",0.5822333214538503,0.47806372549019605,4,0.5301485234720231,"[0.5578034682080925, 0.5508982035928144, 0.6226685796269728, 0.5964630225080386, 0.5833333333333334]","[0.25, NaN, 0.6666666666666666, 0.47058823529411764, 0.525]"
seven_receptor_interactions__Gradient_Boosted_Survival__21419151,seven_receptor_interactions,Gradient_Boosted_Survival,23,"{""learning_rate"": 0.1, ""max_depth"": 2, ""n_estimators"": 100, ""subsample"": 0.8, ""tnbc_weight"": 4}",0.5890654914383446,0.4711192810457516,4,0.5300923862420481,"[0.5838150289017341, 0.5988023952095808, 0.593974175035868, 0.590032154340836, 0.5787037037037037]","[0.3333333333333333, NaN, 0.5555555555555556, 0.47058823529411764, 0.525]"
seven__Elastic_Net_Cox__26715411,seven,Elastic_Net_Cox,9,"{""alpha"": 0.01, ""l1_ratio"": 0.1, ""tnbc_weight"": 1}",0.5992341119113895,0.4608251633986928,4,0.5300296376550412,"[0.6098265895953757, 0.5538922155688623, 0.5824964131994261, 0.6527331189710611, 0.5972222222222222]","[0.25, NaN, 0.3888888888888889, 0.5294117647058824, 0.675]"
hallmark50_interactions__Elastic_Net_Cox__67695194,hallmark50_interactions,Elastic_Net_Cox,57,"{""alpha"": 0.01, ""l1_ratio"": 0.5, ""tnbc_weight"": 4}",0.6155454927469775,0.44440359477124186,4,0.5299745437591097,"[0.5549132947976878, 0.6197604790419161, 0.7116212338593975, 0.5787781350482315, 0.6126543209876543]","[0.16666666666666666, NaN, 0.3888888888888889, 0.6470588235294118, 0.575]"
seven_receptor_interactions__Random_Survival_Forest__74813842,seven_receptor_interactions,Random_Survival_Forest,23,"{""max_depth"": null, ""max_features"": ""sqrt"", ""min_samples_leaf"": 10, ""n_estimators"": 300, ""tnbc_weight"": 2}",0.6007868842888919,0.4575980392156863,4,0.5291924617522892,"[0.6242774566473989, 0.6182634730538922, 0.6327116212338594, 0.6302250803858521, 0.4984567901234568]","[0.3333333333333333, NaN, 0.5, 0.6470588235294118, 0.35]"
seven__Elastic_Net_Cox__67150290,seven,Elastic_Net_Cox,9,"{""alpha"": 0.001, ""l1_ratio"": 0.1, ""tnbc_weight"": 1}",0.6013337175750866,0.45678104575163403,4,0.5290573816633604,"[0.6069364161849711, 0.5553892215568862, 0.5868005738880918, 0.6495176848874598, 0.6080246913580247]","[0.25, NaN, 0.3888888888888889, 0.5882352941176471, 0.6]"
hallmark50__Gradient_Boosted_Survival__95165011,hallmark50,Gradient_Boosted_Survival,52,"{""learning_rate"": 0.03, ""max_depth"": 2, ""n_estimators"": 300, ""subsample"": 0.8, ""tnbc_weight"": 4}",0.6137497399979233,0.4441584967320261,4,0.5289541183649746,"[0.638728323699422, 0.6482035928143712, 0.599713055954089, 0.5385852090032154, 0.6435185185185185]","[0.25, NaN, 0.2222222222222222, 0.5294117647058824, 0.775]"
seven_receptor_interactions__Elastic_Net_Cox__65419333,seven_receptor_interactions,Elastic_Net_Cox,23,"{""alpha"": 0.1, ""l1_ratio"": 0.5, ""tnbc_weight"": 1}",0.5868638564999298,0.47066993464052287,4,0.5287668955702263,"[0.6416184971098265, 0.5748502994011976, 0.599713055954089, 0.6366559485530546, 0.48148148148148145]","[0.5, NaN, 0.4444444444444444, 0.5882352941176471, 0.35]"
seven_receptor_interactions__Random_Survival_Forest__27565999,seven_receptor_interactions,Random_Survival_Forest,23,"{""max_depth"": null, ""max_features"": ""sqrt"", ""min_samples_leaf"": 10, ""n_estimators"": 300, ""tnbc_weight"": 1}",0.5825110744201634,0.4748366013071896,4,0.5286738378636765,"[0.6127167630057804, 0.5988023952095808, 0.6255380200860832, 0.5739549839228296, 0.5015432098765432]","[0.08333333333333333, NaN, 0.7777777777777778, 0.5882352941176471, 0.45]"
seven_receptor_interactions__Random_Survival_Forest__28233518,seven_receptor_interactions,Random_Survival_Forest,23,"{""max_depth"": 8, ""max_features"": ""sqrt"", ""min_samples_leaf"": 10, ""n_estimators"": 300, ""tnbc_weight"": 1}",0.5825110744201634,0.4748366013071896,4,0.5286738378636765,"[0.6127167630057804, 0.5988023952095808, 0.6255380200860832, 0.5739549839228296, 0.5015432098765432]","[0.08333333333333333, NaN, 0.7777777777777778, 0.5882352941176471, 0.45]"
seven__Elastic_Net_Cox__54672886,seven,Elastic_Net_Cox,9,"{""alpha"": 0.001, ""l1_ratio"": 0.5, ""tnbc_weight"": 1}",0.6004294895785585,0.45678104575163403,4,0.5286052676650963,"[0.6069364161849711, 0.5553892215568862, 0.5853658536585366, 0.6495176848874598, 0.6049382716049383]","[0.25, NaN, 0.3888888888888889, 0.5882352941176471, 0.6]"
component7_interactions__Elastic_Net_Cox__14445361,component7_interactions,Elastic_Net_Cox,43,"{""alpha"": 0.01, ""l1_ratio"": 0.5, ""tnbc_weight"": 1}",0.6162343101753116,0.4406862745098039,4,0.5284602923425578,"[0.5924855491329479, 0.5973053892215568, 0.6542324246771879, 0.5643086816720257, 0.6728395061728395]","[0.25, NaN, 0.3333333333333333, 0.5294117647058824, 0.65]"
seven__Random_Survival_Forest__28233518,seven,Random_Survival_Forest,9,"{""max_depth"": 8, ""max_features"": ""sqrt"", ""min_samples_leaf"": 10, ""n_estimators"": 300, ""tnbc_weight"": 1}",0.5770040805534993,0.47957516339869277,4,0.528289621976096,"[0.6271676300578035, 0.6077844311377245, 0.599713055954089, 0.5627009646302251, 0.4876543209876543]","[0.16666666666666666, NaN, 0.7222222222222222, 0.5294117647058824, 0.5]"
seven__Random_Survival_Forest__27565999,seven,Random_Survival_Forest,9,"{""max_depth"": null, ""max_features"": ""sqrt"", ""min_samples_leaf"": 10, ""n_estimators"": 300, ""tnbc_weight"": 1}",0.5770040805534993,0.47957516339869277,4,0.528289621976096,"[0.6271676300578035, 0.6077844311377245, 0.599713055954089, 0.5627009646302251, 0.4876543209876543]","[0.16666666666666666, NaN, 0.7222222222222222, 0.5294117647058824, 0.5]"
component7_interactions__Gradient_Boosted_Survival__29530055,component7_interactions,Gradient_Boosted_Survival,43,"{""learning_rate"": 0.1, ""max_depth"": 2, ""n_estimators"": 300, ""subsample"": 0.8, ""tnbc_weight"": 4}",0.5780624103231461,0.4783088235294118,4,0.528185616926279,"[0.5491329479768786, 0.5374251497005988, 0.6097560975609756, 0.5273311897106109, 0.6666666666666666]","[0.25, NaN, 0.5, 0.5882352941176471, 0.575]"
hallmark50_interactions__Random_Survival_Forest__98373082,hallmark50_interactions,Random_Survival_Forest,57,"{""max_depth"": 8, ""max_features"": ""sqrt"", ""min_samples_leaf"": 3, ""n_estimators"": 300, ""tnbc_weight"": 2}",0.6043138534172343,0.45155228758169935,4,0.5279330704994668,"[0.661849710982659, 0.5898203592814372, 0.6025824964131994, 0.5546623794212219, 0.6126543209876543]","[0.25, NaN, 0.4444444444444444, 0.4117647058823529, 0.7]"
hallmark50_interactions__Elastic_Net_Cox__93224128,hallmark50_interactions,Elastic_Net_Cox,57,"{""alpha"": 0.01, ""l1_ratio"": 0.1, ""tnbc_weight"": 4}",0.6113056647230514,0.44440359477124186,4,0.5278546297471466,"[0.5679190751445087, 0.6047904191616766, 0.697274031563845, 0.572347266881029, 0.6141975308641975]","[0.16666666666666666, NaN, 0.3888888888888889, 0.6470588235294118, 0.575]"
seven__Cox_PH__27132023,seven,Cox_PH,9,"{""penalizer"": 0.01, ""tnbc_weight"": 1}",0.599861779718571,0.45457516339869275,4,0.5272184715586319,"[0.6083815028901735, 0.5553892215568862, 0.5824964131994261, 0.6527331189710611, 0.6003086419753086]","[0.25, NaN, 0.3888888888888889, 0.5294117647058824, 0.65]"
component7_interactions__Gradient_Boosted_Survival__40033950,component7_interactions,Gradient_Boosted_Survival,43,"{""learning_rate"": 0.1, ""max_depth"": 1, ""n_estimators"": 100, ""subsample"": 0.8, ""tnbc_weight"": 1}",0.6053549690912263,0.44820261437908493,4,0.5267787917351556,"[0.5910404624277457, 0.5958083832335329, 0.648493543758967, 0.5787781350482315, 0.6126543209876543]","[0.3333333333333333, NaN, 0.3888888888888889, 0.47058823529411764, 0.6]"
seven__Gradient_Boosted_Survival__57812431,seven,Gradient_Boosted_Survival,9,"{""learning_rate"": 0.03, ""max_depth"": 1, ""n_estimators"": 300, ""subsample"": 0.8, ""tnbc_weight"": 1}",0.5960382821230604,0.4572303921568627,4,0.5266343371399616,"[0.611271676300578, 0.5808383233532934, 0.6470588235294118, 0.5916398713826366, 0.5493827160493827]","[0.16666666666666666, NaN, 0.6666666666666666, 0.47058823529411764, 0.525]"
hallmark50_interactions__Cox_PH__38277093,hallmark50_interactions,Cox_PH,57,"{""penalizer"": 0.01, ""tnbc_weight"": 4}",0.6083474182856918,0.44440359477124186,4,0.5263755065284669,"[0.5606936416184971, 0.6062874251497006, 0.6929698708751794, 0.5691318327974276, 0.6126543209876543]","[0.16666666666666666, NaN, 0.3888888888888889, 0.6470588235294118, 0.575]"
component7_interactions__Random_Survival_Forest__19256622,component7_interactions,Random_Survival_Forest,43,"{""max_depth"": 4, ""max_features"": ""sqrt"", ""min_samples_leaf"": 3, ""n_estimators"": 300, ""tnbc_weight"": 1}",0.5984040918615686,0.4543300653594772,4,0.5263670786105229,"[0.6040462427745664, 0.5733532934131736, 0.6413199426111909, 0.5884244372990354, 0.5848765432098766]","[0.25, NaN, 0.5555555555555556, 0.4117647058823529, 0.6]"
component7_interactions__Gradient_Boosted_Survival__57812431,component7_interactions,Gradient_Boosted_Survival,43,"{""learning_rate"": 0.03, ""max_depth"": 1, ""n_estimators"": 300, ""subsample"": 0.8, ""tnbc_weight"": 1}",0.6153819954429386,0.43651960784313726,4,0.5259508016430379,"[0.6040462427745664, 0.5988023952095808, 0.6614060258249641, 0.6077170418006431, 0.6049382716049383]","[0.16666666666666666, NaN, 0.5, 0.5294117647058824, 0.55]"
seven__Gradient_Boosted_Survival__35443320,seven,Gradient_Boosted_Survival,9,"{""learning_rate"": 0.03, ""max_depth"": 1, ""n_estimators"": 300, ""subsample"": 0.8, ""tnbc_weight"": 2}",0.5943035775423573,0.4572303921568627,4,0.52576698484961,"[0.5924855491329479, 0.5748502994011976, 0.6441893830703013, 0.6028938906752411, 0.5570987654320988]","[0.3333333333333333, NaN, 0.5, 0.47058823529411764, 0.525]"
component7_interactions__Elastic_Net_Cox__65419333,component7_interactions,Elastic_Net_Cox,43,"{""alpha"": 0.1, ""l1_ratio"": 0.5, ""tnbc_weight"": 1}",0.6275493784048394,0.42332516339869275,4,0.5254372709017661,"[0.6127167630057804, 0.5763473053892215, 0.6542324246771879, 0.6463022508038585, 0.6481481481481481]","[0.25, NaN, 0.3888888888888889, 0.5294117647058824, 0.525]"
hallmark50_interactions__Cox_PH__39129403,hallmark50_interactions,Cox_PH,57,"{""penalizer"": 1.0, ""tnbc_weight"": 1}",0.6293858778155028,0.42111928104575164,4,0.5252525794306272,"[0.6459537572254336, 0.592814371257485, 0.7044476327116213, 0.5771704180064309, 0.6265432098765432]","[0.25, NaN, 0.3888888888888889, 0.47058823529411764, 0.575]"
component7_interactions__Elastic_Net_Cox__58147672,component7_interactions,Elastic_Net_Cox,43,"{""alpha"": 0.1, ""l1_ratio"": 0.1, ""tnbc_weight"": 4}",0.609400839512239,0.4406862745098039,4,0.5250435570110215,"[0.6069364161849711, 0.5523952095808383, 0.6829268292682927, 0.6028938906752411, 0.6018518518518519]","[0.3333333333333333, NaN, 0.5, 0.5294117647058824, 0.4]"
seven_interactions__Elastic_Net_Cox__6417078,seven_interactions,Elastic_Net_Cox,14,"{""alpha"": 0.1, ""l1_ratio"": 0.5, ""tnbc_weight"": 4}",0.5680420569851127,0.48153594771241826,4,0.5247890023487655,"[0.6358381502890174, 0.5419161676646707, 0.6255380200860832, 0.5739549839228296, 0.46296296296296297]","[0.5, NaN, 0.5555555555555556, 0.47058823529411764, 0.4]"
seven_receptor_interactions__Elastic_Net_Cox__93224128,seven_receptor_interactions,Elastic_Net_Cox,23,"{""alpha"": 0.01, ""l1_ratio"": 0.1, ""tnbc_weight"": 4}",0.5618713427613324,0.48770424836601306,4,0.5247877955636727,"[0.6098265895953757, 0.49550898203592814, 0.599713055954089, 0.5996784565916399, 0.5046296296296297]","[0.4166666666666667, NaN, 0.4444444444444444, 0.7647058823529411, 0.325]"
seven_receptor_interactions__Random_Survival_Forest__19256622,seven_receptor_interactions,Random_Survival_Forest,23,"{""max_depth"": 4, ""max_features"": ""sqrt"", ""min_samples_leaf"": 3, ""n_estimators"": 300, ""tnbc_weight"": 1}",0.5969888757997598,0.45236928104575164,4,0.5246790784227557,"[0.6372832369942196, 0.6062874251497006, 0.6269727403156384, 0.5819935691318328, 0.5324074074074074]","[0.3333333333333333, NaN, 0.5555555555555556, 0.47058823529411764, 0.45]"
hallmark50__Elastic_Net_Cox__17352359,hallmark50,Elastic_Net_Cox,52,"{""alpha"": 0.1, ""l1_ratio"": 0.1, ""tnbc_weight"": 2}",0.6346797519409849,0.4145424836601307,4,0.5246111178005578,"[0.6213872832369942, 0.6062874251497006, 0.7144906743185079, 0.5707395498392283, 0.6604938271604939]","[0.25, NaN, 0.1111111111111111, 0.6470588235294118, 0.65]"
component7_interactions__Elastic_Net_Cox__79294750,component7_interactions,Elastic_Net_Cox,43,"{""alpha"": 0.1, ""l1_ratio"": 0.5, ""tnbc_weight"": 2}",0.6173544701072783,0.4309640522875817,4,0.52415926119743,"[0.6358381502890174, 0.5673652694610778, 0.6513629842180775, 0.6334405144694534, 0.5987654320987654]","[0.25, NaN, 0.4444444444444444, 0.5294117647058824, 0.5]"
seven_receptor_interactions__Cox_PH__38277093,seven_receptor_interactions,Cox_PH,23,"{""penalizer"": 0.01, ""tnbc_weight"": 4}",0.5603173637813379,0.48770424836601306,4,0.5240108060736755,"[0.6054913294797688, 0.49700598802395207, 0.6011477761836442, 0.594855305466238, 0.5030864197530864]","[0.4166666666666667, NaN, 0.4444444444444444, 0.7647058823529411, 0.325]"
seven_receptor_interactions__Random_Survival_Forest__9087612,seven_receptor_interactions,Random_Survival_Forest,23,"{""max_depth"": 4, ""max_features"": ""sqrt"", ""min_samples_leaf"": 10, ""n_estimators"": 300, ""tnbc_weight"": 1}",0.5882593948892423,0.45931372549019606,4,0.5237865601897191,"[0.611271676300578, 0.6107784431137725, 0.6355810616929699, 0.5852090032154341, 0.4984567901234568]","[0.08333333333333333, NaN, 0.8333333333333334, 0.47058823529411764, 0.45]"
seven__Gradient_Boosted_Survival__86308654,seven,Gradient_Boosted_Survival,9,"{""learning_rate"": 0.1, ""max_depth"": 2, ""n_estimators"": 300, ""subsample"": 0.8, ""tnbc_weight"": 1}",0.563800438068187,0.4834967320261438,4,0.5236485850471654,"[0.5404624277456648, 0.48952095808383234, 0.6040172166427547, 0.572347266881029, 0.6126543209876543]","[0.25, NaN, 0.7222222222222222, 0.4117647058823529, 0.55]"
hallmark50__Gradient_Boosted_Survival__25159726,hallmark50,Gradient_Boosted_Survival,52,"{""learning_rate"": 0.1, ""max_depth"": 1, ""n_estimators"": 300, ""subsample"": 0.8, ""tnbc_weight"": 1}",0.6099425698768159,0.4372140522875817,4,0.5235783110821988,"[0.638728323699422, 0.6511976047904192, 0.5509325681492109, 0.5514469453376206, 0.6574074074074074]","[0.16666666666666666, NaN, 0.2777777777777778, 0.5294117647058824, 0.775]"
seven__Gradient_Boosted_Survival__14255483,seven,Gradient_Boosted_Survival,9,"{""learning_rate"": 0.1, ""max_depth"": 1, ""n_estimators"": 100, ""subsample"": 0.8, ""tnbc_weight"": 2}",0.5902187502487412,0.4565359477124183,4,0.5233773489805797,"[0.5802023121387283, 0.5785928143712575, 0.6406025824964132, 0.5884244372990354, 0.5632716049382716]","[0.25, NaN, 0.5555555555555556, 0.47058823529411764, 0.55]"
hallmark50_interactions__Random_Survival_Forest__61682276,hallmark50_interactions,Random_Survival_Forest,57,"{""max_depth"": 4, ""max_features"": ""sqrt"", ""min_samples_leaf"": 3, ""n_estimators"": 300, ""tnbc_weight"": 2}",0.5873492294461715,0.4591911764705882,4,0.5232702029583799,"[0.6604046242774566, 0.5778443113772455, 0.5868005738880918, 0.5530546623794212, 0.558641975308642]","[0.25, NaN, 0.5, 0.4117647058823529, 0.675]"
component7_interactions__Gradient_Boosted_Survival__35443320,component7_interactions,Gradient_Boosted_Survival,43,"{""learning_rate"": 0.03, ""max_depth"": 1, ""n_estimators"": 300, ""subsample"": 0.8, ""tnbc_weight"": 2}",0.6129439036802447,0.4334967320261438,4,0.5232203178531942,"[0.5997109826589595, 0.5793413173652695, 0.6499282639885222, 0.6061093247588425, 0.6296296296296297]","[0.16666666666666666, NaN, 0.5555555555555556, 0.4117647058823529, 0.6]"
hallmark50__Gradient_Boosted_Survival__35238210,hallmark50,Gradient_Boosted_Survival,52,"{""learning_rate"": 0.1, ""max_depth"": 2, ""n_estimators"": 100, ""subsample"": 0.8, ""tnbc_weight"": 1}",0.6244414260070059,0.4211192810457516,4,0.5227803535263787,"[0.6734104046242775, 0.6392215568862275, 0.5796269727403156, 0.5771704180064309, 0.6527777777777778]","[0.16666666666666666, NaN, 0.2222222222222222, 0.47058823529411764, 0.825]"
hallmark50__Cox_PH__90172333,hallmark50,Cox_PH,52,"{""penalizer"": 0.1, ""tnbc_weight"": 4}",0.6279263013196857,0.41744281045751636,4,0.5226845558886011,"[0.6098265895953757, 0.592814371257485, 0.7245337159253945, 0.5643086816720257, 0.6481481481481481]","[0.16666666666666666, NaN, 0.2222222222222222, 0.7058823529411765, 0.575]"
hallmark50__Gradient_Boosted_Survival__64567194,hallmark50,Gradient_Boosted_Survival,52,"{""learning_rate"": 0.03, ""max_depth"": 2, ""n_estimators"": 300, ""subsample"": 0.8, ""tnbc_weight"": 2}",0.6089369075413067,0.435702614379085,4,0.5223197609601958,"[0.638728323699422, 0.6452095808383234, 0.5552367288378766, 0.545016077170418, 0.6604938271604939]","[0.25, NaN, 0.2222222222222222, 0.47058823529411764, 0.8]"
hallmark50_interactions__Elastic_Net_Cox__37789696,hallmark50_interactions,Elastic_Net_Cox,57,"{""alpha"": 0.001, ""l1_ratio"": 0.1, ""tnbc_weight"": 2}",0.5959917083202615,0.44832516339869277,4,0.5221584358594771,"[0.5404624277456648, 0.6167664670658682, 0.6743185078909613, 0.545016077170418, 0.6033950617283951]","[0.25, NaN, 0.3888888888888889, 0.5294117647058824, 0.625]"
hallmark50_interactions__Elastic_Net_Cox__84631173,hallmark50_interactions,Elastic_Net_Cox,57,"{""alpha"": 0.001, ""l1_ratio"": 0.5, ""tnbc_weight"": 2}",0.5944582841908039,0.44832516339869277,4,0.5213917237947483,"[0.5375722543352601, 0.6152694610778443, 0.6743185078909613, 0.5401929260450161, 0.6049382716049383]","[0.25, NaN, 0.3888888888888889, 0.5294117647058824, 0.625]"
seven__Gradient_Boosted_Survival__49529126,seven,Gradient_Boosted_Survival,9,"{""learning_rate"": 0.03, ""max_depth"": 2, ""n_estimators"": 300, ""subsample"": 0.8, ""tnbc_weight"": 1}",0.5868352416174829,0.455718954248366,4,0.5212770979329244,"[0.5953757225433526, 0.5688622754491018, 0.6327116212338594, 0.5739549839228296, 0.5632716049382716]","[0.25, NaN, 0.6111111111111112, 0.4117647058823529, 0.55]"
hallmark50_interactions__Cox_PH__84838888,hallmark50_interactions,Cox_PH,57,"{""penalizer"": 1.0, ""tnbc_weight"": 2}",0.6193097492722544,0.4219362745098039,4,0.5206230118910291,"[0.6329479768786127, 0.5748502994011976, 0.6958393113342898, 0.5771704180064309, 0.6157407407407407]","[0.25, NaN, 0.3333333333333333, 0.5294117647058824, 0.575]"
component7_interactions__Cox_PH__27132023,component7_interactions,Cox_PH,43,"{""penalizer"": 0.01, ""tnbc_weight"": 1}",0.6140585141578294,0.42679738562091507,4,0.5204279498893722,"[0.588150289017341, 0.5838323353293413, 0.648493543758967, 0.572347266881029, 0.6774691358024691]","[0.25, NaN, 0.2777777777777778, 0.5294117647058824, 0.65]"
component7_interactions__Elastic_Net_Cox__26715411,component7_interactions,Elastic_Net_Cox,43,"{""alpha"": 0.01, ""l1_ratio"": 0.1, ""tnbc_weight"": 1}",0.6140249040461201,0.42679738562091507,4,0.5204111448335176,"[0.5852601156069365, 0.5823353293413174, 0.6513629842180775, 0.567524115755627, 0.683641975308642]","[0.25, NaN, 0.2777777777777778, 0.5294117647058824, 0.65]"
seven__Elastic_Net_Cox__84631173,seven,Elastic_Net_Cox,9,"{""alpha"": 0.001, ""l1_ratio"": 0.5, ""tnbc_weight"": 2}",0.5891036253492021,0.450531045751634,4,0.5198173355504181,"[0.596820809248555, 0.5359281437125748, 0.5868005738880918, 0.6318327974276527, 0.5941358024691358]","[0.25, NaN, 0.3888888888888889, 0.5882352941176471, 0.575]"
seven__Elastic_Net_Cox__65419333,seven,Elastic_Net_Cox,9,"{""alpha"": 0.1, ""l1_ratio"": 0.5, ""tnbc_weight"": 1}",0.5818183491170653,0.4578022875816994,4,0.5198103183493823,"[0.6242774566473989, 0.5673652694610778, 0.5480631276901005, 0.6446945337620579, 0.5246913580246914]","[0.4166666666666667, NaN, 0.2777777777777778, 0.4117647058823529, 0.725]"
seven__Elastic_Net_Cox__37789696,seven,Elastic_Net_Cox,9,"{""alpha"": 0.001, ""l1_ratio"": 0.1, ""tnbc_weight"": 2}",0.5887624573065737,0.450531045751634,4,0.5196467515291039,"[0.5982658959537572, 0.5359281437125748, 0.5868005738880918, 0.6302250803858521, 0.5925925925925926]","[0.25, NaN, 0.3888888888888889, 0.5882352941176471, 0.575]"
seven_interactions__Cox_PH__76567228,seven_interactions,Cox_PH,14,"{""penalizer"": 1.0, ""tnbc_weight"": 4}",0.5798439020837076,0.45943627450980395,4,0.5196400882967558,"[0.6242774566473989, 0.5508982035928144, 0.6011477761836442, 0.639871382636656, 0.48302469135802467]","[0.3333333333333333, NaN, 0.5, 0.5294117647058824, 0.475]"
seven_interactions__Random_Survival_Forest__32209571,seven_interactions,Random_Survival_Forest,14,"{""max_depth"": 4, ""max_features"": ""sqrt"", ""min_samples_leaf"": 10, ""n_estimators"": 300, ""tnbc_weight"": 2}",0.591921538641673,0.4470588235294118,4,0.5194901810855423,"[0.6445086705202312, 0.5868263473053892, 0.6140602582496413, 0.6157556270096463, 0.4984567901234568]","[0.25, NaN, 0.5, 0.5882352941176471, 0.45]"
component7_interactions__Elastic_Net_Cox__38642087,component7_interactions,Elastic_Net_Cox,43,"{""alpha"": 0.01, ""l1_ratio"": 0.1, ""tnbc_weight"": 2}",0.6021192913861673,0.43664215686274505,4,0.5193807241244561,"[0.5867052023121387, 0.5568862275449101, 0.6398852223816356, 0.5836012861736335, 0.6435185185185185]","[0.25, NaN, 0.3333333333333333, 0.5882352941176471, 0.575]"
hallmark50_interactions__Elastic_Net_Cox__58147672,hallmark50_interactions,Elastic_Net_Cox,57,"{""alpha"": 0.1, ""l1_ratio"": 0.1, ""tnbc_weight"": 4}",0.6289545109187366,0.40980392156862744,4,0.519379216243682,"[0.615606936416185, 0.5988023952095808, 0.7288378766140603, 0.5610932475884244, 0.6404320987654321]","[0.16666666666666666, NaN, 0.16666666666666666, 0.7058823529411765, 0.6]"
seven_interactions__Gradient_Boosted_Survival__4197476,seven_interactions,Gradient_Boosted_Survival,14,"{""learning_rate"": 0.03, ""max_depth"": 1, ""n_estimators"": 100, ""subsample"": 0.8, ""tnbc_weight"": 2}",0.6010771576894123,0.4376633986928104,4,0.5193702781911114,"[0.6322254335260116, 0.6137724550898204, 0.6571018651362984, 0.6262057877813505, 0.47608024691358025]","[0.3333333333333333, NaN, 0.5555555555555556, 0.4117647058823529, 0.45]"
hallmark50__Gradient_Boosted_Survival__86308654,hallmark50,Gradient_Boosted_Survival,52,"{""learning_rate"": 0.1, ""max_depth"": 2, ""n_estimators"": 300, ""subsample"": 0.8, ""tnbc_weight"": 1}",0.6168041816856176,0.4219362745098039,4,0.5193702280977107,"[0.6170520231213873, 0.6526946107784432, 0.5480631276901005, 0.5578778135048231, 0.7083333333333334]","[0.16666666666666666, NaN, 0.16666666666666666, 0.5294117647058824, 0.825]"
seven__Elastic_Net_Cox__20395420,seven,Elastic_Net_Cox,9,"{""alpha"": 0.1, ""l1_ratio"": 0.1, ""tnbc_weight"": 1}",0.592480176352524,0.44599673202614376,4,0.5192384541893339,"[0.6257225433526011, 0.5404191616766467, 0.5738880918220947, 0.657556270096463, 0.5648148148148148]","[0.3333333333333333, NaN, 0.3888888888888889, 0.4117647058823529, 0.65]"
seven_receptor_interactions__Elastic_Net_Cox__14445361,seven_receptor_interactions,Elastic_Net_Cox,23,"{""alpha"": 0.01, ""l1_ratio"": 0.5, ""tnbc_weight"": 1}",0.5791394506632261,0.45816993464052286,4,0.5186546926518745,"[0.634393063583815, 0.5404191616766467, 0.6054519368723099, 0.6077170418006431, 0.5077160493827161]","[0.5, NaN, 0.4444444444444444, 0.5882352941176471, 0.3]"
component7_interactions__Cox_PH__90172333,component7_interactions,Cox_PH,43,"{""penalizer"": 0.1, ""tnbc_weight"": 4}",0.6105849839886996,0.4261029411764706,4,0.5183439625825851,"[0.5997109826589595, 0.5523952095808383, 0.6757532281205165, 0.6093247588424437, 0.6157407407407407]","[0.25, NaN, 0.5, 0.5294117647058824, 0.425]"
seven__Gradient_Boosted_Survival__76801816,seven,Gradient_Boosted_Survival,9,"{""learning_rate"": 0.03, ""max_depth"": 2, ""n_estimators"": 100, ""subsample"": 0.8, ""tnbc_weight"": 4}",0.575128265437437,0.46139705882352944,4,0.5182626621304832,"[0.5708092485549133, 0.5598802395209581, 0.6068866571018652, 0.594855305466238, 0.5432098765432098]","[0.5, NaN, 0.5, 0.47058823529411764, 0.375]"
seven__Gradient_Boosted_Survival__66835057,seven,Gradient_Boosted_Survival,9,"{""learning_rate"": 0.03, ""max_depth"": 2, ""n_estimators"": 100, ""subsample"": 0.8, ""tnbc_weight"": 2}",0.5997671705995771,0.4363970588235294,4,0.5180821147115533,"[0.6228323699421965, 0.5868263473053892, 0.624103299856528, 0.6141479099678456, 0.5509259259259259]","[0.25, NaN, 0.5, 0.47058823529411764, 0.525]"
component7_interactions__Cox_PH__54196726,component7_interactions,Cox_PH,43,"{""penalizer"": 0.01, ""tnbc_weight"": 2}",0.6046099827764564,0.4305147058823529,4,0.5175623443294046,"[0.5867052023121387, 0.5553892215568862, 0.6441893830703013, 0.5932475884244373, 0.6435185185185185]","[0.16666666666666666, NaN, 0.3333333333333333, 0.6470588235294118, 0.575]"
seven_receptor_interactions__Elastic_Net_Cox__79776035,seven_receptor_interactions,Elastic_Net_Cox,23,"{""alpha"": 0.001, ""l1_ratio"": 0.5, ""tnbc_weight"": 4}",0.5534773978062477,0.4814542483660131,4,0.5174658230861304,"[0.5953757225433526, 0.48502994011976047, 0.599713055954089, 0.5980707395498392, 0.48919753086419754]","[0.4166666666666667, NaN, 0.4444444444444444, 0.7647058823529411, 0.3]"
hallmark50__Elastic_Net_Cox__93224128,hallmark50,Elastic_Net_Cox,52,"{""alpha"": 0.01, ""l1_ratio"": 0.1, ""tnbc_weight"": 4}",0.6175708829110644,0.4173202614379085,4,0.5174455721744865,"[0.5708092485549133, 0.624251497005988, 0.7044476327116213, 0.5787781350482315, 0.6095679012345679]","[0.08333333333333333, NaN, 0.3888888888888889, 0.6470588235294118, 0.55]"
hallmark50__Gradient_Boosted_Survival__29530055,hallmark50,Gradient_Boosted_Survival,52,"{""learning_rate"": 0.1, ""max_depth"": 2, ""n_estimators"": 300, ""subsample"": 0.8, ""tnbc_weight"": 4}",0.6113872680436516,0.42344771241830065,4,0.5174174902309762,"[0.6459537572254336, 0.6452095808383234, 0.5652797704447633, 0.5353697749196141, 0.6651234567901234]","[0.08333333333333333, NaN, 0.2222222222222222, 0.5882352941176471, 0.8]"
hallmark50__DeepSurv__33872510,hallmark50,DeepSurv,52,"{""dropout"": 0.2, ""epochs"": 150, ""hidden_dims"": [128, 64], ""lr"": 0.0005, ""patience"": 20, ""tnbc_weight"": 2, ""weight_decay"": 0.0001}",0.6061528321928222,0.42818627450980395,4,0.5171695533513131,"[0.6430635838150289, 0.561377245508982, 0.6556671449067432, 0.522508038585209, 0.6481481481481481]","[0.25, NaN, 0.3333333333333333, 0.5294117647058824, 0.6]"
hallmark50_interactions__Cox_PH__76567228,hallmark50_interactions,Cox_PH,57,"{""penalizer"": 1.0, ""tnbc_weight"": 4}",0.6082350066318722,0.42553104575163403,4,0.5168830261917532,"[0.6127167630057804, 0.561377245508982, 0.6958393113342898, 0.5755627009646302, 0.595679012345679]","[0.25, NaN, 0.3888888888888889, 0.5882352941176471, 0.475]"
seven_receptor_interactions__Elastic_Net_Cox__35526439,seven_receptor_interactions,Elastic_Net_Cox,23,"{""alpha"": 0.001, ""l1_ratio"": 0.1, ""tnbc_weight"": 4}",0.5522495531062299,0.4814542483660131,4,0.5168519007361215,"[0.5939306358381503, 0.48502994011976047, 0.599713055954089, 0.5964630225080386, 0.4861111111111111]","[0.4166666666666667, NaN, 0.4444444444444444, 0.7647058823529411, 0.3]"
seven_receptor_interactions__Gradient_Boosted_Survival__56931813,seven_receptor_interactions,Gradient_Boosted_Survival,23,"{""learning_rate"": 0.03, ""max_depth"": 1, ""n_estimators"": 100, ""subsample"": 0.8, ""tnbc_weight"": 4}",0.5863108529281819,0.4455882352941176,4,0.5159495441111497,"[0.5874277456647399, 0.6002994011976048, 0.6893830703012912, 0.6069131832797428, 0.44753086419753085]","[0.3333333333333333, NaN, 0.6666666666666666, 0.38235294117647056, 0.4]"
seven__Elastic_Net_Cox__38642087,seven,Elastic_Net_Cox,9,"{""alpha"": 0.01, ""l1_ratio"": 0.1, ""tnbc_weight"": 2}",0.5893586830908255,0.4420751633986928,4,0.5157169232447592,"[0.6026011560693642, 0.5389221556886228, 0.5839311334289814, 0.6318327974276527, 0.5895061728395061]","[0.25, NaN, 0.3888888888888889, 0.5294117647058824, 0.6]"
seven__Random_Survival_Forest__9087612,seven,Random_Survival_Forest,9,"{""max_depth"": 4, ""max_features"": ""sqrt"", ""min_samples_leaf"": 10, ""n_estimators"": 300, ""tnbc_weight"": 1}",0.5805427068651314,0.4501633986928104,4,0.5153530527789709,"[0.6286127167630058, 0.6137724550898204, 0.6068866571018652, 0.5627009646302251, 0.49074074074074076]","[0.16666666666666666, NaN, 0.7222222222222222, 0.4117647058823529, 0.5]"
hallmark50_interactions__Gradient_Boosted_Survival__64567194,hallmark50_interactions,Gradient_Boosted_Survival,57,"{""learning_rate"": 0.03, ""max_depth"": 2, ""n_estimators"": 300, ""subsample"": 0.8, ""tnbc_weight"": 2}",0.6111780704193013,0.41879084967320257,4,0.5149844600462519,"[0.6502890173410405, 0.6511976047904192, 0.5523672883787661, 0.5353697749196141, 0.6666666666666666]","[0.25, NaN, 0.2222222222222222, 0.35294117647058826, 0.85]"
component7_interactions__Gradient_Boosted_Survival__24560118,component7_interactions,Gradient_Boosted_Survival,43,"{""learning_rate"": 0.03, ""max_depth"": 1, ""n_estimators"": 100, ""subsample"": 0.8, ""tnbc_weight"": 1}",0.5931087128624337,0.43558006535947713,4,0.5143443891109554,"[0.6069364161849711, 0.6100299401197605, 0.6133428981348638, 0.5819935691318328, 0.5532407407407407]","[0.4166666666666667, NaN, 0.3888888888888889, 0.4117647058823529, 0.525]"
component7_interactions__Elastic_Net_Cox__34729490,component7_interactions,Elastic_Net_Cox,43,"{""alpha"": 0.01, ""l1_ratio"": 0.5, ""tnbc_weight"": 2}",0.6075193539206887,0.42111928104575164,4,0.5143193174832201,"[0.5910404624277457, 0.5583832335329342, 0.6499282639885222, 0.5916398713826366, 0.6466049382716049]","[0.25, NaN, 0.3888888888888889, 0.47058823529411764, 0.575]"
hallmark50_interactions__Gradient_Boosted_Survival__49529126,hallmark50_interactions,Gradient_Boosted_Survival,57,"{""learning_rate"": 0.03, ""max_depth"": 2, ""n_estimators"": 300, ""subsample"": 0.8, ""tnbc_weight"": 1}",0.6071323575338889,0.4209967320261438,4,0.5140645447800164,"[0.653179190751445, 0.6452095808383234, 0.5595408895265424, 0.545016077170418, 0.6327160493827161]","[0.25, NaN, 0.2222222222222222, 0.4117647058823529, 0.8]"
seven_interactions__Gradient_Boosted_Survival__56931813,seven_interactions,Gradient_Boosted_Survival,14,"{""learning_rate"": 0.03, ""max_depth"": 1, ""n_estimators"": 100, ""subsample"": 0.8, ""tnbc_weight"": 4}",0.5672415728615343,0.46086601307189545,4,0.5140537929667148,"[0.6040462427745664, 0.5808383233532934, 0.6040172166427547, 0.6020900321543409, 0.44521604938271603]","[0.5, NaN, 0.6111111111111112, 0.38235294117647056, 0.35]"
seven_receptor_interactions__Elastic_Net_Cox__58147672,seven_receptor_interactions,Elastic_Net_Cox,23,"{""alpha"": 0.1, ""l1_ratio"": 0.1, ""tnbc_weight"": 4}",0.5820235557692941,0.4435866013071896,4,0.5128050785382419,"[0.6242774566473989, 0.5284431137724551, 0.6183644189383071, 0.6189710610932476, 0.5200617283950617]","[0.4166666666666667, NaN, 0.4444444444444444, 0.5882352941176471, 0.325]"
seven__Cox_PH__84838888,seven,Cox_PH,9,"{""penalizer"": 1.0, ""tnbc_weight"": 2}",0.5701821812321696,0.45526960784313725,4,0.5127258945376534,"[0.6286127167630058, 0.5134730538922155, 0.5380200860832137, 0.680064308681672, 0.49074074074074076]","[0.3333333333333333, NaN, 0.3333333333333333, 0.5294117647058824, 0.625]"
hallmark50__Elastic_Net_Cox__20395420,hallmark50,Elastic_Net_Cox,52,"{""alpha"": 0.1, ""l1_ratio"": 0.1, ""tnbc_weight"": 1}",0.6411134629769729,0.38431372549019605,4,0.5127135942335845,"[0.653179190751445, 0.6152694610778443, 0.7015781922525107, 0.5627009646302251, 0.6728395061728395]","[0.25, NaN, 0.16666666666666666, 0.47058823529411764, 0.65]"
component7_interactions__Gradient_Boosted_Survival__14255483,component7_interactions,Gradient_Boosted_Survival,43,"{""learning_rate"": 0.1, ""max_depth"": 1, ""n_estimators"": 100, ""subsample"": 0.8, ""tnbc_weight"": 2}",0.6037070955875322,0.4216911764705882,4,0.5126991360290603,"[0.611271676300578, 0.5793413173652695, 0.6269727403156384, 0.5852090032154341, 0.6157407407407407]","[0.25, NaN, 0.5, 0.4117647058823529, 0.525]"
seven__Cox_PH__54196726,seven,Cox_PH,9,"{""penalizer"": 0.01, ""tnbc_weight"": 2}",0.5893333245060802,0.43582516339869276,4,0.5125792439523865,"[0.6026011560693642, 0.5374251497005988, 0.5853658536585366, 0.6302250803858521, 0.5910493827160493]","[0.25, NaN, 0.3888888888888889, 0.5294117647058824, 0.575]"
hallmark50_interactions__Elastic_Net_Cox__79294750,hallmark50_interactions,Elastic_Net_Cox,57,"{""alpha"": 0.1, ""l1_ratio"": 0.5, ""tnbc_weight"": 2}",0.6122791658744905,0.41266339869281043,4,0.5124712822836505,"[0.6213872832369942, 0.5763473053892215, 0.7044476327116213, 0.545016077170418, 0.6141975308641975]","[0.25, NaN, 0.3888888888888889, 0.4117647058823529, 0.6]"
seven_receptor_interactions__Cox_PH__27132023,seven_receptor_interactions,Cox_PH,23,"{""penalizer"": 0.01, ""tnbc_weight"": 1}",0.5796069616317613,0.4450980392156863,4,0.5123525004237238,"[0.630057803468208, 0.5374251497005988, 0.6068866571018652, 0.6205787781350482, 0.5030864197530864]","[0.5, NaN, 0.3333333333333333, 0.6470588235294118, 0.3]"
seven_receptor_interactions__Elastic_Net_Cox__67695194,seven_receptor_interactions,Elastic_Net_Cox,23,"{""alpha"": 0.01, ""l1_ratio"": 0.5, ""tnbc_weight"": 4}",0.566386612168381,0.4582924836601307,4,0.5123395479142558,"[0.611271676300578, 0.5044910179640718, 0.6040172166427547, 0.6028938906752411, 0.5092592592592593]","[0.4166666666666667, NaN, 0.4444444444444444, 0.6470588235294118, 0.325]"
seven__Elastic_Net_Cox__34729490,seven,Elastic_Net_Cox,9,"{""alpha"": 0.01, ""l1_ratio"": 0.5, ""tnbc_weight"": 2}",0.5880015612247919,0.43582516339869276,4,0.5119133623117423,"[0.6040462427745664, 0.531437125748503, 0.5810616929698709, 0.6463022508038585, 0.5771604938271605]","[0.25, NaN, 0.3888888888888889, 0.5294117647058824, 0.575]"
seven_receptor_interactions__Elastic_Net_Cox__26715411,seven_receptor_interactions,Elastic_Net_Cox,23,"{""alpha"": 0.01, ""l1_ratio"": 0.1, ""tnbc_weight"": 1}",0.5786190461170652,0.4450980392156863,4,0.5118585426663758,"[0.6315028901734104, 0.5359281437125748, 0.6068866571018652, 0.6141479099678456, 0.5046296296296297]","[0.5, NaN, 0.3333333333333333, 0.6470588235294118, 0.3]"
hallmark50_interactions__Gradient_Boosted_Survival__48497425,hallmark50_interactions,Gradient_Boosted_Survival,57,"{""learning_rate"": 0.1, ""max_depth"": 1, ""n_estimators"": 300, ""subsample"": 0.8, ""tnbc_weight"": 4}",0.6088879454716805,0.4140522875816993,4,0.5114701165266899,"[0.6488439306358381, 0.6541916167664671, 0.5652797704447633, 0.5434083601286174, 0.6327160493827161]","[0.16666666666666666, NaN, 0.2777777777777778, 0.4117647058823529, 0.8]"
component7_interactions__Cox_PH__76567228,component7_interactions,Cox_PH,43,"{""penalizer"": 1.0, ""tnbc_weight"": 4}",0.5986745430903699,0.42389705882352946,4,0.5112858009569496,"[0.6083815028901735, 0.5583832335329342, 0.6384505021520803, 0.612540192926045, 0.5756172839506173]","[0.25, NaN, 0.5, 0.47058823529411764, 0.475]"
hallmark50__Gradient_Boosted_Survival__49529126,hallmark50,Gradient_Boosted_Survival,52,"{""learning_rate"": 0.03, ""max_depth"": 2, ""n_estimators"": 300, ""subsample"": 0.8, ""tnbc_weight"": 1}",0.6061419058865309,0.4162581699346405,4,0.5112000379105857,"[0.6445086705202312, 0.6586826347305389, 0.5609756097560976, 0.5353697749196141, 0.6311728395061729]","[0.16666666666666666, NaN, 0.2777777777777778, 0.47058823529411764, 0.75]"
hallmark50_interactions__Random_Survival_Forest__9087612,hallmark50_interactions,Random_Survival_Forest,57,"{""max_depth"": 4, ""max_features"": ""sqrt"", ""min_samples_leaf"": 10, ""n_estimators"": 300, ""tnbc_weight"": 1}",0.5886586294092241,0.43361928104575165,4,0.5111389552274879,"[0.638728323699422, 0.6107784431137725, 0.6040172166427547, 0.545016077170418, 0.5447530864197531]","[0.25, NaN, 0.3888888888888889, 0.47058823529411764, 0.625]"
seven_receptor_interactions__Cox_PH__90172333,seven_receptor_interactions,Cox_PH,23,"{""penalizer"": 0.1, ""tnbc_weight"": 4}",0.5780377188235188,0.4435866013071896,4,0.5108121600653542,"[0.630057803468208, 0.5164670658682635, 0.6111908177905309, 0.6093247588424437, 0.5231481481481481]","[0.4166666666666667, NaN, 0.4444444444444444, 0.5882352941176471, 0.325]"
seven_receptor_interactions__Elastic_Net_Cox__38642087,seven_receptor_interactions,Elastic_Net_Cox,23,"{""alpha"": 0.01, ""l1_ratio"": 0.1, ""tnbc_weight"": 2}",0.5821647034640682,0.4381535947712419,4,0.510159149117655,"[0.6213872832369942, 0.5374251497005988, 0.624103299856528, 0.6109324758842444, 0.5169753086419753]","[0.4166666666666667, NaN, 0.3888888888888889, 0.6470588235294118, 0.3]"
seven__Gradient_Boosted_Survival__56931813,seven,Gradient_Boosted_Survival,9,"{""learning_rate"": 0.03, ""max_depth"": 1, ""n_estimators"": 100, ""subsample"": 0.8, ""tnbc_weight"": 4}",0.5888783654199542,0.43014705882352944,4,0.5095127121217418,"[0.6148843930635838, 0.6002994011976048, 0.5982783357245337, 0.6093247588424437, 0.5216049382716049]","[0.375, NaN, 0.5, 0.47058823529411764, 0.375]"
hallmark50__Cox_PH__84838888,hallmark50,Cox_PH,52,"{""penalizer"": 1.0, ""tnbc_weight"": 2}",0.619555688949765,0.398202614379085,4,0.508879151664425,"[0.6257225433526011, 0.562874251497006, 0.6901004304160688, 0.5755627009646302, 0.6435185185185185]","[0.25, NaN, 0.2222222222222222, 0.47058823529411764, 0.65]"
seven_receptor_interactions__Cox_PH__54196726,seven_receptor_interactions,Cox_PH,23,"{""penalizer"": 0.01, ""tnbc_weight"": 2}",0.5794261749548267,0.4381535947712419,4,0.5087898848630343,"[0.6184971098265896, 0.5374251497005988, 0.624103299856528, 0.6109324758842444, 0.5061728395061729]","[0.4166666666666667, NaN, 0.3888888888888889, 0.6470588235294118, 0.3]"
seven__Elastic_Net_Cox__79776035,seven,Elastic_Net_Cox,9,"{""alpha"": 0.001, ""l1_ratio"": 0.5, ""tnbc_weight"": 4}",0.5802897605479956,0.4372140522875817,4,0.5087519064177887,"[0.5823699421965318, 0.5374251497005988, 0.6011477761836442, 0.6141479099678456, 0.566358024691358]","[0.25, NaN, 0.4444444444444444, 0.5294117647058824, 0.525]"
seven__Elastic_Net_Cox__35526439,seven,Elastic_Net_Cox,9,"{""alpha"": 0.001, ""l1_ratio"": 0.1, ""tnbc_weight"": 4}",0.5802768591149442,0.4372140522875817,4,0.508745455701263,"[0.5823699421965318, 0.5374251497005988, 0.6011477761836442, 0.612540192926045, 0.5679012345679012]","[0.25, NaN, 0.4444444444444444, 0.5294117647058824, 0.525]"
hallmark50__Cox_PH__39129403,hallmark50,Cox_PH,52,"{""penalizer"": 1.0, ""tnbc_weight"": 1}",0.619606562372358,0.3973856209150327,4,0.5084960916436954,"[0.6358381502890174, 0.5733532934131736, 0.6886657101865137, 0.5659163987138264, 0.6342592592592593]","[0.25, NaN, 0.2777777777777778, 0.4117647058823529, 0.65]"
component7_interactions__Random_Survival_Forest__28082283,component7_interactions,Random_Survival_Forest,43,"{""max_depth"": 8, ""max_features"": ""sqrt"", ""min_samples_leaf"": 10, ""n_estimators"": 300, ""tnbc_weight"": 2}",0.5816992576700659,0.4351307189542484,4,0.5084149883121571,"[0.5939306358381503, 0.5793413173652695, 0.624103299856528, 0.5771704180064309, 0.5339506172839507]","[0.25, NaN, 0.6111111111111112, 0.5294117647058824, 0.35]"
seven_interactions__Random_Survival_Forest__9087612,seven_interactions,Random_Survival_Forest,14,"{""max_depth"": 4, ""max_features"": ""sqrt"", ""min_samples_leaf"": 10, ""n_estimators"": 300, ""tnbc_weight"": 1}",0.5787418244518457,0.4377859477124183,4,0.508263886082132,"[0.6054913294797688, 0.6062874251497006, 0.6111908177905309, 0.5707395498392283, 0.5]","[0.08333333333333333, NaN, 0.7222222222222222, 0.47058823529411764, 0.475]"
component7_interactions__Random_Survival_Forest__74813842,component7_interactions,Random_Survival_Forest,43,"{""max_depth"": null, ""max_features"": ""sqrt"", ""min_samples_leaf"": 10, ""n_estimators"": 300, ""tnbc_weight"": 2}",0.5807892957230604,0.4351307189542484,4,0.5079600073386543,"[0.5924855491329479, 0.5778443113772455, 0.624103299856528, 0.5755627009646302, 0.5339506172839507]","[0.25, NaN, 0.6111111111111112, 0.5294117647058824, 0.35]"
hallmark50_interactions__Random_Survival_Forest__17704467,hallmark50_interactions,Random_Survival_Forest,57,"{""max_depth"": null, ""max_features"": ""sqrt"", ""min_samples_leaf"": 3, ""n_estimators"": 300, ""tnbc_weight"": 2}",0.5927493094859024,0.4229575163398693,4,0.5078534129128859,"[0.6473988439306358, 0.5883233532934131, 0.5925394548063128, 0.5305466237942122, 0.6049382716049383]","[0.25, NaN, 0.3888888888888889, 0.35294117647058826, 0.7]"
hallmark50_interactions__Gradient_Boosted_Survival__95165011,hallmark50_interactions,Gradient_Boosted_Survival,57,"{""learning_rate"": 0.03, ""max_depth"": 2, ""n_estimators"": 300, ""subsample"": 0.8, ""tnbc_weight"": 4}",0.6146565074185931,0.4008578431372549,4,0.507757175277924,"[0.6430635838150289, 0.6422155688622755, 0.5868005738880918, 0.5530546623794212, 0.6481481481481481]","[0.25, NaN, 0.16666666666666666, 0.4117647058823529, 0.775]"
component7_interactions__Elastic_Net_Cox__67695194,component7_interactions,Elastic_Net_Cox,43,"{""alpha"": 0.01, ""l1_ratio"": 0.5, ""tnbc_weight"": 4}",0.5959580423702473,0.419281045751634,4,0.5076195440609407,"[0.5852601156069365, 0.5359281437125748, 0.6456241032998565, 0.6157556270096463, 0.5972222222222222]","[0.25, NaN, 0.3888888888888889, 0.5882352941176471, 0.45]"
hallmark50__Gradient_Boosted_Survival__99977102,hallmark50,Gradient_Boosted_Survival,52,"{""learning_rate"": 0.1, ""max_depth"": 2, ""n_estimators"": 100, ""subsample"": 0.8, ""tnbc_weight"": 2}",0.6035154628750726,0.4116421568627451,4,0.5075788098689089,"[0.6488439306358381, 0.6676646706586826, 0.5365853658536586, 0.522508038585209, 0.6419753086419753]","[0.16666666666666666, NaN, 0.16666666666666666, 0.5882352941176471, 0.725]"
component7_interactions__Elastic_Net_Cox__6417078,component7_interactions,Elastic_Net_Cox,43,"{""alpha"": 0.1, ""l1_ratio"": 0.5, ""tnbc_weight"": 4}",0.5919095792672586,0.4197303921568627,4,0.5058199857120607,"[0.6228323699421965, 0.5598802395209581, 0.642754662840746, 0.6109324758842444, 0.5231481481481481]","[0.3333333333333333, NaN, 0.5, 0.47058823529411764, 0.375]"
seven__Elastic_Net_Cox__79294750,seven,Elastic_Net_Cox,9,"{""alpha"": 0.1, ""l1_ratio"": 0.5, ""tnbc_weight"": 2}",0.5688629159640974,0.44276960784313724,4,0.5058162619036173,"[0.6213872832369942, 0.5359281437125748, 0.563845050215208, 0.6463022508038585, 0.47685185185185186]","[0.3333333333333333, NaN, 0.3333333333333333, 0.5294117647058824, 0.575]"
hallmark50__Cox_PH__38277093,hallmark50,Cox_PH,52,"{""penalizer"": 0.01, ""tnbc_weight"": 4}",0.6150158357586568,0.3964869281045752,4,0.505751381931616,"[0.5635838150289018, 0.6272455089820359, 0.6958393113342898, 0.5803858520900321, 0.6080246913580247]","[0.0, NaN, 0.3888888888888889, 0.6470588235294118, 0.55]"
seven_receptor_interactions__Cox_PH__76567228,seven_receptor_interactions,Cox_PH,23,"{""penalizer"": 1.0, ""tnbc_weight"": 4}",0.5886445357700539,0.42263071895424836,4,0.5056376273621511,"[0.6459537572254336, 0.5583832335329342, 0.5911047345767575, 0.6446945337620579, 0.5030864197530864]","[0.4166666666666667, NaN, 0.4444444444444444, 0.5294117647058824, 0.3]"
seven__Cox_PH__90172333,seven,Cox_PH,9,"{""penalizer"": 0.1, ""tnbc_weight"": 4}",0.5657161451776913,0.445547385620915,4,0.5056317653993032,"[0.5823699421965318, 0.5164670658682635, 0.5767575322812052, 0.6205787781350482, 0.5324074074074074]","[0.3333333333333333, NaN, 0.4444444444444444, 0.5294117647058824, 0.475]"
seven_receptor_interactions__Elastic_Net_Cox__17352359,seven_receptor_interactions,Elastic_Net_Cox,23,"{""alpha"": 0.1, ""l1_ratio"": 0.1, ""tnbc_weight"": 2}",0.5794938637322395,0.43108660130718957,4,0.5052902325197146,"[0.6358381502890174, 0.5374251497005988, 0.6083213773314203, 0.6189710610932476, 0.49691358024691357]","[0.4166666666666667, NaN, 0.4444444444444444, 0.5882352941176471, 0.275]"
seven__Cox_PH__39129403,seven,Cox_PH,9,"{""penalizer"": 1.0, ""tnbc_weight"": 1}",0.5754680040380331,0.43488562091503263,4,0.5051768124765329,"[0.6315028901734104, 0.5299401197604791, 0.5609756097560976, 0.6688102893890675, 0.4861111111111111]","[0.3333333333333333, NaN, 0.4444444444444444, 0.4117647058823529, 0.55]"
seven__Elastic_Net_Cox__58147672,seven,Elastic_Net_Cox,9,"{""alpha"": 0.1, ""l1_ratio"": 0.1, ""tnbc_weight"": 4}",0.5613798910922281,0.44775326797385623,4,0.5045665795330422,"[0.5910404624277457, 0.5044910179640718, 0.563845050215208, 0.6382636655948553, 0.5092592592592593]","[0.3333333333333333, NaN, 0.4444444444444444, 0.5882352941176471, 0.425]"
seven_receptor_interactions__Elastic_Net_Cox__84631173,seven_receptor_interactions,Elastic_Net_Cox,23,"{""alpha"": 0.001, ""l1_ratio"": 0.5, ""tnbc_weight"": 2}",0.5767419294767733,0.4320261437908497,4,0.5043840366338115,"[0.6083815028901735, 0.5389221556886228, 0.6255380200860832, 0.6093247588424437, 0.5015432098765432]","[0.3333333333333333, NaN, 0.3888888888888889, 0.7058823529411765, 0.3]"
component7_interactions__Random_Survival_Forest__68189357,component7_interactions,Random_Survival_Forest,43,"{""max_depth"": 8, ""max_features"": ""sqrt"", ""min_samples_leaf"": 3, ""n_estimators"": 300, ""tnbc_weight"": 1}",0.5884450287872257,0.4201797385620915,4,0.5043123836746586,"[0.5939306358381503, 0.5673652694610778, 0.6327116212338594, 0.5401929260450161, 0.6080246913580247]","[0.16666666666666666, NaN, 0.6111111111111112, 0.35294117647058826, 0.55]"
component7_interactions__Elastic_Net_Cox__54672886,component7_interactions,Elastic_Net_Cox,43,"{""alpha"": 0.001, ""l1_ratio"": 0.5, ""tnbc_weight"": 1}",0.6014461891332754,0.406781045751634,4,0.5041136174424548,"[0.5736994219653179, 0.5793413173652695, 0.6341463414634146, 0.5610932475884244, 0.6589506172839507]","[0.16666666666666666, NaN, 0.2222222222222222, 0.5882352941176471, 0.65]"
hallmark50_interactions__Gradient_Boosted_Survival__29530055,hallmark50_interactions,Gradient_Boosted_Survival,57,"{""learning_rate"": 0.1, ""max_depth"": 2, ""n_estimators"": 300, ""subsample"": 0.8, ""tnbc_weight"": 4}",0.6124407608564699,0.3956699346405229,4,0.5040553477484964,"[0.638728323699422, 0.6422155688622755, 0.5552367288378766, 0.5562700964630225, 0.6697530864197531]","[0.08333333333333333, NaN, 0.1111111111111111, 0.5882352941176471, 0.8]"
seven_receptor_interactions__Elastic_Net_Cox__37789696,seven_receptor_interactions,Elastic_Net_Cox,23,"{""alpha"": 0.001, ""l1_ratio"": 0.1, ""tnbc_weight"": 2}",0.5755286152235786,0.4320261437908497,4,0.5037773795072141,"[0.6083815028901735, 0.5404191616766467, 0.6226685796269728, 0.6077170418006431, 0.4984567901234568]","[0.3333333333333333, NaN, 0.3888888888888889, 0.7058823529411765, 0.3]"
component7_interactions__Random_Survival_Forest__98373082,component7_interactions,Random_Survival_Forest,43,"{""max_depth"": 8, ""max_features"": ""sqrt"", ""min_samples_leaf"": 3, ""n_estimators"": 300, ""tnbc_weight"": 2}",0.5731056559940975,0.43304738562091505,4,0.5030765208075063,"[0.5852601156069365, 0.5404191616766467, 0.624103299856528, 0.5385852090032154, 0.5771604938271605]","[0.16666666666666666, NaN, 0.6111111111111112, 0.5294117647058824, 0.425]"
seven__Gradient_Boosted_Survival__4197476,seven,Gradient_Boosted_Survival,9,"{""learning_rate"": 0.03, ""max_depth"": 1, ""n_estimators"": 100, ""subsample"": 0.8, ""tnbc_weight"": 2}",0.604982814897803,0.40098039215686276,4,0.5029816035273329,"[0.6163294797687862, 0.6182634730538922, 0.629842180774749, 0.6342443729903537, 0.5262345679012346]","[0.2916666666666667, NaN, 0.4166666666666667, 0.47058823529411764, 0.425]"
seven__Gradient_Boosted_Survival__40033950,seven,Gradient_Boosted_Survival,9,"{""learning_rate"": 0.1, ""max_depth"": 1, ""n_estimators"": 100, ""subsample"": 0.8, ""tnbc_weight"": 1}",0.5903827927312215,0.41556372549019605,4,0.5029732591107088,"[0.5953757225433526, 0.562874251497006, 0.6370157819225251, 0.5964630225080386, 0.5601851851851852]","[0.16666666666666666, NaN, 0.5, 0.47058823529411764, 0.525]"
seven__Elastic_Net_Cox__67695194,seven,Elastic_Net_Cox,9,"{""alpha"": 0.01, ""l1_ratio"": 0.5, ""tnbc_weight"": 4}",0.5741277005063854,0.4309640522875817,4,0.5025458763969836,"[0.588150289017341, 0.5284431137724551, 0.5810616929698709, 0.6189710610932476, 0.5540123456790124]","[0.25, NaN, 0.4444444444444444, 0.5294117647058824, 0.5]"
hallmark50_interactions__Elastic_Net_Cox__79776035,hallmark50_interactions,Elastic_Net_Cox,57,"{""alpha"": 0.001, ""l1_ratio"": 0.5, ""tnbc_weight"": 4}",0.5767809871841664,0.4283088235294118,4,0.5025449053567891,"[0.5086705202312138, 0.5898203592814372, 0.672883787661406, 0.5353697749196141, 0.5771604938271605]","[0.16666666666666666, NaN, 0.3333333333333333, 0.5882352941176471, 0.625]"
component7_interactions__Elastic_Net_Cox__67150290,component7_interactions,Elastic_Net_Cox,43,"{""alpha"": 0.001, ""l1_ratio"": 0.1, ""tnbc_weight"": 1}",0.5981732948730679,0.406781045751634,4,0.502477170312351,"[0.5751445086705202, 0.5718562874251497, 0.6269727403156384, 0.5594855305466238, 0.6574074074074074]","[0.16666666666666666, NaN, 0.2222222222222222, 0.5882352941176471, 0.65]"
component7_interactions__Gradient_Boosted_Survival__63990083,component7_interactions,Gradient_Boosted_Survival,43,"{""learning_rate"": 0.1, ""max_depth"": 1, ""n_estimators"": 100, ""subsample"": 0.8, ""tnbc_weight"": 4}",0.5936143276458087,0.41058006535947716,4,0.502097196502643,"[0.5917630057803468, 0.5711077844311377, 0.6370157819225251, 0.5570739549839229, 0.6111111111111112]","[0.25, NaN, 0.5555555555555556, 0.4117647058823529, 0.425]"
seven_receptor_interactions__Cox_PH__57377928,seven_receptor_interactions,Cox_PH,23,"{""penalizer"": 0.1, ""tnbc_weight"": 2}",0.5797214340289099,0.42344771241830065,4,0.5015845732236053,"[0.6271676300578035, 0.5329341317365269, 0.6054519368723099, 0.6237942122186495, 0.5092592592592593]","[0.4166666666666667, NaN, 0.3888888888888889, 0.5882352941176471, 0.3]"
seven_receptor_interactions__Elastic_Net_Cox__67150290,seven_receptor_interactions,Elastic_Net_Cox,23,"{""alpha"": 0.001, ""l1_ratio"": 0.1, ""tnbc_weight"": 1}",0.5784954485861725,0.42426470588235293,4,0.5013800772342627,"[0.6141618497109826, 0.5419161676646707, 0.6111908177905309, 0.6205787781350482, 0.5046296296296297]","[0.4166666666666667, NaN, 0.3333333333333333, 0.6470588235294118, 0.3]"
seven_receptor_interactions__Elastic_Net_Cox__54672886,seven_receptor_interactions,Elastic_Net_Cox,23,"{""alpha"": 0.001, ""l1_ratio"": 0.5, ""tnbc_weight"": 1}",0.5775912205896441,0.42426470588235293,4,0.5009279632359985,"[0.6141618497109826, 0.5419161676646707, 0.6097560975609756, 0.6205787781350482, 0.5015432098765432]","[0.4166666666666667, NaN, 0.3333333333333333, 0.6470588235294118, 0.3]"
seven__Gradient_Boosted_Survival__25159726,seven,Gradient_Boosted_Survival,9,"{""learning_rate"": 0.1, ""max_depth"": 1, ""n_estimators"": 300, ""subsample"": 0.8, ""tnbc_weight"": 1}",0.5739661871121685,0.42724673202614377,4,0.5006064595691562,"[0.5664739884393064, 0.5284431137724551, 0.629842180774749, 0.5771704180064309, 0.5679012345679012]","[0.16666666666666666, NaN, 0.5555555555555556, 0.4117647058823529, 0.575]"
seven_receptor_interactions__Elastic_Net_Cox__34729490,seven_receptor_interactions,Elastic_Net_Cox,23,"{""alpha"": 0.01, ""l1_ratio"": 0.5, ""tnbc_weight"": 2}",0.5773931799185266,0.42344771241830065,4,0.5004204461684136,"[0.6242774566473989, 0.5329341317365269, 0.6097560975609756, 0.6061093247588425, 0.5138888888888888]","[0.4166666666666667, NaN, 0.3888888888888889, 0.5882352941176471, 0.3]"
hallmark50__Elastic_Net_Cox__58147672,hallmark50,Elastic_Net_Cox,52,"{""alpha"": 0.1, ""l1_ratio"": 0.1, ""tnbc_weight"": 4}",0.6195647367452433,0.38120915032679736,4,0.5003869435360203,"[0.6040462427745664, 0.592814371257485, 0.7187948350071736, 0.5401929260450161, 0.6419753086419753]","[0.16666666666666666, NaN, 0.1111111111111111, 0.6470588235294118, 0.6]"
seven__Cox_PH__38277093,seven,Cox_PH,9,"{""penalizer"": 0.01, ""tnbc_weight"": 4}",0.5776043546101646,0.42250816993464047,4,0.5000562622724025,"[0.5823699421965318, 0.5344311377245509, 0.5954088952654233, 0.612540192926045, 0.5632716049382716]","[0.25, NaN, 0.4444444444444444, 0.47058823529411764, 0.525]"
seven__Cox_PH__76567228,seven,Cox_PH,9,"{""penalizer"": 1.0, ""tnbc_weight"": 4}",0.5512022862006203,0.44775326797385623,4,0.4994777770872383,"[0.6011560693641619, 0.5074850299401198, 0.539454806312769, 0.6511254019292605, 0.4567901234567901]","[0.3333333333333333, NaN, 0.4444444444444444, 0.5882352941176471, 0.425]"
hallmark50_interactions__Elastic_Net_Cox__35526439,hallmark50_interactions,Elastic_Net_Cox,57,"{""alpha"": 0.001, ""l1_ratio"": 0.1, ""tnbc_weight"": 4}",0.5755803198478782,0.4220588235294118,4,0.498819571688645,"[0.5101156069364162, 0.5853293413173652, 0.672883787661406, 0.5385852090032154, 0.5709876543209876]","[0.16666666666666666, NaN, 0.3333333333333333, 0.5882352941176471, 0.6]"
component7_interactions__Random_Survival_Forest__61682276,component7_interactions,Random_Survival_Forest,43,"{""max_depth"": 4, ""max_features"": ""sqrt"", ""min_samples_leaf"": 3, ""n_estimators"": 300, ""tnbc_weight"": 2}",0.5848246235558042,0.41070261437908495,4,0.4977636189674446,"[0.5953757225433526, 0.5434131736526946, 0.629842180774749, 0.6061093247588425, 0.5493827160493827]","[0.16666666666666666, NaN, 0.5555555555555556, 0.47058823529411764, 0.45]"
component7_interactions__Cox_PH__38277093,component7_interactions,Cox_PH,43,"{""penalizer"": 0.01, ""tnbc_weight"": 4}",0.5905448412674466,0.40469771241830066,4,0.4976212768428736,"[0.5736994219653179, 0.5299401197604791, 0.6456241032998565, 0.6093247588424437, 0.5941358024691358]","[0.16666666666666666, NaN, 0.3888888888888889, 0.5882352941176471, 0.475]"
component7_interactions__Random_Survival_Forest__32209571,component7_interactions,Random_Survival_Forest,43,"{""max_depth"": 4, ""max_features"": ""sqrt"", ""min_samples_leaf"": 10, ""n_estimators"": 300, ""tnbc_weight"": 2}",0.5819869755012308,0.4127859477124183,4,0.49738646160682454,"[0.5997109826589595, 0.5823353293413174, 0.6097560975609756, 0.5980707395498392, 0.5200617283950617]","[0.25, NaN, 0.5555555555555556, 0.47058823529411764, 0.375]"
hallmark50_interactions__Gradient_Boosted_Survival__40033950,hallmark50_interactions,Gradient_Boosted_Survival,57,"{""learning_rate"": 0.1, ""max_depth"": 1, ""n_estimators"": 100, ""subsample"": 0.8, ""tnbc_weight"": 1}",0.5995117982799796,0.3937908496732026,4,0.49665132397659106,"[0.6517341040462428, 0.6332335329341318, 0.569583931133429, 0.5257234726688103, 0.6172839506172839]","[0.25, NaN, 0.2222222222222222, 0.35294117647058826, 0.75]"
component7_interactions__Random_Survival_Forest__17704467,component7_interactions,Random_Survival_Forest,43,"{""max_depth"": null, ""max_features"": ""sqrt"", ""min_samples_leaf"": 3, ""n_estimators"": 300, ""tnbc_weight"": 2}",0.5806765833726305,0.41070261437908495,4,0.49568959887585773,"[0.5823699421965318, 0.5688622754491018, 0.6255380200860832, 0.5401929260450161, 0.5864197530864198]","[0.16666666666666666, NaN, 0.5555555555555556, 0.47058823529411764, 0.45]"
seven_receptor_interactions__Elastic_Net_Cox__6417078,seven_receptor_interactions,Elastic_Net_Cox,23,"{""alpha"": 0.1, ""l1_ratio"": 0.5, ""tnbc_weight"": 4}",0.5687595670080716,0.42250816993464047,4,0.49563386847135604,"[0.638728323699422, 0.5404191616766467, 0.5753228120516499, 0.6109324758842444, 0.4783950617283951]","[0.5, NaN, 0.4444444444444444, 0.47058823529411764, 0.275]"
hallmark50__Elastic_Net_Cox__79294750,hallmark50,Elastic_Net_Cox,52,"{""alpha"": 0.1, ""l1_ratio"": 0.5, ""tnbc_weight"": 2}",0.6126290389112945,0.3778186274509804,4,0.49522383318113744,"[0.6069364161849711, 0.5823353293413174, 0.6944045911047346, 0.5498392282958199, 0.6296296296296297]","[0.25, NaN, 0.3333333333333333, 0.35294117647058826, 0.575]"
seven__Elastic_Net_Cox__93224128,seven,Elastic_Net_Cox,9,"{""alpha"": 0.01, ""l1_ratio"": 0.1, ""tnbc_weight"": 4}",0.5731640178784912,0.4162581699346405,4,0.49471109390656587,"[0.5823699421965318, 0.5269461077844312, 0.5868005738880918, 0.6141479099678456, 0.5555555555555556]","[0.25, NaN, 0.4444444444444444, 0.47058823529411764, 0.5]"
component7_interactions__Elastic_Net_Cox__84631173,component7_interactions,Elastic_Net_Cox,43,"{""alpha"": 0.001, ""l1_ratio"": 0.5, ""tnbc_weight"": 2}",0.5927682781213174,0.394281045751634,4,0.4935246619364757,"[0.5606936416184971, 0.5494011976047904, 0.629842180774749, 0.5803858520900321, 0.6435185185185185]","[0.16666666666666666, NaN, 0.2222222222222222, 0.5882352941176471, 0.6]"
hallmark50__Elastic_Net_Cox__35526439,hallmark50,Elastic_Net_Cox,52,"{""alpha"": 0.001, ""l1_ratio"": 0.1, ""tnbc_weight"": 4}",0.5925908974303147,0.39428104575163403,4,0.49343597159097435,"[0.5202312138728323, 0.6167664670658682, 0.6886657101865137, 0.5755627009646302, 0.5617283950617284]","[0.0, NaN, 0.3888888888888889, 0.5882352941176471, 0.6]"
hallmark50__Random_Survival_Forest__28233518,hallmark50,Random_Survival_Forest,52,"{""max_depth"": 8, ""max_features"": ""sqrt"", ""min_samples_leaf"": 10, ""n_estimators"": 300, ""tnbc_weight"": 1}",0.5808741666976991,0.40584150326797386,4,0.4933578349828365,"[0.6372832369942196, 0.624251497005988, 0.5839311334289814, 0.545016077170418, 0.5138888888888888]","[0.25, NaN, 0.2777777777777778, 0.47058823529411764, 0.625]"
hallmark50__Random_Survival_Forest__27565999,hallmark50,Random_Survival_Forest,52,"{""max_depth"": null, ""max_features"": ""sqrt"", ""min_samples_leaf"": 10, ""n_estimators"": 300, ""tnbc_weight"": 1}",0.5808741666976991,0.40584150326797386,4,0.4933578349828365,"[0.6372832369942196, 0.624251497005988, 0.5839311334289814, 0.545016077170418, 0.5138888888888888]","[0.25, NaN, 0.2777777777777778, 0.47058823529411764, 0.625]"
component7_interactions__Elastic_Net_Cox__37789696,component7_interactions,Elastic_Net_Cox,43,"{""alpha"": 0.001, ""l1_ratio"": 0.1, ""tnbc_weight"": 2}",0.5918679421989029,0.394281045751634,4,0.4930744939752685,"[0.565028901734104, 0.5434131736526946, 0.6284074605451937, 0.5836012861736335, 0.6388888888888888]","[0.16666666666666666, NaN, 0.2222222222222222, 0.5882352941176471, 0.6]"
seven_receptor_interactions__Elastic_Net_Cox__79294750,seven_receptor_interactions,Elastic_Net_Cox,23,"{""alpha"": 0.1, ""l1_ratio"": 0.5, ""tnbc_weight"": 2}",0.5773176245052116,0.4087418300653595,4,0.4930297272852856,"[0.6358381502890174, 0.5568862275449101, 0.599713055954089, 0.6157556270096463, 0.4783950617283951]","[0.4166666666666667, NaN, 0.3888888888888889, 0.5294117647058824, 0.3]"
hallmark50__Elastic_Net_Cox__79776035,hallmark50,Elastic_Net_Cox,52,"{""alpha"": 0.001, ""l1_ratio"": 0.5, ""tnbc_weight"": 4}",0.5913596049375406,0.39428104575163403,4,0.4928203253445873,"[0.5144508670520231, 0.6212574850299402, 0.6901004304160688, 0.572347266881029, 0.558641975308642]","[0.0, NaN, 0.3888888888888889, 0.5882352941176471, 0.6]"
component7_interactions__Elastic_Net_Cox__93224128,component7_interactions,Elastic_Net_Cox,43,"{""alpha"": 0.01, ""l1_ratio"": 0.1, ""tnbc_weight"": 4}",0.5928627729807181,0.39219771241830065,4,0.4925302426995094,"[0.5809248554913294, 0.5329341317365269, 0.6470588235294118, 0.6077170418006431, 0.595679012345679]","[0.16666666666666666, NaN, 0.3888888888888889, 0.5882352941176471, 0.425]"
hallmark50_interactions__Gradient_Boosted_Survival__14255483,hallmark50_interactions,Gradient_Boosted_Survival,57,"{""learning_rate"": 0.1, ""max_depth"": 1, ""n_estimators"": 100, ""subsample"": 0.8, ""tnbc_weight"": 2}",0.5683626831582614,0.4139297385620915,4,0.49114621086017646,"[0.630057803468208, 0.5763473053892215, 0.563845050215208, 0.4758842443729904, 0.595679012345679]","[0.25, NaN, 0.2777777777777778, 0.35294117647058826, 0.775]"
hallmark50__Gradient_Boosted_Survival__57812431,hallmark50,Gradient_Boosted_Survival,52,"{""learning_rate"": 0.03, ""max_depth"": 1, ""n_estimators"": 300, ""subsample"": 0.8, ""tnbc_weight"": 1}",0.6068148696504639,0.3735294117647059,4,0.4901721407075849,"[0.6445086705202312, 0.6422155688622755, 0.599713055954089, 0.5257234726688103, 0.6219135802469136]","[0.16666666666666666, NaN, 0.3333333333333333, 0.29411764705882354, 0.7]"
hallmark50__Random_Survival_Forest__9087612,hallmark50,Random_Survival_Forest,52,"{""max_depth"": 4, ""max_features"": ""sqrt"", ""min_samples_leaf"": 10, ""n_estimators"": 300, ""tnbc_weight"": 1}",0.5800506020355434,0.39877450980392154,4,0.48941255591973243,"[0.6459537572254336, 0.6182634730538922, 0.5896700143472023, 0.5401929260450161, 0.5061728395061729]","[0.25, NaN, 0.3333333333333333, 0.4117647058823529, 0.6]"
component7_interactions__Elastic_Net_Cox__35526439,component7_interactions,Elastic_Net_Cox,43,"{""alpha"": 0.001, ""l1_ratio"": 0.1, ""tnbc_weight"": 4}",0.5707382703545127,0.40772058823529417,4,0.48922942929490343,"[0.5635838150289018, 0.5104790419161677, 0.6312769010043041, 0.5819935691318328, 0.566358024691358]","[0.16666666666666666, NaN, 0.3333333333333333, 0.7058823529411765, 0.425]"
component7_interactions__Random_Survival_Forest__28233518,component7_interactions,Random_Survival_Forest,43,"{""max_depth"": 8, ""max_features"": ""sqrt"", ""min_samples_leaf"": 10, ""n_estimators"": 300, ""tnbc_weight"": 1}",0.5747305688895097,0.4030637254901961,4,0.4888971471898529,"[0.5867052023121387, 0.592814371257485, 0.624103299856528, 0.5530546623794212, 0.5169753086419753]","[0.16666666666666666, NaN, 0.5, 0.47058823529411764, 0.475]"
component7_interactions__Random_Survival_Forest__27565999,component7_interactions,Random_Survival_Forest,43,"{""max_depth"": null, ""max_features"": ""sqrt"", ""min_samples_leaf"": 10, ""n_estimators"": 300, ""tnbc_weight"": 1}",0.5747305688895097,0.4030637254901961,4,0.4888971471898529,"[0.5867052023121387, 0.592814371257485, 0.624103299856528, 0.5530546623794212, 0.5169753086419753]","[0.16666666666666666, NaN, 0.5, 0.47058823529411764, 0.475]"
component7_interactions__Gradient_Boosted_Survival__34011741,component7_interactions,Gradient_Boosted_Survival,43,"{""learning_rate"": 0.03, ""max_depth"": 1, ""n_estimators"": 300, ""subsample"": 0.8, ""tnbc_weight"": 4}",0.5967186124681392,0.38059640522875815,4,0.48865750884844866,"[0.5758670520231214, 0.5718562874251497, 0.6226685796269728, 0.6020900321543409, 0.6111111111111112]","[0.25, NaN, 0.4444444444444444, 0.35294117647058826, 0.475]"
hallmark50__Gradient_Boosted_Survival__66835057,hallmark50,Gradient_Boosted_Survival,52,"{""learning_rate"": 0.03, ""max_depth"": 2, ""n_estimators"": 100, ""subsample"": 0.8, ""tnbc_weight"": 2}",0.5837757097892862,0.393218954248366,4,0.48849733201882606,"[0.630057803468208, 0.6182634730538922, 0.5480631276901005, 0.5144694533762058, 0.6080246913580247]","[0.25, NaN, 0.1111111111111111, 0.4117647058823529, 0.8]"
hallmark50__Cox_PH__76567228,hallmark50,Cox_PH,52,"{""penalizer"": 1.0, ""tnbc_weight"": 4}",0.6049581588380984,0.37136437908496733,4,0.4881612689615329,"[0.6069364161849711, 0.5553892215568862, 0.6829268292682927, 0.590032154340836, 0.5895061728395061]","[0.25, NaN, 0.2222222222222222, 0.5882352941176471, 0.425]"
seven__Gradient_Boosted_Survival__34011741,seven,Gradient_Boosted_Survival,9,"{""learning_rate"": 0.03, ""max_depth"": 1, ""n_estimators"": 300, ""subsample"": 0.8, ""tnbc_weight"": 4}",0.577782579362251,0.3975081699346405,4,0.4876453746484457,"[0.555635838150289, 0.5561377245508982, 0.6140602582496413, 0.6028938906752411, 0.5601851851851852]","[0.25, NaN, 0.4444444444444444, 0.47058823529411764, 0.425]"
hallmark50_interactions__Random_Survival_Forest__28233518,hallmark50_interactions,Random_Survival_Forest,57,"{""max_depth"": 8, ""max_features"": ""sqrt"", ""min_samples_leaf"": 10, ""n_estimators"": 300, ""tnbc_weight"": 1}",0.5841242027466439,0.3911356209150327,4,0.48762991183083826,"[0.6329479768786127, 0.6137724550898204, 0.5982783357245337, 0.5385852090032154, 0.5370370370370371]","[0.25, NaN, 0.2777777777777778, 0.4117647058823529, 0.625]"
hallmark50_interactions__Random_Survival_Forest__27565999,hallmark50_interactions,Random_Survival_Forest,57,"{""max_depth"": null, ""max_features"": ""sqrt"", ""min_samples_leaf"": 10, ""n_estimators"": 300, ""tnbc_weight"": 1}",0.5841242027466439,0.3911356209150327,4,0.48762991183083826,"[0.6329479768786127, 0.6137724550898204, 0.5982783357245337, 0.5385852090032154, 0.5370370370370371]","[0.25, NaN, 0.2777777777777778, 0.4117647058823529, 0.625]"
hallmark50_interactions__Gradient_Boosted_Survival__57812431,hallmark50_interactions,Gradient_Boosted_Survival,57,"{""learning_rate"": 0.03, ""max_depth"": 1, ""n_estimators"": 300, ""subsample"": 0.8, ""tnbc_weight"": 1}",0.5949886221890248,0.37977941176470587,4,0.48738401697686534,"[0.6416184971098265, 0.6392215568862275, 0.5810616929698709, 0.5096463022508039, 0.6033950617283951]","[0.16666666666666666, NaN, 0.3333333333333333, 0.29411764705882354, 0.725]"
hallmark50__Elastic_Net_Cox__65419333,hallmark50,Elastic_Net_Cox,52,"{""alpha"": 0.1, ""l1_ratio"": 0.5, ""tnbc_weight"": 1}",0.6188569389086153,0.3540849673202614,4,0.48647095311443833,"[0.6054913294797688, 0.6077844311377245, 0.6944045911047346, 0.5353697749196141, 0.6512345679012346]","[0.25, NaN, 0.2222222222222222, 0.29411764705882354, 0.65]"
hallmark50__Gradient_Boosted_Survival__63990083,hallmark50,Gradient_Boosted_Survival,52,"{""learning_rate"": 0.1, ""max_depth"": 1, ""n_estimators"": 100, ""subsample"": 0.8, ""tnbc_weight"": 4}",0.5906575186804951,0.3781862745098039,4,0.4844218965951495,"[0.625, 0.6220059880239521, 0.5738880918220947, 0.4919614147909968, 0.6404320987654321]","[0.3333333333333333, NaN, 0.0, 0.5294117647058824, 0.65]"
component7_interactions__Random_Survival_Forest__9087612,component7_interactions,Random_Survival_Forest,43,"{""max_depth"": 4, ""max_features"": ""sqrt"", ""min_samples_leaf"": 10, ""n_estimators"": 300, ""tnbc_weight"": 1}",0.5749412276100732,0.3937908496732026,4,0.48436603864163785,"[0.5852601156069365, 0.5913173652694611, 0.6154949784791965, 0.5594855305466238, 0.5231481481481481]","[0.16666666666666666, NaN, 0.5555555555555556, 0.35294117647058826, 0.5]"
component7_interactions__Elastic_Net_Cox__79776035,component7_interactions,Elastic_Net_Cox,43,"{""alpha"": 0.001, ""l1_ratio"": 0.5, ""tnbc_weight"": 4}",0.5711595069135149,0.39301470588235293,4,0.48208710639793395,"[0.5635838150289018, 0.5104790419161677, 0.6255380200860832, 0.5852090032154341, 0.5709876543209876]","[0.16666666666666666, NaN, 0.3333333333333333, 0.6470588235294118, 0.425]"
hallmark50_interactions__Random_Survival_Forest__32209571,hallmark50_interactions,Random_Survival_Forest,57,"{""max_depth"": 4, ""max_features"": ""sqrt"", ""min_samples_leaf"": 10, ""n_estimators"": 300, ""tnbc_weight"": 2}",0.5691970353059255,0.3947303921568627,4,0.48196371373139407,"[0.6257225433526011, 0.5853293413173652, 0.5982783357245337, 0.5289389067524116, 0.5077160493827161]","[0.25, NaN, 0.3333333333333333, 0.47058823529411764, 0.525]"
hallmark50_interactions__Gradient_Boosted_Survival__21419151,hallmark50_interactions,Gradient_Boosted_Survival,57,"{""learning_rate"": 0.1, ""max_depth"": 2, ""n_estimators"": 100, ""subsample"": 0.8, ""tnbc_weight"": 4}",0.6096483394665114,0.35363562091503264,4,0.48164198019077203,"[0.661849710982659, 0.6227544910179641, 0.5824964131994261, 0.5530546623794212, 0.6280864197530864]","[0.16666666666666666, NaN, 0.1111111111111111, 0.4117647058823529, 0.725]"
hallmark50__Gradient_Boosted_Survival__21419151,hallmark50,Gradient_Boosted_Survival,52,"{""learning_rate"": 0.1, ""max_depth"": 2, ""n_estimators"": 100, ""subsample"": 0.8, ""tnbc_weight"": 4}",0.6087432924309366,0.35445261437908493,4,0.48159795340501077,"[0.6271676300578035, 0.6317365269461078, 0.6068866571018652, 0.5498392282958199, 0.6280864197530864]","[0.0, NaN, 0.2222222222222222, 0.47058823529411764, 0.725]"
hallmark50__Gradient_Boosted_Survival__40033950,hallmark50,Gradient_Boosted_Survival,52,"{""learning_rate"": 0.1, ""max_depth"": 1, ""n_estimators"": 100, ""subsample"": 0.8, ""tnbc_weight"": 1}",0.6010238022714758,0.36033496732026143,4,0.4806793847958686,"[0.634393063583815, 0.6407185628742516, 0.5781922525107605, 0.5144694533762058, 0.6373456790123457]","[0.25, NaN, 0.2222222222222222, 0.29411764705882354, 0.675]"
hallmark50_interactions__Gradient_Boosted_Survival__63990083,hallmark50_interactions,Gradient_Boosted_Survival,57,"{""learning_rate"": 0.1, ""max_depth"": 1, ""n_estimators"": 100, ""subsample"": 0.8, ""tnbc_weight"": 4}",0.5851118185265414,0.3758578431372549,4,0.48048483083189814,"[0.6322254335260116, 0.6190119760479041, 0.5968436154949784, 0.4694533762057878, 0.6080246913580247]","[0.25, NaN, 0.16666666666666666, 0.4117647058823529, 0.675]"
hallmark50_interactions__Random_Survival_Forest__74813842,hallmark50_interactions,Random_Survival_Forest,57,"{""max_depth"": null, ""max_features"": ""sqrt"", ""min_samples_leaf"": 10, ""n_estimators"": 300, ""tnbc_weight"": 2}",0.5707476081467175,0.3884803921568627,4,0.4796140001517901,"[0.6286127167630058, 0.5883233532934131, 0.593974175035868, 0.5289389067524116, 0.5138888888888888]","[0.25, NaN, 0.3333333333333333, 0.47058823529411764, 0.5]"
hallmark50_interactions__Random_Survival_Forest__28082283,hallmark50_interactions,Random_Survival_Forest,57,"{""max_depth"": 8, ""max_features"": ""sqrt"", ""min_samples_leaf"": 10, ""n_estimators"": 300, ""tnbc_weight"": 2}",0.5707476081467175,0.3884803921568627,4,0.4796140001517901,"[0.6286127167630058, 0.5883233532934131, 0.593974175035868, 0.5289389067524116, 0.5138888888888888]","[0.25, NaN, 0.3333333333333333, 0.47058823529411764, 0.5]"
hallmark50__Gradient_Boosted_Survival__34011741,hallmark50,Gradient_Boosted_Survival,52,"{""learning_rate"": 0.03, ""max_depth"": 1, ""n_estimators"": 300, ""subsample"": 0.8, ""tnbc_weight"": 4}",0.5810825915643019,0.37749183006535947,4,0.47928721081483067,"[0.6394508670520231, 0.6332335329341318, 0.5423242467718795, 0.48392282958199356, 0.6064814814814815]","[0.25, NaN, 0.05555555555555555, 0.5294117647058824, 0.675]"
hallmark50__Gradient_Boosted_Survival__25461787,hallmark50,Gradient_Boosted_Survival,52,"{""learning_rate"": 0.03, ""max_depth"": 2, ""n_estimators"": 100, ""subsample"": 0.8, ""tnbc_weight"": 1}",0.5913240958796736,0.3667075163398693,4,0.47901580610977146,"[0.638728323699422, 0.6631736526946108, 0.569583931133429, 0.5064308681672026, 0.5787037037037037]","[0.16666666666666666, NaN, 0.2222222222222222, 0.35294117647058826, 0.725]"
hallmark50_interactions__Elastic_Net_Cox__65419333,hallmark50_interactions,Elastic_Net_Cox,57,"{""alpha"": 0.1, ""l1_ratio"": 0.5, ""tnbc_weight"": 1}",0.6151327579450199,0.34158496732026145,4,0.47835886263264066,"[0.6069364161849711, 0.5988023952095808, 0.697274031563845, 0.5337620578778135, 0.6388888888888888]","[0.25, NaN, 0.2222222222222222, 0.29411764705882354, 0.6]"
hallmark50__Gradient_Boosted_Survival__14255483,hallmark50,Gradient_Boosted_Survival,52,"{""learning_rate"": 0.1, ""max_depth"": 1, ""n_estimators"": 100, ""subsample"": 0.8, ""tnbc_weight"": 2}",0.580546198525737,0.3758578431372549,4,0.47820202083149593,"[0.6401734104046243, 0.5755988023952096, 0.5624103299856528, 0.4887459807073955, 0.6358024691358025]","[0.25, NaN, 0.16666666666666666, 0.4117647058823529, 0.675]"
hallmark50_interactions__Gradient_Boosted_Survival__25461787,hallmark50_interactions,Gradient_Boosted_Survival,57,"{""learning_rate"": 0.03, ""max_depth"": 2, ""n_estimators"": 100, ""subsample"": 0.8, ""tnbc_weight"": 1}",0.5823457194316201,0.3729575163398693,4,0.4776516178857447,"[0.6213872832369942, 0.6347305389221557, 0.5781922525107605, 0.5064308681672026, 0.5709876543209876]","[0.16666666666666666, NaN, 0.2222222222222222, 0.35294117647058826, 0.75]"
hallmark50_interactions__Elastic_Net_Cox__6417078,hallmark50_interactions,Elastic_Net_Cox,57,"{""alpha"": 0.1, ""l1_ratio"": 0.5, ""tnbc_weight"": 4}",0.5913854081687832,0.3559640522875817,4,0.4736747302281824,"[0.6170520231213873, 0.5598802395209581, 0.6714490674318508, 0.5514469453376206, 0.5570987654320988]","[0.16666666666666666, NaN, 0.2777777777777778, 0.5294117647058824, 0.45]"
seven__Elastic_Net_Cox__6417078,seven,Elastic_Net_Cox,9,"{""alpha"": 0.1, ""l1_ratio"": 0.5, ""tnbc_weight"": 4}",0.5413450257680748,0.405718954248366,4,0.4735319900082204,"[0.6069364161849711, 0.4940119760479042, 0.5681492109038737, 0.5916398713826366, 0.44598765432098764]","[0.4166666666666667, NaN, 0.4444444444444444, 0.4117647058823529, 0.35]"
hallmark50__Gradient_Boosted_Survival__35443320,hallmark50,Gradient_Boosted_Survival,52,"{""learning_rate"": 0.03, ""max_depth"": 1, ""n_estimators"": 300, ""subsample"": 0.8, ""tnbc_weight"": 2}",0.5948674694194704,0.3486519607843137,4,0.4717597151018921,"[0.6661849710982659, 0.6287425149700598, 0.569583931133429, 0.5064308681672026, 0.6033950617283951]","[0.25, NaN, 0.16666666666666666, 0.35294117647058826, 0.625]"
hallmark50_interactions__Gradient_Boosted_Survival__34011741,hallmark50_interactions,Gradient_Boosted_Survival,57,"{""learning_rate"": 0.03, ""max_depth"": 1, ""n_estimators"": 300, ""subsample"": 0.8, ""tnbc_weight"": 4}",0.5700064426521565,0.3689133986928105,4,0.4694599206724835,"[0.6423410404624278, 0.6294910179640718, 0.5423242467718795, 0.47106109324758844, 0.5648148148148148]","[0.3333333333333333, NaN, 0.05555555555555555, 0.4117647058823529, 0.675]"
hallmark50__Random_Survival_Forest__32209571,hallmark50,Random_Survival_Forest,52,"{""max_depth"": 4, ""max_features"": ""sqrt"", ""min_samples_leaf"": 10, ""n_estimators"": 300, ""tnbc_weight"": 2}",0.5751551916811295,0.3613970588235294,4,0.4682761252523294,"[0.6502890173410405, 0.6107784431137725, 0.5681492109038737, 0.545016077170418, 0.5015432098765432]","[0.3333333333333333, NaN, 0.16666666666666666, 0.47058823529411764, 0.475]"
hallmark50_interactions__Gradient_Boosted_Survival__66835057,hallmark50_interactions,Gradient_Boosted_Survival,57,"{""learning_rate"": 0.03, ""max_depth"": 2, ""n_estimators"": 100, ""subsample"": 0.8, ""tnbc_weight"": 2}",0.5838720490743242,0.35130718954248363,4,0.4675896193084039,"[0.6473988439306358, 0.6197604790419161, 0.5552367288378766, 0.49356913183279744, 0.6033950617283951]","[0.25, NaN, 0.1111111111111111, 0.29411764705882354, 0.75]"
hallmark50_interactions__Gradient_Boosted_Survival__76801816,hallmark50_interactions,Gradient_Boosted_Survival,57,"{""learning_rate"": 0.03, ""max_depth"": 2, ""n_estimators"": 100, ""subsample"": 0.8, ""tnbc_weight"": 4}",0.5938973452896118,0.33962418300653596,4,0.4667607641480739,"[0.6315028901734104, 0.6264970059880239, 0.6054519368723099, 0.5273311897106109, 0.5787037037037037]","[0.25, NaN, 0.05555555555555555, 0.35294117647058826, 0.7]"
hallmark50__Random_Survival_Forest__28082283,hallmark50,Random_Survival_Forest,52,"{""max_depth"": 8, ""max_features"": ""sqrt"", ""min_samples_leaf"": 10, ""n_estimators"": 300, ""tnbc_weight"": 2}",0.5765504287984005,0.3560866013071895,4,0.466318515052795,"[0.6401734104046243, 0.6152694610778443, 0.5724533715925395, 0.5594855305466238, 0.49537037037037035]","[0.25, NaN, 0.1111111111111111, 0.5882352941176471, 0.475]"
hallmark50__Random_Survival_Forest__74813842,hallmark50,Random_Survival_Forest,52,"{""max_depth"": null, ""max_features"": ""sqrt"", ""min_samples_leaf"": 10, ""n_estimators"": 300, ""tnbc_weight"": 2}",0.57626141145736,0.3560866013071895,4,0.46617400638227474,"[0.638728323699422, 0.6152694610778443, 0.5724533715925395, 0.5594855305466238, 0.49537037037037035]","[0.25, NaN, 0.1111111111111111, 0.5882352941176471, 0.475]"
hallmark50_interactions__Gradient_Boosted_Survival__35443320,hallmark50_interactions,Gradient_Boosted_Survival,57,"{""learning_rate"": 0.03, ""max_depth"": 1, ""n_estimators"": 300, ""subsample"": 0.8, ""tnbc_weight"": 2}",0.5812228022819351,0.3326797385620915,4,0.45695127042201333,"[0.6582369942196532, 0.6407185628742516, 0.5624103299856528, 0.46141479099678456, 0.5833333333333334]","[0.16666666666666666, NaN, 0.1111111111111111, 0.35294117647058826, 0.7]"
hallmark50__Gradient_Boosted_Survival__24560118,hallmark50,Gradient_Boosted_Survival,52,"{""learning_rate"": 0.03, ""max_depth"": 1, ""n_estimators"": 100, ""subsample"": 0.8, ""tnbc_weight"": 1}",0.5779877547549587,0.33325163398692814,4,0.4556196943709434,"[0.611271676300578, 0.6347305389221557, 0.5710186513629842, 0.5096463022508039, 0.5632716049382716]","[0.16666666666666666, NaN, 0.2222222222222222, 0.29411764705882354, 0.65]"
component7_interactions__Gradient_Boosted_Survival__4197476,component7_interactions,Gradient_Boosted_Survival,43,"{""learning_rate"": 0.03, ""max_depth"": 1, ""n_estimators"": 100, ""subsample"": 0.8, ""tnbc_weight"": 2}",0.5717793518950809,0.33558006535947715,4,0.453679708627279,"[0.5845375722543352, 0.5688622754491018, 0.6040172166427547, 0.6061093247588425, 0.49537037037037035]","[0.16666666666666666, NaN, 0.3888888888888889, 0.4117647058823529, 0.375]"
hallmark50__Elastic_Net_Cox__6417078,hallmark50,Elastic_Net_Cox,52,"{""alpha"": 0.1, ""l1_ratio"": 0.5, ""tnbc_weight"": 4}",0.5895464414134759,0.31348039215686274,4,0.4515134167851693,"[0.5982658959537572, 0.5508982035928144, 0.6614060258249641, 0.572347266881029, 0.5648148148148148]","[0.16666666666666666, NaN, 0.16666666666666666, 0.47058823529411764, 0.45]"
hallmark50_interactions__Gradient_Boosted_Survival__24560118,hallmark50_interactions,Gradient_Boosted_Survival,57,"{""learning_rate"": 0.03, ""max_depth"": 1, ""n_estimators"": 100, ""subsample"": 0.8, ""tnbc_weight"": 1}",0.5713112343136384,0.3270016339869281,4,0.4491564341502833,"[0.6127167630057804, 0.6287425149700598, 0.5710186513629842, 0.502411575562701, 0.5416666666666666]","[0.16666666666666666, NaN, 0.2222222222222222, 0.29411764705882354, 0.625]"
hallmark50__Gradient_Boosted_Survival__76801816,hallmark50,Gradient_Boosted_Survival,52,"{""learning_rate"": 0.03, ""max_depth"": 2, ""n_estimators"": 100, ""subsample"": 0.8, ""tnbc_weight"": 4}",0.5797301655620607,0.3093137254901961,4,0.4445219455261284,"[0.6184971098265896, 0.6010479041916168, 0.5982783357245337, 0.5144694533762058, 0.566358024691358]","[0.16666666666666666, NaN, 0.0, 0.47058823529411764, 0.6]"
component7_interactions__Gradient_Boosted_Survival__56931813,component7_interactions,Gradient_Boosted_Survival,43,"{""learning_rate"": 0.03, ""max_depth"": 1, ""n_estimators"": 100, ""subsample"": 0.8, ""tnbc_weight"": 4}",0.5471442308326759,0.3368464052287582,4,0.44199531803071707,"[0.5513005780346821, 0.5411676646706587, 0.599713055954089, 0.5659163987138264, 0.47762345679012347]","[0.25, NaN, 0.4444444444444444, 0.35294117647058826, 0.3]"
hallmark50__Gradient_Boosted_Survival__56931813,hallmark50,Gradient_Boosted_Survival,52,"{""learning_rate"": 0.03, ""max_depth"": 1, ""n_estimators"": 100, ""subsample"": 0.8, ""tnbc_weight"": 4}",0.542860050927084,0.3281862745098039,4,0.43552316271844393,"[0.5960982658959537, 0.6130239520958084, 0.5738880918220947, 0.46061093247588425, 0.470679012345679]","[0.3333333333333333, NaN, 0.0, 0.5294117647058824, 0.45]"
hallmark50__Gradient_Boosted_Survival__4197476,hallmark50,Gradient_Boosted_Survival,52,"{""learning_rate"": 0.03, ""max_depth"": 1, ""n_estimators"": 100, ""subsample"": 0.8, ""tnbc_weight"": 2}",0.541999244097354,0.3121936274509804,4,0.4270964357741672,"[0.6286127167630058, 0.5673652694610778, 0.5322812051649928, 0.4871382636655949, 0.49459876543209874]","[0.3333333333333333, NaN, 0.0, 0.35294117647058826, 0.5625]"
hallmark50_interactions__Gradient_Boosted_Survival__4197476,hallmark50_interactions,Gradient_Boosted_Survival,57,"{""learning_rate"": 0.03, ""max_depth"": 1, ""n_estimators"": 100, ""subsample"": 0.8, ""tnbc_weight"": 2}",0.5297562717389542,0.3214460784313725,4,0.4256011750851634,"[0.6264450867052023, 0.5598802395209581, 0.5351506456241033, 0.4766881028938907, 0.4506172839506173]","[0.4166666666666667, NaN, 0.0, 0.29411764705882354, 0.575]"
hallmark50_interactions__Gradient_Boosted_Survival__56931813,hallmark50_interactions,Gradient_Boosted_Survival,57,"{""learning_rate"": 0.03, ""max_depth"": 1, ""n_estimators"": 100, ""subsample"": 0.8, ""tnbc_weight"": 4}",0.5190675030896332,0.2778186274509804,4,0.3984430652703068,"[0.6047687861271677, 0.5793413173652695, 0.5667144906743186, 0.432475884244373, 0.41203703703703703]","[0.3333333333333333, NaN, 0.0, 0.35294117647058826, 0.425]"
