cohort,pathway,n_genes_defined,n_genes_present,coverage,scored,qc_type,feature,components_requested,components_present,n_components_present
TCGA-BRCA,HALLMARK_ADIPOGENESIS,200.0,189.0,0.945,True,gene_coverage,,,,
TCGA-BRCA,HALLMARK_ALLOGRAFT_REJECTION,200.0,195.0,0.975,True,gene_coverage,,,,
TCGA-BRCA,HALLMARK_ANDROGEN_RESPONSE,101.0,97.0,0.9603960396039604,True,gene_coverage,,,,
TCGA-BRCA,HALLMARK_ANGIOGENESIS,36.0,36.0,1.0,True,gene_coverage,,,,
TCGA-BRCA,HALLMARK_APICAL_JUNCTION,200.0,192.0,0.96,True,gene_coverage,,,,
TCGA-BRCA,HALLMARK_APICAL_SURFACE,44.0,43.0,0.9772727272727273,True,gene_coverage,,,,
TCGA-BRCA,HALLMARK_APOPTOSIS,161.0,158.0,0.9813664596273292,True,gene_coverage,,,,
TCGA-BRCA,HALLMARK_BILE_ACID_METABOLISM,112.0,112.0,1.0,True,gene_coverage,,,,
TCGA-BRCA,HALLMARK_CHOLESTEROL_HOMEOSTASIS,74.0,72.0,0.972972972972973,True,gene_coverage,,,,
TCGA-BRCA,HALLMARK_COAGULATION,138.0,136.0,0.9855072463768116,True,gene_coverage,,,,
TCGA-BRCA,HALLMARK_COMPLEMENT,200.0,195.0,0.975,True,gene_coverage,,,,
TCGA-BRCA,HALLMARK_DNA_REPAIR,150.0,139.0,0.9266666666666666,True,gene_coverage,,,,
TCGA-BRCA,HALLMARK_E2F_TARGETS,200.0,187.0,0.935,True,gene_coverage,,,,
TCGA-BRCA,HALLMARK_EPITHELIAL_MESENCHYMAL_TRANSITION,200.0,194.0,0.97,True,gene_coverage,,,,
TCGA-BRCA,HALLMARK_ESTROGEN_RESPONSE_EARLY,200.0,190.0,0.95,True,gene_coverage,,,,
TCGA-BRCA,HALLMARK_ESTROGEN_RESPONSE_LATE,200.0,193.0,0.965,True,gene_coverage,,,,
TCGA-BRCA,HALLMARK_FATTY_ACID_METABOLISM,158.0,153.0,0.9683544303797469,True,gene_coverage,,,,
TCGA-BRCA,HALLMARK_G2M_CHECKPOINT,200.0,184.0,0.92,True,gene_coverage,,,,
TCGA-BRCA,HALLMARK_GLYCOLYSIS,200.0,195.0,0.975,True,gene_coverage,,,,
TCGA-BRCA,HALLMARK_HEDGEHOG_SIGNALING,36.0,35.0,0.9722222222222222,True,gene_coverage,,,,
TCGA-BRCA,HALLMARK_HEME_METABOLISM,200.0,190.0,0.95,True,gene_coverage,,,,
TCGA-BRCA,HALLMARK_HYPOXIA,200.0,190.0,0.95,True,gene_coverage,,,,
TCGA-BRCA,HALLMARK_IL2_STAT5_SIGNALING,199.0,193.0,0.9698492462311558,True,gene_coverage,,,,
TCGA-BRCA,HALLMARK_IL6_JAK_STAT3_SIGNALING,87.0,87.0,1.0,True,gene_coverage,,,,
TCGA-BRCA,HALLMARK_INFLAMMATORY_RESPONSE,200.0,197.0,0.985,True,gene_coverage,,,,
TCGA-BRCA,HALLMARK_INTERFERON_ALPHA_RESPONSE,97.0,92.0,0.9484536082474226,True,gene_coverage,,,,
TCGA-BRCA,HALLMARK_INTERFERON_GAMMA_RESPONSE,200.0,194.0,0.97,True,gene_coverage,,,,
TCGA-BRCA,HALLMARK_KRAS_SIGNALING_DN,200.0,188.0,0.94,True,gene_coverage,,,,
TCGA-BRCA,HALLMARK_KRAS_SIGNALING_UP,200.0,193.0,0.965,True,gene_coverage,,,,
TCGA-BRCA,HALLMARK_MITOTIC_SPINDLE,199.0,196.0,0.9849246231155779,True,gene_coverage,,,,
TCGA-BRCA,HALLMARK_MTORC1_SIGNALING,200.0,191.0,0.955,True,gene_coverage,,,,
TCGA-BRCA,HALLMARK_MYC_TARGETS_V1,200.0,187.0,0.935,True,gene_coverage,,,,
TCGA-BRCA,HALLMARK_MYC_TARGETS_V2,58.0,57.0,0.9827586206896551,True,gene_coverage,,,,
TCGA-BRCA,HALLMARK_MYOGENESIS,200.0,197.0,0.985,True,gene_coverage,,,,
TCGA-BRCA,HALLMARK_NOTCH_SIGNALING,32.0,32.0,1.0,True,gene_coverage,,,,
TCGA-BRCA,HALLMARK_OXIDATIVE_PHOSPHORYLATION,200.0,182.0,0.91,True,gene_coverage,,,,
TCGA-BRCA,HALLMARK_P53_PATHWAY,200.0,190.0,0.95,True,gene_coverage,,,,
TCGA-BRCA,HALLMARK_PANCREAS_BETA_CELLS,40.0,40.0,1.0,True,gene_coverage,,,,
TCGA-BRCA,HALLMARK_PEROXISOME,104.0,101.0,0.9711538461538461,True,gene_coverage,,,,
TCGA-BRCA,HALLMARK_PI3K_AKT_MTOR_SIGNALING,105.0,104.0,0.9904761904761905,True,gene_coverage,,,,
TCGA-BRCA,HALLMARK_PROTEIN_SECRETION,96.0,95.0,0.9895833333333334,True,gene_coverage,,,,
TCGA-BRCA,HALLMARK_REACTIVE_OXYGEN_SPECIES_PATHWAY,49.0,45.0,0.9183673469387755,True,gene_coverage,,,,
TCGA-BRCA,HALLMARK_SPERMATOGENESIS,135.0,131.0,0.9703703703703703,True,gene_coverage,,,,
TCGA-BRCA,HALLMARK_TGF_BETA_SIGNALING,54.0,54.0,1.0,True,gene_coverage,,,,
TCGA-BRCA,HALLMARK_TNFA_SIGNALING_VIA_NFKB,200.0,196.0,0.98,True,gene_coverage,,,,
TCGA-BRCA,HALLMARK_UNFOLDED_PROTEIN_RESPONSE,113.0,105.0,0.9292035398230089,True,gene_coverage,,,,
TCGA-BRCA,HALLMARK_UV_RESPONSE_DN,144.0,137.0,0.9513888888888888,True,gene_coverage,,,,
TCGA-BRCA,HALLMARK_UV_RESPONSE_UP,158.0,152.0,0.9620253164556962,True,gene_coverage,,,,
TCGA-BRCA,HALLMARK_WNT_BETA_CATENIN_SIGNALING,42.0,42.0,1.0,True,gene_coverage,,,,
TCGA-BRCA,HALLMARK_XENOBIOTIC_METABOLISM,200.0,196.0,0.98,True,gene_coverage,,,,
TCGA-BRCA,KEGG_MEDICUS_ENV_FACTOR_E2_TO_NUCLEAR_INITIATED_ESTROGEN_SIGNALING_PATHWAY,7.0,7.0,1.0,True,gene_coverage,,,,
TCGA-BRCA,KEGG_MEDICUS_ENV_FACTOR_NICOTINE_NNK_TO_PI3K_SIGNALING_PATHWAY,11.0,11.0,1.0,True,gene_coverage,,,,
TCGA-BRCA,KEGG_MEDICUS_ENV_FACTOR_NNK_NNN_TO_PI3K_SIGNALING_PATHWAY_N01339,11.0,11.0,1.0,True,gene_coverage,,,,
TCGA-BRCA,KEGG_MEDICUS_ENV_FACTOR_NNK_NNN_TO_PI3K_SIGNALING_PATHWAY_N01350,12.0,12.0,1.0,True,gene_coverage,,,,
TCGA-BRCA,KEGG_MEDICUS_PATHOGEN_EBV_EBNA1_TO_P53_MEDIATED_TRANSCRIPTION,10.0,10.0,1.0,True,gene_coverage,,,,
TCGA-BRCA,KEGG_MEDICUS_PATHOGEN_EBV_EBNA3C_TO_CELL_CYCLE_G1_S_N00483,9.0,9.0,1.0,True,gene_coverage,,,,
TCGA-BRCA,KEGG_MEDICUS_PATHOGEN_EBV_EBNA3C_TO_CELL_CYCLE_G1_S_N00484,5.0,5.0,1.0,True,gene_coverage,,,,
TCGA-BRCA,KEGG_MEDICUS_PATHOGEN_EBV_EBNA3C_TO_P27_CELL_CYCLE_G1_S_N00264,11.0,11.0,1.0,True,gene_coverage,,,,
TCGA-BRCA,KEGG_MEDICUS_PATHOGEN_EBV_EBNA3C_TO_P27_CELL_CYCLE_G1_S_N00482,9.0,9.0,1.0,True,gene_coverage,,,,
TCGA-BRCA,KEGG_MEDICUS_PATHOGEN_EBV_EBNA3C_TO_P53_MEDIATED_TRANSCRIPTION,10.0,10.0,1.0,True,gene_coverage,,,,
TCGA-BRCA,KEGG_MEDICUS_PATHOGEN_EBV_LMP1_TO_PI3K_SIGNALING_PATHWAY,5.0,5.0,1.0,True,gene_coverage,,,,
TCGA-BRCA,KEGG_MEDICUS_PATHOGEN_EBV_LMP2A_TO_PI3K_SIGNALING_PATHWAY,5.0,5.0,1.0,True,gene_coverage,,,,
TCGA-BRCA,KEGG_MEDICUS_PATHOGEN_ESCHERICHIA_TIR_TO_TLR2_4_MAPK_SIGNALING_PATHWAY,5.0,5.0,1.0,True,gene_coverage,,,,
TCGA-BRCA,KEGG_MEDICUS_PATHOGEN_HCMV_US28_TO_GNB_G_PI3K_NFKB_SIGNALING_PATHWAY,31.0,30.0,0.967741935483871,True,gene_coverage,,,,
TCGA-BRCA,KEGG_MEDICUS_PATHOGEN_HIV_GP120_TO_CXCR4_GNAI_PI3K_BAD_SIGNALING_PATHWAY,12.0,12.0,1.0,True,gene_coverage,,,,
TCGA-BRCA,KEGG_MEDICUS_PATHOGEN_HIV_VPR_TO_CDC25_CELL_CYCLE_G2M,11.0,10.0,0.9090909090909091,True,gene_coverage,,,,
TCGA-BRCA,KEGG_MEDICUS_PATHOGEN_HIV_VPR_TO_WEE1_CELL_CYCLE_G2M,5.0,5.0,1.0,True,gene_coverage,,,,
TCGA-BRCA,KEGG_MEDICUS_PATHOGEN_HPV_E7_TO_CELL_CYCLE_G1_S,6.0,6.0,1.0,True,gene_coverage,,,,
TCGA-BRCA,KEGG_MEDICUS_PATHOGEN_HPV_E7_TO_P27_CELL_CYCLE_G1_S,7.0,7.0,1.0,True,gene_coverage,,,,
TCGA-BRCA,KEGG_MEDICUS_PATHOGEN_HTLV_1_TAX_TO_P21_CELL_CYCLE_G1_S_N00497,9.0,9.0,1.0,True,gene_coverage,,,,
TCGA-BRCA,KEGG_MEDICUS_PATHOGEN_HTLV_1_TAX_TO_P21_CELL_CYCLE_G1_S_N00498,8.0,8.0,1.0,True,gene_coverage,,,,
TCGA-BRCA,KEGG_MEDICUS_PATHOGEN_KSHV_VCYCLIN_TO_CELL_CYCLE_G1_S,6.0,6.0,1.0,True,gene_coverage,,,,
TCGA-BRCA,KEGG_MEDICUS_PATHOGEN_KSHV_VGPCR_TO_GNB_G_PI3K_AKT_SIGNALING_PATHWAY,24.0,24.0,1.0,True,gene_coverage,,,,
TCGA-BRCA,KEGG_MEDICUS_PATHOGEN_KSHV_VGPCR_TO_GNB_G_PI3K_JNK_SIGNALING_PATHWAY,29.0,28.0,0.9655172413793104,True,gene_coverage,,,,
TCGA-BRCA,KEGG_MEDICUS_PATHOGEN_SHIGELLA_OSPF_TO_TLR2_4_MAPK_SIGNALING_PATHWAY,6.0,6.0,1.0,True,gene_coverage,,,,
TCGA-BRCA,KEGG_MEDICUS_PATHOGEN_YERSINIA_YOPP_J_TO_TLR2_4_MAPK_SIGNALING_PATHWAY,6.0,6.0,1.0,True,gene_coverage,,,,
TCGA-BRCA,KEGG_MEDICUS_REFERENCE_26S_PROTEASOME_MEDIATED_PROTEIN_DEGRADATION,39.0,38.0,0.9743589743589743,True,gene_coverage,,,,
TCGA-BRCA,KEGG_MEDICUS_REFERENCE_ACH_CHRN_PI3K_SIGNALING_PATHWAY,7.0,7.0,1.0,True,gene_coverage,,,,
TCGA-BRCA,KEGG_MEDICUS_REFERENCE_ACH_CHRN_RAS_ERK_SIGNALING_PATHWAY,21.0,21.0,1.0,True,gene_coverage,,,,
TCGA-BRCA,KEGG_MEDICUS_REFERENCE_ACTH_CORTISOL_SIGNALING_PATHWAY,32.0,32.0,1.0,True,gene_coverage,,,,
TCGA-BRCA,KEGG_MEDICUS_REFERENCE_ACTIVATION_OF_PRC2.2_BY_UBIQUITINATION_OF_H2AK119,22.0,20.0,0.9090909090909091,True,gene_coverage,,,,
TCGA-BRCA,KEGG_MEDICUS_REFERENCE_ACTIVATION_OF_PRC2.2_BY_UBIQUITINATION_OF_H2AK119_IN_GERMLINE_GENES,27.0,25.0,0.9259259259259259,True,gene_coverage,,,,
TCGA-BRCA,KEGG_MEDICUS_REFERENCE_ACTIVIN_SIGNALING_PATHWAY,8.0,8.0,1.0,True,gene_coverage,,,,
TCGA-BRCA,KEGG_MEDICUS_REFERENCE_ADRB3_UCP1_SIGNALING_PATHWAY,35.0,35.0,1.0,True,gene_coverage,,,,
TCGA-BRCA,KEGG_MEDICUS_REFERENCE_AGE_RAGE_SIGNALING_PATHWAY,16.0,16.0,1.0,True,gene_coverage,,,,
TCGA-BRCA,KEGG_MEDICUS_REFERENCE_AHR_SIGNALING_PATHWAY,8.0,8.0,1.0,True,gene_coverage,,,,
TCGA-BRCA,KEGG_MEDICUS_REFERENCE_ALTERNATIVE_PATHWAY_OF_COMPLEMENT_CASCADE_C3B_BREAKDOWN,5.0,5.0,1.0,True,gene_coverage,,,,
TCGA-BRCA,KEGG_MEDICUS_REFERENCE_AMH_SIGNALING_PATHWAY,9.0,9.0,1.0,True,gene_coverage,,,,
TCGA-BRCA,KEGG_MEDICUS_REFERENCE_ANGII_AT1R_NOX2_SIGNALING_PATHWAY,8.0,8.0,1.0,True,gene_coverage,,,,
TCGA-BRCA,KEGG_MEDICUS_REFERENCE_ANGIOTENSIN_ALDOSTERONE_SIGNALING_PATHWAY,28.0,28.0,1.0,True,gene_coverage,,,,
TCGA-BRCA,KEGG_MEDICUS_REFERENCE_ANTEROGRADE_AXONAL_TRANSPORT,24.0,22.0,0.9166666666666666,True,gene_coverage,,,,
TCGA-BRCA,KEGG_MEDICUS_REFERENCE_ANTIGEN_PROCESSING_AND_PRESENTATION_BY_MHC_CLASS_II_MOLECULES,15.0,13.0,0.8666666666666667,True,gene_coverage,,,,
TCGA-BRCA,KEGG_MEDICUS_REFERENCE_ANTIGEN_PROCESSING_AND_PRESENTATION_BY_MHC_CLASS_I_MOLECULES,12.0,12.0,1.0,True,gene_coverage,,,,
TCGA-BRCA,KEGG_MEDICUS_REFERENCE_ANXA2_S100A10_REGULATED_ACTIN_CYTOSKELETON,5.0,5.0,1.0,True,gene_coverage,,,,
TCGA-BRCA,KEGG_MEDICUS_REFERENCE_AREG_EGFR_PI3K_SIGNALING_PATHWAY,11.0,11.0,1.0,True,gene_coverage,,,,
TCGA-BRCA,KEGG_MEDICUS_REFERENCE_AREG_EGFR_RAS_ERK_SIGNALING_PATHWAY,15.0,15.0,1.0,True,gene_coverage,,,,
TCGA-BRCA,KEGG_MEDICUS_REFERENCE_ARL8_REGULATED_MICROTUBULE_PLUS_END_DIRECTED_TRANSPORT,35.0,28.0,0.8,True,gene_coverage,,,,
TCGA-BRCA,KEGG_MEDICUS_REFERENCE_ARNO_ARF_ACTB_G_SIGNALING_PATHWAY,25.0,24.0,0.96,True,gene_coverage,,,,
TCGA-BRCA,KEGG_MEDICUS_REFERENCE_ASSEMBLY_AND_TRAFFICKING_OF_TELOMERASE,19.0,19.0,1.0,True,gene_coverage,,,,
TCGA-BRCA,KEGG_MEDICUS_REFERENCE_ATR_P21_CELL_CYCLE_G2_M,9.0,9.0,1.0,True,gene_coverage,,,,
TCGA-BRCA,KEGG_MEDICUS_REFERENCE_GLYCOLYSIS,25.0,23.0,0.92,True,gene_coverage,,,,
TCGA-BRCA,KEGG_MEDICUS_REFERENCE_HOMOLOGOUS_RECOMBINATION,33.0,30.0,0.9090909090909091,True,gene_coverage,,,,
TCGA-BRCA,KEGG_MEDICUS_REFERENCE_MISMATCH_REPAIR,26.0,26.0,1.0,True,gene_coverage,,,,
TCGA-BRCA,REACTOME_ABERRANT_REGULATION_OF_MITOTIC_EXIT_IN_CANCER_DUE_TO_RB1_DEFECTS,20.0,19.0,0.95,True,gene_coverage,,,,
TCGA-BRCA,REACTOME_ABERRANT_REGULATION_OF_MITOTIC_G1_S_TRANSITION_IN_CANCER_DUE_TO_RB1_DEFECTS,17.0,17.0,1.0,True,gene_coverage,,,,
TCGA-BRCA,REACTOME_ACTIVATED_NTRK2_SIGNALS_THROUGH_PI3K,7.0,7.0,1.0,True,gene_coverage,,,,
TCGA-BRCA,REACTOME_ACTIVATED_NTRK3_SIGNALS_THROUGH_PI3K,6.0,6.0,1.0,True,gene_coverage,,,,
TCGA-BRCA,REACTOME_ACTIVATED_PKN1_STIMULATES_TRANSCRIPTION_OF_AR_ANDROGEN_RECEPTOR_REGULATED_GENES_KLK2_AND_KLK3,66.0,7.0,0.10606060606060606,True,gene_coverage,,,,
TCGA-BRCA,REACTOME_ACTIVATED_TAK1_MEDIATES_P38_MAPK_ACTIVATION,23.0,23.0,1.0,True,gene_coverage,,,,
TCGA-BRCA,REACTOME_ACTIVATION_OF_RAS_IN_B_CELLS,5.0,5.0,1.0,True,gene_coverage,,,,
TCGA-BRCA,REACTOME_ADAPTIVE_IMMUNE_SYSTEM,828.0,738.0,0.8913043478260869,True,gene_coverage,,,,
TCGA-BRCA,REACTOME_ADORA2B_MEDIATED_ANTI_INFLAMMATORY_CYTOKINES_PRODUCTION,43.0,43.0,1.0,True,gene_coverage,,,,
TCGA-BRCA,REACTOME_ALPHA_LINOLENIC_OMEGA3_AND_LINOLEIC_OMEGA6_ACID_METABOLISM,13.0,13.0,1.0,True,gene_coverage,,,,
TCGA-BRCA,REACTOME_ANDROGEN_BIOSYNTHESIS,11.0,11.0,1.0,True,gene_coverage,,,,
TCGA-BRCA,REACTOME_ANTIGEN_ACTIVATES_B_CELL_RECEPTOR_BCR_LEADING_TO_GENERATION_OF_SECOND_MESSENGERS,86.0,30.0,0.3488372093023256,True,gene_coverage,,,,
TCGA-BRCA,REACTOME_APC_C_MEDIATED_DEGRADATION_OF_CELL_CYCLE_PROTEINS,88.0,86.0,0.9772727272727273,True,gene_coverage,,,,
TCGA-BRCA,REACTOME_APOPTOSIS,179.0,169.0,0.9441340782122905,True,gene_coverage,,,,
TCGA-BRCA,REACTOME_APOPTOSIS_INDUCED_DNA_FRAGMENTATION,13.0,7.0,0.5384615384615384,True,gene_coverage,,,,
TCGA-BRCA,REACTOME_ARACHIDONIC_ACID_METABOLISM,59.0,58.0,0.9830508474576272,True,gene_coverage,,,,
TCGA-BRCA,REACTOME_ASPARTATE_AND_ASPARAGINE_METABOLISM,11.0,11.0,1.0,True,gene_coverage,,,,
TCGA-BRCA,REACTOME_ASSEMBLY_OF_COLLAGEN_FIBRILS_AND_OTHER_MULTIMERIC_STRUCTURES,61.0,58.0,0.9508196721311475,True,gene_coverage,,,,
TCGA-BRCA,REACTOME_BETA_OXIDATION_OF_VERY_LONG_CHAIN_FATTY_ACIDS,11.0,10.0,0.9090909090909091,True,gene_coverage,,,,
TCGA-BRCA,REACTOME_BILE_ACID_AND_BILE_SALT_METABOLISM,44.0,42.0,0.9545454545454546,True,gene_coverage,,,,
TCGA-BRCA,REACTOME_BIOTIN_TRANSPORT_AND_METABOLISM,11.0,11.0,1.0,True,gene_coverage,,,,
TCGA-BRCA,REACTOME_CARNITINE_METABOLISM,14.0,14.0,1.0,True,gene_coverage,,,,
TCGA-BRCA,REACTOME_CD28_DEPENDENT_PI3K_AKT_SIGNALING,22.0,22.0,1.0,True,gene_coverage,,,,
TCGA-BRCA,REACTOME_CELLULAR_RESPONSE_TO_HYPOXIA,75.0,71.0,0.9466666666666667,True,gene_coverage,,,,
TCGA-BRCA,REACTOME_CELL_CYCLE,694.0,579.0,0.8342939481268011,True,gene_coverage,,,,
TCGA-BRCA,REACTOME_CELL_CYCLE_CHECKPOINTS,291.0,234.0,0.8041237113402062,True,gene_coverage,,,,
TCGA-BRCA,REACTOME_CELL_CYCLE_MITOTIC,561.0,462.0,0.8235294117647058,True,gene_coverage,,,,
TCGA-BRCA,REACTOME_CELL_EXTRACELLULAR_MATRIX_INTERACTIONS,18.0,18.0,1.0,True,gene_coverage,,,,
TCGA-BRCA,REACTOME_CHONDROITIN_SULFATE_DERMATAN_SULFATE_METABOLISM,50.0,50.0,1.0,True,gene_coverage,,,,
TCGA-BRCA,REACTOME_COBALAMIN_CBL_METABOLISM,7.0,6.0,0.8571428571428571,True,gene_coverage,,,,
TCGA-BRCA,REACTOME_COBALAMIN_CBL_VITAMIN_B12_TRANSPORT_AND_METABOLISM,22.0,20.0,0.9090909090909091,True,gene_coverage,,,,
TCGA-BRCA,REACTOME_COLLAGEN_BIOSYNTHESIS_AND_MODIFYING_ENZYMES,67.0,60.0,0.8955223880597015,True,gene_coverage,,,,
TCGA-BRCA,REACTOME_COLLAGEN_CHAIN_TRIMERIZATION,44.0,42.0,0.9545454545454546,True,gene_coverage,,,,
TCGA-BRCA,REACTOME_COLLAGEN_DEGRADATION,64.0,59.0,0.921875,True,gene_coverage,,,,
TCGA-BRCA,REACTOME_COLLAGEN_FORMATION,90.0,81.0,0.9,True,gene_coverage,,,,
TCGA-BRCA,REACTOME_CONSTITUTIVE_SIGNALING_BY_ABERRANT_PI3K_IN_CANCER,83.0,83.0,1.0,True,gene_coverage,,,,
TCGA-BRCA,REACTOME_CONSTITUTIVE_SIGNALING_BY_OVEREXPRESSED_ERBB2,11.0,10.0,0.9090909090909091,True,gene_coverage,,,,
TCGA-BRCA,REACTOME_CREATINE_METABOLISM,11.0,11.0,1.0,True,gene_coverage,,,,
TCGA-BRCA,REACTOME_CROSSLINKING_OF_COLLAGEN_FIBRILS,18.0,18.0,1.0,True,gene_coverage,,,,
TCGA-BRCA,REACTOME_CYTOKINE_SIGNALING_IN_IMMUNE_SYSTEM,789.0,741.0,0.9391634980988594,True,gene_coverage,,,,
TCGA-BRCA,REACTOME_DDX58_IFIH1_MEDIATED_INDUCTION_OF_INTERFERON_ALPHA_BETA,82.0,79.0,0.9634146341463414,True,gene_coverage,,,,
TCGA-BRCA,REACTOME_DEFECTIVE_INTRINSIC_PATHWAY_FOR_APOPTOSIS,25.0,25.0,1.0,True,gene_coverage,,,,
TCGA-BRCA,REACTOME_DEFECTS_IN_BIOTIN_BTN_METABOLISM,8.0,8.0,1.0,True,gene_coverage,,,,
TCGA-BRCA,REACTOME_DEFECTS_IN_COBALAMIN_B12_METABOLISM,14.0,12.0,0.8571428571428571,True,gene_coverage,,,,
TCGA-BRCA,REACTOME_DEFECTS_IN_VITAMIN_AND_COFACTOR_METABOLISM,22.0,20.0,0.9090909090909091,True,gene_coverage,,,,
TCGA-BRCA,REACTOME_DEFECTS_OF_PLATELET_ADHESION_TO_EXPOSED_COLLAGEN,8.0,7.0,0.875,True,gene_coverage,,,,
TCGA-BRCA,REACTOME_DEGRADATION_OF_THE_EXTRACELLULAR_MATRIX,140.0,133.0,0.95,True,gene_coverage,,,,
TCGA-BRCA,REACTOME_DEX_H_BOX_HELICASES_ACTIVATE_TYPE_I_IFN_AND_INFLAMMATORY_CYTOKINES_PRODUCTION,7.0,7.0,1.0,True,gene_coverage,,,,
TCGA-BRCA,REACTOME_DISEASES_ASSOCIATED_WITH_GLYCOSAMINOGLYCAN_METABOLISM,41.0,41.0,1.0,True,gene_coverage,,,,
TCGA-BRCA,REACTOME_DISEASES_ASSOCIATED_WITH_SURFACTANT_METABOLISM,10.0,10.0,1.0,True,gene_coverage,,,,
TCGA-BRCA,REACTOME_DISEASES_OF_CARBOHYDRATE_METABOLISM,34.0,33.0,0.9705882352941176,True,gene_coverage,,,,
TCGA-BRCA,REACTOME_DISEASES_OF_DNA_REPAIR,51.0,45.0,0.8823529411764706,True,gene_coverage,,,,
TCGA-BRCA,REACTOME_DISEASES_OF_IMMUNE_SYSTEM,32.0,32.0,1.0,True,gene_coverage,,,,
TCGA-BRCA,REACTOME_DISEASES_OF_METABOLISM,250.0,239.0,0.956,True,gene_coverage,,,,
TCGA-BRCA,REACTOME_DISEASES_OF_MISMATCH_REPAIR_MMR,5.0,5.0,1.0,True,gene_coverage,,,,
TCGA-BRCA,REACTOME_DISEASES_OF_MITOTIC_CELL_CYCLE,38.0,37.0,0.9736842105263158,True,gene_coverage,,,,
TCGA-BRCA,REACTOME_DNA_REPAIR,332.0,261.0,0.786144578313253,True,gene_coverage,,,,
TCGA-BRCA,REACTOME_DOWNREGULATION_OF_ERBB2_ERBB3_SIGNALING,13.0,13.0,1.0,True,gene_coverage,,,,
TCGA-BRCA,REACTOME_DOWNREGULATION_OF_ERBB2_SIGNALING,29.0,28.0,0.9655172413793104,True,gene_coverage,,,,
TCGA-BRCA,REACTOME_DOWNREGULATION_OF_ERBB4_SIGNALING,9.0,9.0,1.0,True,gene_coverage,,,,
TCGA-BRCA,REACTOME_DOWNSTREAM_SIGNALING_EVENTS_OF_B_CELL_RECEPTOR_BCR,81.0,80.0,0.9876543209876543,True,gene_coverage,,,,
TCGA-BRCA,REACTOME_ENHANCED_BINDING_OF_GP1BA_VARIANT_TO_VWF_MULTIMER_COLLAGEN,7.0,6.0,0.8571428571428571,True,gene_coverage,,,,
TCGA-BRCA,REACTOME_ERBB2_ACTIVATES_PTK6_SIGNALING,13.0,13.0,1.0,True,gene_coverage,,,,
TCGA-BRCA,REACTOME_ERBB2_REGULATES_CELL_MOTILITY,15.0,15.0,1.0,True,gene_coverage,,,,
TCGA-BRCA,REACTOME_ERK_MAPK_TARGETS,22.0,22.0,1.0,True,gene_coverage,,,,
TCGA-BRCA,REACTOME_ERYTHROPOIETIN_ACTIVATES_PHOSPHOINOSITIDE_3_KINASE_PI3K,12.0,12.0,1.0,True,gene_coverage,,,,
TCGA-BRCA,REACTOME_ESTROGEN_BIOSYNTHESIS,6.0,6.0,1.0,True,gene_coverage,,,,
TCGA-BRCA,REACTOME_ESTROGEN_DEPENDENT_GENE_EXPRESSION,149.0,86.0,0.5771812080536913,True,gene_coverage,,,,
TCGA-BRCA,REACTOME_ESTROGEN_DEPENDENT_NUCLEAR_EVENTS_DOWNSTREAM_OF_ESR_MEMBRANE_SIGNALING,24.0,24.0,1.0,True,gene_coverage,,,,
TCGA-BRCA,REACTOME_ESTROGEN_STIMULATED_SIGNALING_THROUGH_PRKCZ,6.0,6.0,1.0,True,gene_coverage,,,,
TCGA-BRCA,REACTOME_EVASION_BY_RSV_OF_HOST_INTERFERON_RESPONSES,35.0,32.0,0.9142857142857143,True,gene_coverage,,,,
TCGA-BRCA,REACTOME_EXTRACELLULAR_MATRIX_ORGANIZATION,300.0,288.0,0.96,True,gene_coverage,,,,
TCGA-BRCA,REACTOME_EXTRA_NUCLEAR_ESTROGEN_SIGNALING,75.0,75.0,1.0,True,gene_coverage,,,,
TCGA-BRCA,REACTOME_FATTY_ACIDS,15.0,15.0,1.0,True,gene_coverage,,,,
TCGA-BRCA,REACTOME_FATTY_ACIDS_BOUND_TO_GPR40_FFAR1_REGULATE_INSULIN_SECRETION,8.0,8.0,1.0,True,gene_coverage,,,,
TCGA-BRCA,REACTOME_FATTY_ACID_METABOLISM,176.0,166.0,0.9431818181818182,True,gene_coverage,,,,
TCGA-BRCA,REACTOME_FATTY_ACYL_COA_BIOSYNTHESIS,37.0,32.0,0.8648648648648649,True,gene_coverage,,,,
TCGA-BRCA,REACTOME_FCERI_MEDIATED_MAPK_ACTIVATION,87.0,32.0,0.367816091954023,True,gene_coverage,,,,
TCGA-BRCA,REACTOME_FICOLINS_BIND_TO_REPETITIVE_CARBOHYDRATE_STRUCTURES_ON_THE_TARGET_CELL_SURFACE,5.0,5.0,1.0,True,gene_coverage,,,,
TCGA-BRCA,REACTOME_FOXO_MEDIATED_TRANSCRIPTION_OF_CELL_CYCLE_GENES,17.0,17.0,1.0,True,gene_coverage,,,,
TCGA-BRCA,REACTOME_FOXO_MEDIATED_TRANSCRIPTION_OF_OXIDATIVE_STRESS_METABOLIC_AND_NEURONAL_GENES,30.0,28.0,0.9333333333333333,True,gene_coverage,,,,
TCGA-BRCA,REACTOME_FREE_FATTY_ACIDS_REGULATE_INSULIN_SECRETION,11.0,11.0,1.0,True,gene_coverage,,,,
TCGA-BRCA,REACTOME_FREE_FATTY_ACID_RECEPTORS,5.0,4.0,0.8,False,gene_coverage,,,,
TCGA-BRCA,REACTOME_FRUCTOSE_METABOLISM,7.0,6.0,0.8571428571428571,True,gene_coverage,,,,
TCGA-BRCA,REACTOME_GAP_FILLING_DNA_REPAIR_SYNTHESIS_AND_LIGATION_IN_GG_NER,25.0,25.0,1.0,True,gene_coverage,,,,
TCGA-BRCA,REACTOME_GASTRIN_CREB_SIGNALLING_PATHWAY_VIA_PKC_AND_MAPK,18.0,18.0,1.0,True,gene_coverage,,,,
TCGA-BRCA,REACTOME_GLOBAL_GENOME_NUCLEOTIDE_EXCISION_REPAIR_GG_NER,84.0,84.0,1.0,True,gene_coverage,,,,
TCGA-BRCA,REACTOME_GLUCOSE_METABOLISM,85.0,79.0,0.9294117647058824,True,gene_coverage,,,,
TCGA-BRCA,REACTOME_GLUTAMATE_AND_GLUTAMINE_METABOLISM,14.0,12.0,0.8571428571428571,True,gene_coverage,,,,
TCGA-BRCA,REACTOME_GLYCOGEN_METABOLISM,25.0,25.0,1.0,True,gene_coverage,,,,
TCGA-BRCA,REACTOME_GLYCOSAMINOGLYCAN_METABOLISM,126.0,123.0,0.9761904761904762,True,gene_coverage,,,,
TCGA-BRCA,REACTOME_GLYCOSPHINGOLIPID_METABOLISM,58.0,56.0,0.9655172413793104,True,gene_coverage,,,,
TCGA-BRCA,REACTOME_GLYOXYLATE_METABOLISM_AND_GLYCINE_DEGRADATION,19.0,18.0,0.9473684210526315,True,gene_coverage,,,,
TCGA-BRCA,REACTOME_GRB2_EVENTS_IN_ERBB2_SIGNALING,16.0,16.0,1.0,True,gene_coverage,,,,
TCGA-BRCA,REACTOME_GRB2_SOS_PROVIDES_LINKAGE_TO_MAPK_SIGNALING_FOR_INTEGRINS,15.0,15.0,1.0,True,gene_coverage,,,,
TCGA-BRCA,REACTOME_GRB7_EVENTS_IN_ERBB2_SIGNALING,5.0,5.0,1.0,True,gene_coverage,,,,
TCGA-BRCA,REACTOME_G_BETA_GAMMA_SIGNALLING_THROUGH_PI3KGAMMA,25.0,25.0,1.0,True,gene_coverage,,,,
TCGA-BRCA,REACTOME_HDR_THROUGH_HOMOLOGOUS_RECOMBINATION_HRR,70.0,59.0,0.8428571428571429,True,gene_coverage,,,,
TCGA-BRCA,REACTOME_HEPARAN_SULFATE_HEPARIN_HS_GAG_METABOLISM,57.0,57.0,1.0,True,gene_coverage,,,,
TCGA-BRCA,REACTOME_HOMOLOGOUS_DNA_PAIRING_AND_STRAND_EXCHANGE,43.0,37.0,0.8604651162790697,True,gene_coverage,,,,
TCGA-BRCA,REACTOME_HYALURONAN_METABOLISM,17.0,15.0,0.8823529411764706,True,gene_coverage,,,,
TCGA-BRCA,REACTOME_IFNG_SIGNALING_ACTIVATES_MAPKS,8.0,8.0,1.0,True,gene_coverage,,,,
TCGA-BRCA,REACTOME_IL_6_TYPE_CYTOKINE_RECEPTOR_LIGAND_INTERACTIONS,17.0,17.0,1.0,True,gene_coverage,,,,
TCGA-BRCA,REACTOME_INHIBITION_OF_THE_PROTEOLYTIC_ACTIVITY_OF_APC_C_REQUIRED_FOR_THE_ONSET_OF_ANAPHASE_BY_MITOTIC_SPINDLE_CHECKPOINT_COMPONENTS,21.0,20.0,0.9523809523809523,True,gene_coverage,,,,
TCGA-BRCA,REACTOME_INLA_MEDIATED_ENTRY_OF_LISTERIA_MONOCYTOGENES_INTO_HOST_CELLS,9.0,9.0,1.0,True,gene_coverage,,,,
TCGA-BRCA,REACTOME_INLB_MEDIATED_ENTRY_OF_LISTERIA_MONOCYTOGENES_INTO_HOST_CELL,15.0,15.0,1.0,True,gene_coverage,,,,
TCGA-BRCA,REACTOME_INNATE_IMMUNE_SYSTEM,1128.0,1000.0,0.8865248226950354,True,gene_coverage,,,,
TCGA-BRCA,REACTOME_INOSITOL_PHOSPHATE_METABOLISM,48.0,48.0,1.0,True,gene_coverage,,,,
TCGA-BRCA,REACTOME_INTEGRATION_OF_ENERGY_METABOLISM,108.0,108.0,1.0,True,gene_coverage,,,,
TCGA-BRCA,REACTOME_INTERACTIONS_OF_REV_WITH_HOST_CELLULAR_PROTEINS,37.0,34.0,0.918918918918919,True,gene_coverage,,,,
TCGA-BRCA,REACTOME_INTERACTIONS_OF_VPR_WITH_HOST_CELLULAR_PROTEINS,37.0,34.0,0.918918918918919,True,gene_coverage,,,,
TCGA-BRCA,REACTOME_INTERFERON_ALPHA_BETA_SIGNALING,78.0,78.0,1.0,True,gene_coverage,,,,
TCGA-BRCA,REACTOME_INTERFERON_GAMMA_SIGNALING,98.0,95.0,0.9693877551020408,True,gene_coverage,,,,
TCGA-BRCA,REACTOME_INTERFERON_SIGNALING,273.0,257.0,0.9413919413919414,True,gene_coverage,,,,
TCGA-BRCA,REACTOME_INTRINSIC_PATHWAY_FOR_APOPTOSIS,55.0,53.0,0.9636363636363636,True,gene_coverage,,,,
TCGA-BRCA,REACTOME_KERATAN_SULFATE_KERATIN_METABOLISM,36.0,35.0,0.9722222222222222,True,gene_coverage,,,,
TCGA-BRCA,REACTOME_KETONE_BODY_METABOLISM,10.0,10.0,1.0,True,gene_coverage,,,,
TCGA-BRCA,REACTOME_LINOLEIC_ACID_LA_METABOLISM,8.0,8.0,1.0,True,gene_coverage,,,,
TCGA-BRCA,REACTOME_LISTERIA_MONOCYTOGENES_ENTRY_INTO_HOST_CELLS,20.0,20.0,1.0,True,gene_coverage,,,,
TCGA-BRCA,REACTOME_MAP2K_AND_MAPK_ACTIVATION,40.0,38.0,0.95,True,gene_coverage,,,,
TCGA-BRCA,REACTOME_MAP3K8_TPL2_DEPENDENT_MAPK1_3_ACTIVATION,16.0,16.0,1.0,True,gene_coverage,,,,
TCGA-BRCA,REACTOME_MAPK1_ERK2_ACTIVATION,9.0,9.0,1.0,True,gene_coverage,,,,
TCGA-BRCA,REACTOME_MAPK3_ERK1_ACTIVATION,10.0,10.0,1.0,True,gene_coverage,,,,
TCGA-BRCA,REACTOME_MAPK6_MAPK4_SIGNALING,93.0,85.0,0.9139784946236559,True,gene_coverage,,,,
TCGA-BRCA,REACTOME_MAPK_FAMILY_SIGNALING_CASCADES,327.0,313.0,0.9571865443425076,True,gene_coverage,,,,
TCGA-BRCA,REACTOME_MAPK_TARGETS_NUCLEAR_EVENTS_MEDIATED_BY_MAP_KINASES,31.0,31.0,1.0,True,gene_coverage,,,,
TCGA-BRCA,REACTOME_MASTL_FACILITATES_MITOTIC_PROGRESSION,10.0,10.0,1.0,True,gene_coverage,,,,
TCGA-BRCA,REACTOME_METABOLISM_OF_AMINE_DERIVED_HORMONES,18.0,18.0,1.0,True,gene_coverage,,,,
TCGA-BRCA,REACTOME_METABOLISM_OF_AMINO_ACIDS_AND_DERIVATIVES,366.0,346.0,0.9453551912568307,True,gene_coverage,,,,
TCGA-BRCA,REACTOME_METABOLISM_OF_ANGIOTENSINOGEN_TO_ANGIOTENSINS,17.0,17.0,1.0,True,gene_coverage,,,,
TCGA-BRCA,REACTOME_METABOLISM_OF_CARBOHYDRATES,288.0,277.0,0.9618055555555556,True,gene_coverage,,,,
TCGA-BRCA,REACTOME_METABOLISM_OF_COFACTORS,25.0,23.0,0.92,True,gene_coverage,,,,
TCGA-BRCA,REACTOME_METABOLISM_OF_FAT_SOLUBLE_VITAMINS,48.0,47.0,0.9791666666666666,True,gene_coverage,,,,
TCGA-BRCA,REACTOME_METABOLISM_OF_FOLATE_AND_PTERINES,17.0,16.0,0.9411764705882353,True,gene_coverage,,,,
TCGA-BRCA,REACTOME_METABOLISM_OF_INGESTED_SEMET_SEC_MESEC_INTO_H2SE,8.0,8.0,1.0,True,gene_coverage,,,,
TCGA-BRCA,REACTOME_METABOLISM_OF_LIPIDS,757.0,707.0,0.9339498018494056,True,gene_coverage,,,,
TCGA-BRCA,REACTOME_METABOLISM_OF_NITRIC_OXIDE_NOS3_ACTIVATION_AND_REGULATION,14.0,14.0,1.0,True,gene_coverage,,,,
TCGA-BRCA,REACTOME_METABOLISM_OF_NUCLEOTIDES,97.0,86.0,0.8865979381443299,True,gene_coverage,,,,
TCGA-BRCA,REACTOME_METABOLISM_OF_POLYAMINES,59.0,57.0,0.9661016949152542,True,gene_coverage,,,,
TCGA-BRCA,REACTOME_METABOLISM_OF_PORPHYRINS,27.0,27.0,1.0,True,gene_coverage,,,,
TCGA-BRCA,REACTOME_METABOLISM_OF_RNA,724.0,656.0,0.9060773480662984,True,gene_coverage,,,,
TCGA-BRCA,REACTOME_METABOLISM_OF_STEROIDS,154.0,146.0,0.948051948051948,True,gene_coverage,,,,
TCGA-BRCA,REACTOME_METABOLISM_OF_STEROID_HORMONES,36.0,34.0,0.9444444444444444,True,gene_coverage,,,,
TCGA-BRCA,REACTOME_METABOLISM_OF_VITAMINS_AND_COFACTORS,198.0,183.0,0.9242424242424242,True,gene_coverage,,,,
TCGA-BRCA,REACTOME_METABOLISM_OF_WATER_SOLUBLE_VITAMINS_AND_COFACTORS,127.0,115.0,0.905511811023622,True,gene_coverage,,,,
TCGA-BRCA,REACTOME_MET_ACTIVATES_PI3K_AKT_SIGNALING,6.0,6.0,1.0,True,gene_coverage,,,,
TCGA-BRCA,REACTOME_MISMATCH_REPAIR,15.0,15.0,1.0,True,gene_coverage,,,,
TCGA-BRCA,REACTOME_MITOCHONDRIAL_FATTY_ACID_BETA_OXIDATION,37.0,34.0,0.918918918918919,True,gene_coverage,,,,
TCGA-BRCA,REACTOME_MITOCHONDRIAL_FATTY_ACID_BETA_OXIDATION_OF_SATURATED_FATTY_ACIDS,11.0,10.0,0.9090909090909091,True,gene_coverage,,,,
TCGA-BRCA,REACTOME_MITOCHONDRIAL_FATTY_ACID_BETA_OXIDATION_OF_UNSATURATED_FATTY_ACIDS,6.0,5.0,0.8333333333333334,True,gene_coverage,,,,
TCGA-BRCA,REACTOME_MITOTIC_G1_PHASE_AND_G1_S_TRANSITION,149.0,142.0,0.9530201342281879,True,gene_coverage,,,,
TCGA-BRCA,REACTOME_MITOTIC_G2_G2_M_PHASES,200.0,186.0,0.93,True,gene_coverage,,,,
TCGA-BRCA,REACTOME_MITOTIC_METAPHASE_AND_ANAPHASE,236.0,219.0,0.9279661016949152,True,gene_coverage,,,,
TCGA-BRCA,REACTOME_MITOTIC_PROMETAPHASE,204.0,184.0,0.9019607843137255,True,gene_coverage,,,,
TCGA-BRCA,REACTOME_MITOTIC_PROPHASE,142.0,76.0,0.5352112676056338,True,gene_coverage,,,,
TCGA-BRCA,REACTOME_MITOTIC_SPINDLE_CHECKPOINT,111.0,103.0,0.9279279279279279,True,gene_coverage,,,,
TCGA-BRCA,REACTOME_MITOTIC_TELOPHASE_CYTOKINESIS,13.0,11.0,0.8461538461538461,True,gene_coverage,,,,
TCGA-BRCA,REACTOME_MODULATION_BY_MTB_OF_HOST_IMMUNE_SYSTEM,7.0,7.0,1.0,True,gene_coverage,,,,
TCGA-BRCA,REACTOME_NEGATIVE_FEEDBACK_REGULATION_OF_MAPK_PATHWAY,6.0,6.0,1.0,True,gene_coverage,,,,
TCGA-BRCA,REACTOME_NEGATIVE_REGULATION_OF_MAPK_PATHWAY,43.0,43.0,1.0,True,gene_coverage,,,,
TCGA-BRCA,REACTOME_NEGATIVE_REGULATION_OF_THE_PI3K_AKT_NETWORK,118.0,118.0,1.0,True,gene_coverage,,,,
TCGA-BRCA,REACTOME_NICOTINATE_METABOLISM,31.0,25.0,0.8064516129032258,True,gene_coverage,,,,
TCGA-BRCA,REACTOME_NONHOMOLOGOUS_END_JOINING_NHEJ,68.0,29.0,0.4264705882352941,True,gene_coverage,,,,
TCGA-BRCA,REACTOME_NUCLEAR_SIGNALING_BY_ERBB4,32.0,32.0,1.0,True,gene_coverage,,,,
TCGA-BRCA,REACTOME_NUCLEOTIDE_EXCISION_REPAIR,108.0,107.0,0.9907407407407407,True,gene_coverage,,,,
TCGA-BRCA,REACTOME_ONCOGENIC_MAPK_SIGNALING,82.0,79.0,0.9634146341463414,True,gene_coverage,,,,
TCGA-BRCA,REACTOME_OXIDATIVE_STRESS_INDUCED_SENESCENCE,125.0,61.0,0.488,True,gene_coverage,,,,
TCGA-BRCA,REACTOME_P130CAS_LINKAGE_TO_MAPK_SIGNALING_FOR_INTEGRINS,15.0,15.0,1.0,True,gene_coverage,,,,
TCGA-BRCA,REACTOME_P38MAPK_EVENTS,13.0,13.0,1.0,True,gene_coverage,,,,
TCGA-BRCA,REACTOME_P75NTR_NEGATIVELY_REGULATES_CELL_CYCLE_VIA_SC1,6.0,6.0,1.0,True,gene_coverage,,,,
TCGA-BRCA,REACTOME_PEPTIDE_HORMONE_METABOLISM,88.0,84.0,0.9545454545454546,True,gene_coverage,,,,
TCGA-BRCA,REACTOME_PEROXISOMAL_LIPID_METABOLISM,29.0,28.0,0.9655172413793104,True,gene_coverage,,,,
TCGA-BRCA,REACTOME_PHENYLALANINE_AND_TYROSINE_METABOLISM,11.0,10.0,0.9090909090909091,True,gene_coverage,,,,
TCGA-BRCA,REACTOME_PHENYLALANINE_METABOLISM,6.0,5.0,0.8333333333333334,True,gene_coverage,,,,
TCGA-BRCA,REACTOME_PHOSPHOLIPID_METABOLISM,211.0,197.0,0.933649289099526,True,gene_coverage,,,,
TCGA-BRCA,REACTOME_PI3K_AKT_ACTIVATION,9.0,9.0,1.0,True,gene_coverage,,,,
TCGA-BRCA,REACTOME_PI3K_AKT_SIGNALING_IN_CANCER,110.0,109.0,0.990909090909091,True,gene_coverage,,,,
TCGA-BRCA,REACTOME_PI3K_EVENTS_IN_ERBB2_SIGNALING,16.0,16.0,1.0,True,gene_coverage,,,,
TCGA-BRCA,REACTOME_PI3K_EVENTS_IN_ERBB4_SIGNALING,10.0,10.0,1.0,True,gene_coverage,,,,
TCGA-BRCA,REACTOME_PI5P_REGULATES_TP53_ACETYLATION,9.0,8.0,0.8888888888888888,True,gene_coverage,,,,
TCGA-BRCA,REACTOME_PI_METABOLISM,84.0,83.0,0.9880952380952381,True,gene_coverage,,,,
TCGA-BRCA,REACTOME_PLATELET_ADHESION_TO_EXPOSED_COLLAGEN,16.0,15.0,0.9375,True,gene_coverage,,,,
TCGA-BRCA,REACTOME_POSTMITOTIC_NUCLEAR_PORE_COMPLEX_NPC_REFORMATION,27.0,25.0,0.9259259259259259,True,gene_coverage,,,,
TCGA-BRCA,REACTOME_PTK6_REGULATES_CELL_CYCLE,6.0,6.0,1.0,True,gene_coverage,,,,
TCGA-BRCA,REACTOME_PYRUVATE_METABOLISM,49.0,43.0,0.8775510204081632,True,gene_coverage,,,,
TCGA-BRCA,REACTOME_RAF_INDEPENDENT_MAPK1_3_ACTIVATION,23.0,23.0,1.0,True,gene_coverage,,,,
TCGA-BRCA,REACTOME_RECRUITMENT_OF_MITOTIC_CENTROSOME_PROTEINS_AND_COMPLEXES,81.0,71.0,0.8765432098765432,True,gene_coverage,,,,
TCGA-BRCA,REACTOME_RECRUITMENT_OF_NUMA_TO_MITOTIC_CENTROSOMES,95.0,84.0,0.8842105263157894,True,gene_coverage,,,,
TCGA-BRCA,REACTOME_REGULATION_OF_GENE_EXPRESSION_BY_HYPOXIA_INDUCIBLE_FACTOR,11.0,11.0,1.0,True,gene_coverage,,,,
TCGA-BRCA,REACTOME_REGULATION_OF_GLYCOLYSIS_BY_FRUCTOSE_2_6_BISPHOSPHATE_METABOLISM,12.0,12.0,1.0,True,gene_coverage,,,,
TCGA-BRCA,REACTOME_REGULATION_OF_INNATE_IMMUNE_RESPONSES_TO_CYTOSOLIC_DNA,15.0,14.0,0.9333333333333333,True,gene_coverage,,,,
TCGA-BRCA,REACTOME_REGULATION_OF_LIPID_METABOLISM_BY_PPARALPHA,118.0,116.0,0.9830508474576272,True,gene_coverage,,,,
TCGA-BRCA,REACTOME_REGULATION_OF_MITF_M_DEPENDENT_GENES_INVOLVED_IN_APOPTOSIS,19.0,14.0,0.7368421052631579,True,gene_coverage,,,,
TCGA-BRCA,REACTOME_REGULATION_OF_MITF_M_DEPENDENT_GENES_INVOLVED_IN_CELL_CYCLE_AND_PROLIFERATION,17.0,17.0,1.0,True,gene_coverage,,,,
TCGA-BRCA,REACTOME_REGULATION_OF_PYRUVATE_METABOLISM,33.0,30.0,0.9090909090909091,True,gene_coverage,,,,
TCGA-BRCA,REACTOME_REGULATION_OF_TP53_ACTIVITY,160.0,152.0,0.95,True,gene_coverage,,,,
TCGA-BRCA,REACTOME_REGULATION_OF_TP53_ACTIVITY_THROUGH_ACETYLATION,30.0,28.0,0.9333333333333333,True,gene_coverage,,,,
TCGA-BRCA,REACTOME_REGULATION_OF_TP53_ACTIVITY_THROUGH_ASSOCIATION_WITH_CO_FACTORS,14.0,14.0,1.0,True,gene_coverage,,,,
TCGA-BRCA,REACTOME_REGULATION_OF_TP53_ACTIVITY_THROUGH_METHYLATION,19.0,16.0,0.8421052631578947,True,gene_coverage,,,,
TCGA-BRCA,REACTOME_REGULATION_OF_TP53_ACTIVITY_THROUGH_PHOSPHORYLATION,92.0,89.0,0.967391304347826,True,gene_coverage,,,,
TCGA-BRCA,REACTOME_REGULATION_OF_TP53_EXPRESSION_AND_DEGRADATION,37.0,37.0,1.0,True,gene_coverage,,,,
TCGA-BRCA,REACTOME_RUNX1_REGULATES_ESTROGEN_RECEPTOR_MEDIATED_TRANSCRIPTION,6.0,6.0,1.0,True,gene_coverage,,,,
TCGA-BRCA,REACTOME_RUNX3_REGULATES_IMMUNE_RESPONSE_AND_CELL_MIGRATION,6.0,6.0,1.0,True,gene_coverage,,,,
TCGA-BRCA,REACTOME_SARS_COV_1_ACTIVATES_MODULATES_INNATE_IMMUNE_RESPONSES,41.0,36.0,0.8780487804878049,True,gene_coverage,,,,
TCGA-BRCA,REACTOME_SARS_COV_2_ACTIVATES_MODULATES_INNATE_AND_ADAPTIVE_IMMUNE_RESPONSES,126.0,118.0,0.9365079365079365,True,gene_coverage,,,,
TCGA-BRCA,REACTOME_SELENOAMINO_ACID_METABOLISM,118.0,109.0,0.923728813559322,True,gene_coverage,,,,
TCGA-BRCA,REACTOME_SHC1_EVENTS_IN_ERBB2_SIGNALING,22.0,22.0,1.0,True,gene_coverage,,,,
TCGA-BRCA,REACTOME_SHC1_EVENTS_IN_ERBB4_SIGNALING,14.0,14.0,1.0,True,gene_coverage,,,,
TCGA-BRCA,REACTOME_SIALIC_ACID_METABOLISM,33.0,33.0,1.0,True,gene_coverage,,,,
TCGA-BRCA,REACTOME_SIGNALING_BY_ERBB2,50.0,49.0,0.98,True,gene_coverage,,,,
TCGA-BRCA,REACTOME_SIGNALING_BY_ERBB2_ECD_MUTANTS,16.0,15.0,0.9375,True,gene_coverage,,,,
TCGA-BRCA,REACTOME_SIGNALING_BY_ERBB2_IN_CANCER,26.0,25.0,0.9615384615384616,True,gene_coverage,,,,
TCGA-BRCA,REACTOME_SIGNALING_BY_ERBB4,58.0,58.0,1.0,True,gene_coverage,,,,
TCGA-BRCA,REACTOME_SIGNALING_BY_MAPK_MUTANTS,7.0,7.0,1.0,True,gene_coverage,,,,
TCGA-BRCA,REACTOME_SIGNALING_BY_THE_B_CELL_RECEPTOR_BCR,166.0,109.0,0.6566265060240963,True,gene_coverage,,,,
TCGA-BRCA,REACTOME_SPHINGOLIPID_METABOLISM,107.0,93.0,0.8691588785046729,True,gene_coverage,,,,
TCGA-BRCA,REACTOME_STING_MEDIATED_INDUCTION_OF_HOST_IMMUNE_RESPONSES,16.0,13.0,0.8125,True,gene_coverage,,,,
TCGA-BRCA,REACTOME_SULFUR_AMINO_ACID_METABOLISM,28.0,27.0,0.9642857142857143,True,gene_coverage,,,,
TCGA-BRCA,REACTOME_SUMOYLATION_OF_IMMUNE_RESPONSE_PROTEINS,12.0,12.0,1.0,True,gene_coverage,,,,
TCGA-BRCA,REACTOME_SUPPRESSION_OF_APOPTOSIS,7.0,7.0,1.0,True,gene_coverage,,,,
TCGA-BRCA,REACTOME_SURFACTANT_METABOLISM,30.0,28.0,0.9333333333333333,True,gene_coverage,,,,
TCGA-BRCA,REACTOME_SYNTHESIS_OF_VERY_LONG_CHAIN_FATTY_ACYL_COAS,24.0,20.0,0.8333333333333334,True,gene_coverage,,,,
TCGA-BRCA,REACTOME_TFAP2_AP_2_FAMILY_REGULATES_TRANSCRIPTION_OF_CELL_CYCLE_FACTORS,5.0,5.0,1.0,True,gene_coverage,,,,
TCGA-BRCA,REACTOME_THE_FATTY_ACID_CYCLING_MODEL,5.0,5.0,1.0,True,gene_coverage,,,,
TCGA-BRCA,REACTOME_TP53_REGULATES_METABOLIC_GENES,84.0,71.0,0.8452380952380952,True,gene_coverage,,,,
TCGA-BRCA,REACTOME_TP53_REGULATES_TRANSCRIPTION_OF_ADDITIONAL_CELL_CYCLE_GENES_WHOSE_EXACT_ROLE_IN_THE_P53_PATHWAY_REMAIN_UNCERTAIN,21.0,18.0,0.8571428571428571,True,gene_coverage,,,,
TCGA-BRCA,REACTOME_TP53_REGULATES_TRANSCRIPTION_OF_CASPASE_ACTIVATORS_AND_CASPASES,12.0,11.0,0.9166666666666666,True,gene_coverage,,,,
TCGA-BRCA,REACTOME_TP53_REGULATES_TRANSCRIPTION_OF_CELL_CYCLE_GENES,49.0,46.0,0.9387755102040817,True,gene_coverage,,,,
TCGA-BRCA,REACTOME_TP53_REGULATES_TRANSCRIPTION_OF_CELL_DEATH_GENES,44.0,42.0,0.9545454545454546,True,gene_coverage,,,,
TCGA-BRCA,REACTOME_TP53_REGULATES_TRANSCRIPTION_OF_DEATH_RECEPTORS_AND_LIGANDS,12.0,12.0,1.0,True,gene_coverage,,,,
TCGA-BRCA,REACTOME_TP53_REGULATES_TRANSCRIPTION_OF_DNA_REPAIR_GENES,62.0,53.0,0.8548387096774194,True,gene_coverage,,,,
TCGA-BRCA,REACTOME_TP53_REGULATES_TRANSCRIPTION_OF_GENES_INVOLVED_IN_CYTOCHROME_C_RELEASE,20.0,19.0,0.95,True,gene_coverage,,,,
TCGA-BRCA,REACTOME_TP53_REGULATES_TRANSCRIPTION_OF_GENES_INVOLVED_IN_G1_CELL_CYCLE_ARREST,14.0,14.0,1.0,True,gene_coverage,,,,
TCGA-BRCA,REACTOME_TP53_REGULATES_TRANSCRIPTION_OF_GENES_INVOLVED_IN_G2_CELL_CYCLE_ARREST,18.0,18.0,1.0,True,gene_coverage,,,,
TCGA-BRCA,REACTOME_TP53_REGULATES_TRANSCRIPTION_OF_SEVERAL_ADDITIONAL_CELL_DEATH_GENES_WHOSE_SPECIFIC_ROLES_IN_P53_DEPENDENT_APOPTOSIS_REMAIN_UNCERTAIN,14.0,14.0,1.0,True,gene_coverage,,,,
TCGA-BRCA,REACTOME_TRANSCRIPTIONAL_REGULATION_BY_TP53,360.0,325.0,0.9027777777777778,True,gene_coverage,,,,
TCGA-BRCA,REACTOME_TRANSCRIPTION_COUPLED_NUCLEOTIDE_EXCISION_REPAIR_TC_NER,76.0,75.0,0.9868421052631579,True,gene_coverage,,,,
TCGA-BRCA,REACTOME_TRANSPORT_OF_FATTY_ACIDS,8.0,8.0,1.0,True,gene_coverage,,,,
TCGA-BRCA,REACTOME_TRIGLYCERIDE_METABOLISM,38.0,36.0,0.9473684210526315,True,gene_coverage,,,,
TCGA-BRCA,REACTOME_VITAMIN_B1_THIAMIN_METABOLISM,5.0,5.0,1.0,True,gene_coverage,,,,
TCGA-BRCA,REACTOME_VITAMIN_B2_RIBOFLAVIN_METABOLISM,7.0,4.0,0.5714285714285714,False,gene_coverage,,,,
TCGA-BRCA,REACTOME_VITAMIN_B5_PANTOTHENATE_METABOLISM,20.0,20.0,1.0,True,gene_coverage,,,,
TCGA-BRCA,REACTOME_VITAMIN_C_ASCORBATE_METABOLISM,8.0,8.0,1.0,True,gene_coverage,,,,
TCGA-BRCA,REACTOME_VITAMIN_D_CALCIFEROL_METABOLISM,12.0,12.0,1.0,True,gene_coverage,,,,
TCGA-BRCA,,,,,,aggregation,Pathway_Immune,HALLMARK_INTERFERON_GAMMA_RESPONSE;HALLMARK_INTERFERON_ALPHA_RESPONSE;HALLMARK_INFLAMMATORY_RESPONSE;HALLMARK_ALLOGRAFT_REJECTION;HALLMARK_COMPLEMENT,HALLMARK_INTERFERON_GAMMA_RESPONSE;HALLMARK_INTERFERON_ALPHA_RESPONSE;HALLMARK_INFLAMMATORY_RESPONSE;HALLMARK_ALLOGRAFT_REJECTION;HALLMARK_COMPLEMENT,5.0
TCGA-BRCA,,,,,,aggregation,Pathway_Proliferation,HALLMARK_E2F_TARGETS;HALLMARK_G2M_CHECKPOINT;HALLMARK_MYC_TARGETS_V1;HALLMARK_MYC_TARGETS_V2;HALLMARK_MITOTIC_SPINDLE,HALLMARK_E2F_TARGETS;HALLMARK_G2M_CHECKPOINT;HALLMARK_MYC_TARGETS_V1;HALLMARK_MYC_TARGETS_V2;HALLMARK_MITOTIC_SPINDLE,5.0
TCGA-BRCA,,,,,,aggregation,Pathway_DNA_Repair,HALLMARK_DNA_REPAIR;REACTOME_HDR_THROUGH_HOMOLOGOUS_RECOMBINATION_HRR;REACTOME_NUCLEOTIDE_EXCISION_REPAIR;REACTOME_MISMATCH_REPAIR;KEGG_MEDICUS_REFERENCE_HOMOLOGOUS_RECOMBINATION;KEGG_MEDICUS_REFERENCE_MISMATCH_REPAIR,HALLMARK_DNA_REPAIR;REACTOME_HDR_THROUGH_HOMOLOGOUS_RECOMBINATION_HRR;REACTOME_NUCLEOTIDE_EXCISION_REPAIR;REACTOME_MISMATCH_REPAIR;KEGG_MEDICUS_REFERENCE_HOMOLOGOUS_RECOMBINATION;KEGG_MEDICUS_REFERENCE_MISMATCH_REPAIR,6.0
TCGA-BRCA,,,,,,aggregation,Pathway_Metabolism,HALLMARK_OXIDATIVE_PHOSPHORYLATION;HALLMARK_GLYCOLYSIS;HALLMARK_FATTY_ACID_METABOLISM;KEGG_MEDICUS_REFERENCE_GLYCOLYSIS,HALLMARK_OXIDATIVE_PHOSPHORYLATION;HALLMARK_GLYCOLYSIS;HALLMARK_FATTY_ACID_METABOLISM;KEGG_MEDICUS_REFERENCE_GLYCOLYSIS,4.0
TCGA-BRCA,,,,,,aggregation,Pathway_Stromal_EMT,HALLMARK_EPITHELIAL_MESENCHYMAL_TRANSITION;HALLMARK_ANGIOGENESIS;HALLMARK_HEDGEHOG_SIGNALING,HALLMARK_EPITHELIAL_MESENCHYMAL_TRANSITION;HALLMARK_ANGIOGENESIS;HALLMARK_HEDGEHOG_SIGNALING,3.0
TCGA-BRCA,,,,,,aggregation,Pathway_Apoptosis_Stress,HALLMARK_APOPTOSIS;HALLMARK_P53_PATHWAY;HALLMARK_HYPOXIA,HALLMARK_APOPTOSIS;HALLMARK_P53_PATHWAY;HALLMARK_HYPOXIA,3.0
TCGA-BRCA,,,,,,aggregation,Pathway_Hormone,HALLMARK_ESTROGEN_RESPONSE_EARLY;HALLMARK_ESTROGEN_RESPONSE_LATE;HALLMARK_ANDROGEN_RESPONSE,HALLMARK_ESTROGEN_RESPONSE_EARLY;HALLMARK_ESTROGEN_RESPONSE_LATE;HALLMARK_ANDROGEN_RESPONSE,3.0
GSE96058,HALLMARK_ADIPOGENESIS,200.0,192.0,0.96,True,gene_coverage,,,,
GSE96058,HALLMARK_ALLOGRAFT_REJECTION,200.0,195.0,0.975,True,gene_coverage,,,,
GSE96058,HALLMARK_ANDROGEN_RESPONSE,101.0,97.0,0.9603960396039604,True,gene_coverage,,,,
GSE96058,HALLMARK_ANGIOGENESIS,36.0,36.0,1.0,True,gene_coverage,,,,
GSE96058,HALLMARK_APICAL_JUNCTION,200.0,192.0,0.96,True,gene_coverage,,,,
GSE96058,HALLMARK_APICAL_SURFACE,44.0,43.0,0.9772727272727273,True,gene_coverage,,,,
GSE96058,HALLMARK_APOPTOSIS,161.0,159.0,0.9875776397515528,True,gene_coverage,,,,
GSE96058,HALLMARK_BILE_ACID_METABOLISM,112.0,112.0,1.0,True,gene_coverage,,,,
GSE96058,HALLMARK_CHOLESTEROL_HOMEOSTASIS,74.0,73.0,0.9864864864864865,True,gene_coverage,,,,
GSE96058,HALLMARK_COAGULATION,138.0,138.0,1.0,True,gene_coverage,,,,
GSE96058,HALLMARK_COMPLEMENT,200.0,199.0,0.995,True,gene_coverage,,,,
GSE96058,HALLMARK_DNA_REPAIR,150.0,147.0,0.98,True,gene_coverage,,,,
GSE96058,HALLMARK_E2F_TARGETS,200.0,195.0,0.975,True,gene_coverage,,,,
GSE96058,HALLMARK_EPITHELIAL_MESENCHYMAL_TRANSITION,200.0,196.0,0.98,True,gene_coverage,,,,
GSE96058,HALLMARK_ESTROGEN_RESPONSE_EARLY,200.0,193.0,0.965,True,gene_coverage,,,,
GSE96058,HALLMARK_ESTROGEN_RESPONSE_LATE,200.0,194.0,0.97,True,gene_coverage,,,,
GSE96058,HALLMARK_FATTY_ACID_METABOLISM,158.0,155.0,0.9810126582278481,True,gene_coverage,,,,
GSE96058,HALLMARK_G2M_CHECKPOINT,200.0,190.0,0.95,True,gene_coverage,,,,
GSE96058,HALLMARK_GLYCOLYSIS,200.0,197.0,0.985,True,gene_coverage,,,,
GSE96058,HALLMARK_HEDGEHOG_SIGNALING,36.0,35.0,0.9722222222222222,True,gene_coverage,,,,
GSE96058,HALLMARK_HEME_METABOLISM,200.0,193.0,0.965,True,gene_coverage,,,,
GSE96058,HALLMARK_HYPOXIA,200.0,192.0,0.96,True,gene_coverage,,,,
GSE96058,HALLMARK_IL2_STAT5_SIGNALING,199.0,194.0,0.9748743718592965,True,gene_coverage,,,,
GSE96058,HALLMARK_IL6_JAK_STAT3_SIGNALING,87.0,87.0,1.0,True,gene_coverage,,,,
GSE96058,HALLMARK_INFLAMMATORY_RESPONSE,200.0,197.0,0.985,True,gene_coverage,,,,
GSE96058,HALLMARK_INTERFERON_ALPHA_RESPONSE,97.0,95.0,0.979381443298969,True,gene_coverage,,,,
GSE96058,HALLMARK_INTERFERON_GAMMA_RESPONSE,200.0,196.0,0.98,True,gene_coverage,,,,
GSE96058,HALLMARK_KRAS_SIGNALING_DN,200.0,194.0,0.97,True,gene_coverage,,,,
GSE96058,HALLMARK_KRAS_SIGNALING_UP,200.0,194.0,0.97,True,gene_coverage,,,,
GSE96058,HALLMARK_MITOTIC_SPINDLE,199.0,198.0,0.9949748743718593,True,gene_coverage,,,,
GSE96058,HALLMARK_MTORC1_SIGNALING,200.0,194.0,0.97,True,gene_coverage,,,,
GSE96058,HALLMARK_MYC_TARGETS_V1,200.0,193.0,0.965,True,gene_coverage,,,,
GSE96058,HALLMARK_MYC_TARGETS_V2,58.0,57.0,0.9827586206896551,True,gene_coverage,,,,
GSE96058,HALLMARK_MYOGENESIS,200.0,197.0,0.985,True,gene_coverage,,,,
GSE96058,HALLMARK_NOTCH_SIGNALING,32.0,32.0,1.0,True,gene_coverage,,,,
GSE96058,HALLMARK_OXIDATIVE_PHOSPHORYLATION,200.0,184.0,0.92,True,gene_coverage,,,,
GSE96058,HALLMARK_P53_PATHWAY,200.0,192.0,0.96,True,gene_coverage,,,,
GSE96058,HALLMARK_PANCREAS_BETA_CELLS,40.0,40.0,1.0,True,gene_coverage,,,,
GSE96058,HALLMARK_PEROXISOME,104.0,104.0,1.0,True,gene_coverage,,,,
GSE96058,HALLMARK_PI3K_AKT_MTOR_SIGNALING,105.0,104.0,0.9904761904761905,True,gene_coverage,,,,
GSE96058,HALLMARK_PROTEIN_SECRETION,96.0,95.0,0.9895833333333334,True,gene_coverage,,,,
GSE96058,HALLMARK_REACTIVE_OXYGEN_SPECIES_PATHWAY,49.0,47.0,0.9591836734693877,True,gene_coverage,,,,
GSE96058,HALLMARK_SPERMATOGENESIS,135.0,132.0,0.9777777777777777,True,gene_coverage,,,,
GSE96058,HALLMARK_TGF_BETA_SIGNALING,54.0,54.0,1.0,True,gene_coverage,,,,
GSE96058,HALLMARK_TNFA_SIGNALING_VIA_NFKB,200.0,197.0,0.985,True,gene_coverage,,,,
GSE96058,HALLMARK_UNFOLDED_PROTEIN_RESPONSE,113.0,106.0,0.9380530973451328,True,gene_coverage,,,,
GSE96058,HALLMARK_UV_RESPONSE_DN,144.0,138.0,0.9583333333333334,True,gene_coverage,,,,
GSE96058,HALLMARK_UV_RESPONSE_UP,158.0,154.0,0.9746835443037974,True,gene_coverage,,,,
GSE96058,HALLMARK_WNT_BETA_CATENIN_SIGNALING,42.0,42.0,1.0,True,gene_coverage,,,,
GSE96058,HALLMARK_XENOBIOTIC_METABOLISM,200.0,196.0,0.98,True,gene_coverage,,,,
GSE96058,KEGG_MEDICUS_ENV_FACTOR_E2_TO_NUCLEAR_INITIATED_ESTROGEN_SIGNALING_PATHWAY,7.0,7.0,1.0,True,gene_coverage,,,,
GSE96058,KEGG_MEDICUS_ENV_FACTOR_NICOTINE_NNK_TO_PI3K_SIGNALING_PATHWAY,11.0,11.0,1.0,True,gene_coverage,,,,
GSE96058,KEGG_MEDICUS_ENV_FACTOR_NNK_NNN_TO_PI3K_SIGNALING_PATHWAY_N01339,11.0,11.0,1.0,True,gene_coverage,,,,
GSE96058,KEGG_MEDICUS_ENV_FACTOR_NNK_NNN_TO_PI3K_SIGNALING_PATHWAY_N01350,12.0,12.0,1.0,True,gene_coverage,,,,
GSE96058,KEGG_MEDICUS_PATHOGEN_EBV_EBNA1_TO_P53_MEDIATED_TRANSCRIPTION,10.0,10.0,1.0,True,gene_coverage,,,,
GSE96058,KEGG_MEDICUS_PATHOGEN_EBV_EBNA3C_TO_CELL_CYCLE_G1_S_N00483,9.0,9.0,1.0,True,gene_coverage,,,,
GSE96058,KEGG_MEDICUS_PATHOGEN_EBV_EBNA3C_TO_CELL_CYCLE_G1_S_N00484,5.0,5.0,1.0,True,gene_coverage,,,,
GSE96058,KEGG_MEDICUS_PATHOGEN_EBV_EBNA3C_TO_P27_CELL_CYCLE_G1_S_N00264,11.0,11.0,1.0,True,gene_coverage,,,,
GSE96058,KEGG_MEDICUS_PATHOGEN_EBV_EBNA3C_TO_P27_CELL_CYCLE_G1_S_N00482,9.0,9.0,1.0,True,gene_coverage,,,,
GSE96058,KEGG_MEDICUS_PATHOGEN_EBV_EBNA3C_TO_P53_MEDIATED_TRANSCRIPTION,10.0,10.0,1.0,True,gene_coverage,,,,
GSE96058,KEGG_MEDICUS_PATHOGEN_EBV_LMP1_TO_PI3K_SIGNALING_PATHWAY,5.0,5.0,1.0,True,gene_coverage,,,,
GSE96058,KEGG_MEDICUS_PATHOGEN_EBV_LMP2A_TO_PI3K_SIGNALING_PATHWAY,5.0,5.0,1.0,True,gene_coverage,,,,
GSE96058,KEGG_MEDICUS_PATHOGEN_ESCHERICHIA_TIR_TO_TLR2_4_MAPK_SIGNALING_PATHWAY,5.0,5.0,1.0,True,gene_coverage,,,,
GSE96058,KEGG_MEDICUS_PATHOGEN_HCMV_US28_TO_GNB_G_PI3K_NFKB_SIGNALING_PATHWAY,31.0,30.0,0.967741935483871,True,gene_coverage,,,,
GSE96058,KEGG_MEDICUS_PATHOGEN_HIV_GP120_TO_CXCR4_GNAI_PI3K_BAD_SIGNALING_PATHWAY,12.0,12.0,1.0,True,gene_coverage,,,,
GSE96058,KEGG_MEDICUS_PATHOGEN_HIV_VPR_TO_CDC25_CELL_CYCLE_G2M,11.0,10.0,0.9090909090909091,True,gene_coverage,,,,
GSE96058,KEGG_MEDICUS_PATHOGEN_HIV_VPR_TO_WEE1_CELL_CYCLE_G2M,5.0,5.0,1.0,True,gene_coverage,,,,
GSE96058,KEGG_MEDICUS_PATHOGEN_HPV_E7_TO_CELL_CYCLE_G1_S,6.0,6.0,1.0,True,gene_coverage,,,,
GSE96058,KEGG_MEDICUS_PATHOGEN_HPV_E7_TO_P27_CELL_CYCLE_G1_S,7.0,7.0,1.0,True,gene_coverage,,,,
GSE96058,KEGG_MEDICUS_PATHOGEN_HTLV_1_TAX_TO_P21_CELL_CYCLE_G1_S_N00497,9.0,9.0,1.0,True,gene_coverage,,,,
GSE96058,KEGG_MEDICUS_PATHOGEN_HTLV_1_TAX_TO_P21_CELL_CYCLE_G1_S_N00498,8.0,8.0,1.0,True,gene_coverage,,,,
GSE96058,KEGG_MEDICUS_PATHOGEN_KSHV_VCYCLIN_TO_CELL_CYCLE_G1_S,6.0,6.0,1.0,True,gene_coverage,,,,
GSE96058,KEGG_MEDICUS_PATHOGEN_KSHV_VGPCR_TO_GNB_G_PI3K_AKT_SIGNALING_PATHWAY,24.0,24.0,1.0,True,gene_coverage,,,,
GSE96058,KEGG_MEDICUS_PATHOGEN_KSHV_VGPCR_TO_GNB_G_PI3K_JNK_SIGNALING_PATHWAY,29.0,28.0,0.9655172413793104,True,gene_coverage,,,,
GSE96058,KEGG_MEDICUS_PATHOGEN_SHIGELLA_OSPF_TO_TLR2_4_MAPK_SIGNALING_PATHWAY,6.0,6.0,1.0,True,gene_coverage,,,,
GSE96058,KEGG_MEDICUS_PATHOGEN_YERSINIA_YOPP_J_TO_TLR2_4_MAPK_SIGNALING_PATHWAY,6.0,6.0,1.0,True,gene_coverage,,,,
GSE96058,KEGG_MEDICUS_REFERENCE_26S_PROTEASOME_MEDIATED_PROTEIN_DEGRADATION,39.0,38.0,0.9743589743589743,True,gene_coverage,,,,
GSE96058,KEGG_MEDICUS_REFERENCE_ACH_CHRN_PI3K_SIGNALING_PATHWAY,7.0,7.0,1.0,True,gene_coverage,,,,
GSE96058,KEGG_MEDICUS_REFERENCE_ACH_CHRN_RAS_ERK_SIGNALING_PATHWAY,21.0,21.0,1.0,True,gene_coverage,,,,
GSE96058,KEGG_MEDICUS_REFERENCE_ACTH_CORTISOL_SIGNALING_PATHWAY,32.0,32.0,1.0,True,gene_coverage,,,,
GSE96058,KEGG_MEDICUS_REFERENCE_ACTIVATION_OF_PRC2.2_BY_UBIQUITINATION_OF_H2AK119,22.0,20.0,0.9090909090909091,True,gene_coverage,,,,
GSE96058,KEGG_MEDICUS_REFERENCE_ACTIVATION_OF_PRC2.2_BY_UBIQUITINATION_OF_H2AK119_IN_GERMLINE_GENES,27.0,25.0,0.9259259259259259,True,gene_coverage,,,,
GSE96058,KEGG_MEDICUS_REFERENCE_ACTIVIN_SIGNALING_PATHWAY,8.0,8.0,1.0,True,gene_coverage,,,,
GSE96058,KEGG_MEDICUS_REFERENCE_ADRB3_UCP1_SIGNALING_PATHWAY,35.0,35.0,1.0,True,gene_coverage,,,,
GSE96058,KEGG_MEDICUS_REFERENCE_AGE_RAGE_SIGNALING_PATHWAY,16.0,16.0,1.0,True,gene_coverage,,,,
GSE96058,KEGG_MEDICUS_REFERENCE_AHR_SIGNALING_PATHWAY,8.0,8.0,1.0,True,gene_coverage,,,,
GSE96058,KEGG_MEDICUS_REFERENCE_ALTERNATIVE_PATHWAY_OF_COMPLEMENT_CASCADE_C3B_BREAKDOWN,5.0,5.0,1.0,True,gene_coverage,,,,
GSE96058,KEGG_MEDICUS_REFERENCE_AMH_SIGNALING_PATHWAY,9.0,9.0,1.0,True,gene_coverage,,,,
GSE96058,KEGG_MEDICUS_REFERENCE_ANGII_AT1R_NOX2_SIGNALING_PATHWAY,8.0,8.0,1.0,True,gene_coverage,,,,
GSE96058,KEGG_MEDICUS_REFERENCE_ANGIOTENSIN_ALDOSTERONE_SIGNALING_PATHWAY,28.0,28.0,1.0,True,gene_coverage,,,,
GSE96058,KEGG_MEDICUS_REFERENCE_ANTEROGRADE_AXONAL_TRANSPORT,24.0,24.0,1.0,True,gene_coverage,,,,
GSE96058,KEGG_MEDICUS_REFERENCE_ANTIGEN_PROCESSING_AND_PRESENTATION_BY_MHC_CLASS_II_MOLECULES,15.0,15.0,1.0,True,gene_coverage,,,,
GSE96058,KEGG_MEDICUS_REFERENCE_ANTIGEN_PROCESSING_AND_PRESENTATION_BY_MHC_CLASS_I_MOLECULES,12.0,12.0,1.0,True,gene_coverage,,,,
GSE96058,KEGG_MEDICUS_REFERENCE_ANXA2_S100A10_REGULATED_ACTIN_CYTOSKELETON,5.0,5.0,1.0,True,gene_coverage,,,,
GSE96058,KEGG_MEDICUS_REFERENCE_AREG_EGFR_PI3K_SIGNALING_PATHWAY,11.0,11.0,1.0,True,gene_coverage,,,,
GSE96058,KEGG_MEDICUS_REFERENCE_AREG_EGFR_RAS_ERK_SIGNALING_PATHWAY,15.0,15.0,1.0,True,gene_coverage,,,,
GSE96058,KEGG_MEDICUS_REFERENCE_ARL8_REGULATED_MICROTUBULE_PLUS_END_DIRECTED_TRANSPORT,35.0,31.0,0.8857142857142857,True,gene_coverage,,,,
GSE96058,KEGG_MEDICUS_REFERENCE_ARNO_ARF_ACTB_G_SIGNALING_PATHWAY,25.0,25.0,1.0,True,gene_coverage,,,,
GSE96058,KEGG_MEDICUS_REFERENCE_ASSEMBLY_AND_TRAFFICKING_OF_TELOMERASE,19.0,19.0,1.0,True,gene_coverage,,,,
GSE96058,KEGG_MEDICUS_REFERENCE_ATR_P21_CELL_CYCLE_G2_M,9.0,9.0,1.0,True,gene_coverage,,,,
GSE96058,KEGG_MEDICUS_REFERENCE_GLYCOLYSIS,25.0,25.0,1.0,True,gene_coverage,,,,
GSE96058,KEGG_MEDICUS_REFERENCE_HOMOLOGOUS_RECOMBINATION,33.0,32.0,0.9696969696969697,True,gene_coverage,,,,
GSE96058,KEGG_MEDICUS_REFERENCE_MISMATCH_REPAIR,26.0,26.0,1.0,True,gene_coverage,,,,
GSE96058,REACTOME_ABERRANT_REGULATION_OF_MITOTIC_EXIT_IN_CANCER_DUE_TO_RB1_DEFECTS,20.0,20.0,1.0,True,gene_coverage,,,,
GSE96058,REACTOME_ABERRANT_REGULATION_OF_MITOTIC_G1_S_TRANSITION_IN_CANCER_DUE_TO_RB1_DEFECTS,17.0,17.0,1.0,True,gene_coverage,,,,
GSE96058,REACTOME_ACTIVATED_NTRK2_SIGNALS_THROUGH_PI3K,7.0,7.0,1.0,True,gene_coverage,,,,
GSE96058,REACTOME_ACTIVATED_NTRK3_SIGNALS_THROUGH_PI3K,6.0,6.0,1.0,True,gene_coverage,,,,
GSE96058,REACTOME_ACTIVATED_PKN1_STIMULATES_TRANSCRIPTION_OF_AR_ANDROGEN_RECEPTOR_REGULATED_GENES_KLK2_AND_KLK3,66.0,7.0,0.10606060606060606,True,gene_coverage,,,,
GSE96058,REACTOME_ACTIVATED_TAK1_MEDIATES_P38_MAPK_ACTIVATION,23.0,23.0,1.0,True,gene_coverage,,,,
GSE96058,REACTOME_ACTIVATION_OF_RAS_IN_B_CELLS,5.0,5.0,1.0,True,gene_coverage,,,,
GSE96058,REACTOME_ADAPTIVE_IMMUNE_SYSTEM,828.0,759.0,0.9166666666666666,True,gene_coverage,,,,
GSE96058,REACTOME_ADORA2B_MEDIATED_ANTI_INFLAMMATORY_CYTOKINES_PRODUCTION,43.0,43.0,1.0,True,gene_coverage,,,,
GSE96058,REACTOME_ALPHA_LINOLENIC_OMEGA3_AND_LINOLEIC_OMEGA6_ACID_METABOLISM,13.0,13.0,1.0,True,gene_coverage,,,,
GSE96058,REACTOME_ANDROGEN_BIOSYNTHESIS,11.0,11.0,1.0,True,gene_coverage,,,,
GSE96058,REACTOME_ANTIGEN_ACTIVATES_B_CELL_RECEPTOR_BCR_LEADING_TO_GENERATION_OF_SECOND_MESSENGERS,86.0,32.0,0.37209302325581395,True,gene_coverage,,,,
GSE96058,REACTOME_APC_C_MEDIATED_DEGRADATION_OF_CELL_CYCLE_PROTEINS,88.0,87.0,0.9886363636363636,True,gene_coverage,,,,
GSE96058,REACTOME_APOPTOSIS,179.0,169.0,0.9441340782122905,True,gene_coverage,,,,
GSE96058,REACTOME_APOPTOSIS_INDUCED_DNA_FRAGMENTATION,13.0,7.0,0.5384615384615384,True,gene_coverage,,,,
GSE96058,REACTOME_ARACHIDONIC_ACID_METABOLISM,59.0,58.0,0.9830508474576272,True,gene_coverage,,,,
GSE96058,REACTOME_ASPARTATE_AND_ASPARAGINE_METABOLISM,11.0,11.0,1.0,True,gene_coverage,,,,
GSE96058,REACTOME_ASSEMBLY_OF_COLLAGEN_FIBRILS_AND_OTHER_MULTIMERIC_STRUCTURES,61.0,61.0,1.0,True,gene_coverage,,,,
GSE96058,REACTOME_BETA_OXIDATION_OF_VERY_LONG_CHAIN_FATTY_ACIDS,11.0,11.0,1.0,True,gene_coverage,,,,
GSE96058,REACTOME_BILE_ACID_AND_BILE_SALT_METABOLISM,44.0,44.0,1.0,True,gene_coverage,,,,
GSE96058,REACTOME_BIOTIN_TRANSPORT_AND_METABOLISM,11.0,11.0,1.0,True,gene_coverage,,,,
GSE96058,REACTOME_CARNITINE_METABOLISM,14.0,14.0,1.0,True,gene_coverage,,,,
GSE96058,REACTOME_CD28_DEPENDENT_PI3K_AKT_SIGNALING,22.0,22.0,1.0,True,gene_coverage,,,,
GSE96058,REACTOME_CELLULAR_RESPONSE_TO_HYPOXIA,75.0,72.0,0.96,True,gene_coverage,,,,
GSE96058,REACTOME_CELL_CYCLE,694.0,615.0,0.8861671469740634,True,gene_coverage,,,,
GSE96058,REACTOME_CELL_CYCLE_CHECKPOINTS,291.0,247.0,0.8487972508591065,True,gene_coverage,,,,
GSE96058,REACTOME_CELL_CYCLE_MITOTIC,561.0,490.0,0.8734402852049911,True,gene_coverage,,,,
GSE96058,REACTOME_CELL_EXTRACELLULAR_MATRIX_INTERACTIONS,18.0,18.0,1.0,True,gene_coverage,,,,
GSE96058,REACTOME_CHONDROITIN_SULFATE_DERMATAN_SULFATE_METABOLISM,50.0,50.0,1.0,True,gene_coverage,,,,
GSE96058,REACTOME_COBALAMIN_CBL_METABOLISM,7.0,6.0,0.8571428571428571,True,gene_coverage,,,,
GSE96058,REACTOME_COBALAMIN_CBL_VITAMIN_B12_TRANSPORT_AND_METABOLISM,22.0,20.0,0.9090909090909091,True,gene_coverage,,,,
GSE96058,REACTOME_COLLAGEN_BIOSYNTHESIS_AND_MODIFYING_ENZYMES,67.0,64.0,0.9552238805970149,True,gene_coverage,,,,
GSE96058,REACTOME_COLLAGEN_CHAIN_TRIMERIZATION,44.0,44.0,1.0,True,gene_coverage,,,,
GSE96058,REACTOME_COLLAGEN_DEGRADATION,64.0,64.0,1.0,True,gene_coverage,,,,
GSE96058,REACTOME_COLLAGEN_FORMATION,90.0,87.0,0.9666666666666667,True,gene_coverage,,,,
GSE96058,REACTOME_CONSTITUTIVE_SIGNALING_BY_ABERRANT_PI3K_IN_CANCER,83.0,83.0,1.0,True,gene_coverage,,,,
GSE96058,REACTOME_CONSTITUTIVE_SIGNALING_BY_OVEREXPRESSED_ERBB2,11.0,10.0,0.9090909090909091,True,gene_coverage,,,,
GSE96058,REACTOME_CREATINE_METABOLISM,11.0,11.0,1.0,True,gene_coverage,,,,
GSE96058,REACTOME_CROSSLINKING_OF_COLLAGEN_FIBRILS,18.0,18.0,1.0,True,gene_coverage,,,,
GSE96058,REACTOME_CYTOKINE_SIGNALING_IN_IMMUNE_SYSTEM,789.0,760.0,0.9632446134347274,True,gene_coverage,,,,
GSE96058,REACTOME_DDX58_IFIH1_MEDIATED_INDUCTION_OF_INTERFERON_ALPHA_BETA,82.0,79.0,0.9634146341463414,True,gene_coverage,,,,
GSE96058,REACTOME_DEFECTIVE_INTRINSIC_PATHWAY_FOR_APOPTOSIS,25.0,25.0,1.0,True,gene_coverage,,,,
GSE96058,REACTOME_DEFECTS_IN_BIOTIN_BTN_METABOLISM,8.0,8.0,1.0,True,gene_coverage,,,,
GSE96058,REACTOME_DEFECTS_IN_COBALAMIN_B12_METABOLISM,14.0,12.0,0.8571428571428571,True,gene_coverage,,,,
GSE96058,REACTOME_DEFECTS_IN_VITAMIN_AND_COFACTOR_METABOLISM,22.0,20.0,0.9090909090909091,True,gene_coverage,,,,
GSE96058,REACTOME_DEFECTS_OF_PLATELET_ADHESION_TO_EXPOSED_COLLAGEN,8.0,7.0,0.875,True,gene_coverage,,,,
GSE96058,REACTOME_DEGRADATION_OF_THE_EXTRACELLULAR_MATRIX,140.0,140.0,1.0,True,gene_coverage,,,,
GSE96058,REACTOME_DEX_H_BOX_HELICASES_ACTIVATE_TYPE_I_IFN_AND_INFLAMMATORY_CYTOKINES_PRODUCTION,7.0,7.0,1.0,True,gene_coverage,,,,
GSE96058,REACTOME_DISEASES_ASSOCIATED_WITH_GLYCOSAMINOGLYCAN_METABOLISM,41.0,41.0,1.0,True,gene_coverage,,,,
GSE96058,REACTOME_DISEASES_ASSOCIATED_WITH_SURFACTANT_METABOLISM,10.0,10.0,1.0,True,gene_coverage,,,,
GSE96058,REACTOME_DISEASES_OF_CARBOHYDRATE_METABOLISM,34.0,33.0,0.9705882352941176,True,gene_coverage,,,,
GSE96058,REACTOME_DISEASES_OF_DNA_REPAIR,51.0,49.0,0.9607843137254902,True,gene_coverage,,,,
GSE96058,REACTOME_DISEASES_OF_IMMUNE_SYSTEM,32.0,32.0,1.0,True,gene_coverage,,,,
GSE96058,REACTOME_DISEASES_OF_METABOLISM,250.0,242.0,0.968,True,gene_coverage,,,,
GSE96058,REACTOME_DISEASES_OF_MISMATCH_REPAIR_MMR,5.0,5.0,1.0,True,gene_coverage,,,,
GSE96058,REACTOME_DISEASES_OF_MITOTIC_CELL_CYCLE,38.0,38.0,1.0,True,gene_coverage,,,,
GSE96058,REACTOME_DNA_REPAIR,332.0,272.0,0.8192771084337349,True,gene_coverage,,,,
GSE96058,REACTOME_DOWNREGULATION_OF_ERBB2_ERBB3_SIGNALING,13.0,13.0,1.0,True,gene_coverage,,,,
GSE96058,REACTOME_DOWNREGULATION_OF_ERBB2_SIGNALING,29.0,28.0,0.9655172413793104,True,gene_coverage,,,,
GSE96058,REACTOME_DOWNREGULATION_OF_ERBB4_SIGNALING,9.0,9.0,1.0,True,gene_coverage,,,,
GSE96058,REACTOME_DOWNSTREAM_SIGNALING_EVENTS_OF_B_CELL_RECEPTOR_BCR,81.0,80.0,0.9876543209876543,True,gene_coverage,,,,
GSE96058,REACTOME_ENHANCED_BINDING_OF_GP1BA_VARIANT_TO_VWF_MULTIMER_COLLAGEN,7.0,6.0,0.8571428571428571,True,gene_coverage,,,,
GSE96058,REACTOME_ERBB2_ACTIVATES_PTK6_SIGNALING,13.0,13.0,1.0,True,gene_coverage,,,,
GSE96058,REACTOME_ERBB2_REGULATES_CELL_MOTILITY,15.0,15.0,1.0,True,gene_coverage,,,,
GSE96058,REACTOME_ERK_MAPK_TARGETS,22.0,22.0,1.0,True,gene_coverage,,,,
GSE96058,REACTOME_ERYTHROPOIETIN_ACTIVATES_PHOSPHOINOSITIDE_3_KINASE_PI3K,12.0,12.0,1.0,True,gene_coverage,,,,
GSE96058,REACTOME_ESTROGEN_BIOSYNTHESIS,6.0,6.0,1.0,True,gene_coverage,,,,
GSE96058,REACTOME_ESTROGEN_DEPENDENT_GENE_EXPRESSION,149.0,90.0,0.6040268456375839,True,gene_coverage,,,,
GSE96058,REACTOME_ESTROGEN_DEPENDENT_NUCLEAR_EVENTS_DOWNSTREAM_OF_ESR_MEMBRANE_SIGNALING,24.0,24.0,1.0,True,gene_coverage,,,,
GSE96058,REACTOME_ESTROGEN_STIMULATED_SIGNALING_THROUGH_PRKCZ,6.0,6.0,1.0,True,gene_coverage,,,,
GSE96058,REACTOME_EVASION_BY_RSV_OF_HOST_INTERFERON_RESPONSES,35.0,32.0,0.9142857142857143,True,gene_coverage,,,,
GSE96058,REACTOME_EXTRACELLULAR_MATRIX_ORGANIZATION,300.0,297.0,0.99,True,gene_coverage,,,,
GSE96058,REACTOME_EXTRA_NUCLEAR_ESTROGEN_SIGNALING,75.0,75.0,1.0,True,gene_coverage,,,,
GSE96058,REACTOME_FATTY_ACIDS,15.0,15.0,1.0,True,gene_coverage,,,,
GSE96058,REACTOME_FATTY_ACIDS_BOUND_TO_GPR40_FFAR1_REGULATE_INSULIN_SECRETION,8.0,8.0,1.0,True,gene_coverage,,,,
GSE96058,REACTOME_FATTY_ACID_METABOLISM,176.0,168.0,0.9545454545454546,True,gene_coverage,,,,
GSE96058,REACTOME_FATTY_ACYL_COA_BIOSYNTHESIS,37.0,32.0,0.8648648648648649,True,gene_coverage,,,,
GSE96058,REACTOME_FCERI_MEDIATED_MAPK_ACTIVATION,87.0,33.0,0.3793103448275862,True,gene_coverage,,,,
GSE96058,REACTOME_FICOLINS_BIND_TO_REPETITIVE_CARBOHYDRATE_STRUCTURES_ON_THE_TARGET_CELL_SURFACE,5.0,5.0,1.0,True,gene_coverage,,,,
GSE96058,REACTOME_FOXO_MEDIATED_TRANSCRIPTION_OF_CELL_CYCLE_GENES,17.0,17.0,1.0,True,gene_coverage,,,,
GSE96058,REACTOME_FOXO_MEDIATED_TRANSCRIPTION_OF_OXIDATIVE_STRESS_METABOLIC_AND_NEURONAL_GENES,30.0,28.0,0.9333333333333333,True,gene_coverage,,,,
GSE96058,REACTOME_FREE_FATTY_ACIDS_REGULATE_INSULIN_SECRETION,11.0,11.0,1.0,True,gene_coverage,,,,
GSE96058,REACTOME_FREE_FATTY_ACID_RECEPTORS,5.0,5.0,1.0,True,gene_coverage,,,,
GSE96058,REACTOME_FRUCTOSE_METABOLISM,7.0,6.0,0.8571428571428571,True,gene_coverage,,,,
GSE96058,REACTOME_GAP_FILLING_DNA_REPAIR_SYNTHESIS_AND_LIGATION_IN_GG_NER,25.0,25.0,1.0,True,gene_coverage,,,,
GSE96058,REACTOME_GASTRIN_CREB_SIGNALLING_PATHWAY_VIA_PKC_AND_MAPK,18.0,18.0,1.0,True,gene_coverage,,,,
GSE96058,REACTOME_GLOBAL_GENOME_NUCLEOTIDE_EXCISION_REPAIR_GG_NER,84.0,84.0,1.0,True,gene_coverage,,,,
GSE96058,REACTOME_GLUCOSE_METABOLISM,85.0,82.0,0.9647058823529412,True,gene_coverage,,,,
GSE96058,REACTOME_GLUTAMATE_AND_GLUTAMINE_METABOLISM,14.0,12.0,0.8571428571428571,True,gene_coverage,,,,
GSE96058,REACTOME_GLYCOGEN_METABOLISM,25.0,25.0,1.0,True,gene_coverage,,,,
GSE96058,REACTOME_GLYCOSAMINOGLYCAN_METABOLISM,126.0,125.0,0.9920634920634921,True,gene_coverage,,,,
GSE96058,REACTOME_GLYCOSPHINGOLIPID_METABOLISM,58.0,56.0,0.9655172413793104,True,gene_coverage,,,,
GSE96058,REACTOME_GLYOXYLATE_METABOLISM_AND_GLYCINE_DEGRADATION,19.0,19.0,1.0,True,gene_coverage,,,,
GSE96058,REACTOME_GRB2_EVENTS_IN_ERBB2_SIGNALING,16.0,16.0,1.0,True,gene_coverage,,,,
GSE96058,REACTOME_GRB2_SOS_PROVIDES_LINKAGE_TO_MAPK_SIGNALING_FOR_INTEGRINS,15.0,15.0,1.0,True,gene_coverage,,,,
GSE96058,REACTOME_GRB7_EVENTS_IN_ERBB2_SIGNALING,5.0,5.0,1.0,True,gene_coverage,,,,
GSE96058,REACTOME_G_BETA_GAMMA_SIGNALLING_THROUGH_PI3KGAMMA,25.0,25.0,1.0,True,gene_coverage,,,,
GSE96058,REACTOME_HDR_THROUGH_HOMOLOGOUS_RECOMBINATION_HRR,70.0,66.0,0.9428571428571428,True,gene_coverage,,,,
GSE96058,REACTOME_HEPARAN_SULFATE_HEPARIN_HS_GAG_METABOLISM,57.0,57.0,1.0,True,gene_coverage,,,,
GSE96058,REACTOME_HOMOLOGOUS_DNA_PAIRING_AND_STRAND_EXCHANGE,43.0,41.0,0.9534883720930233,True,gene_coverage,,,,
GSE96058,REACTOME_HYALURONAN_METABOLISM,17.0,17.0,1.0,True,gene_coverage,,,,
GSE96058,REACTOME_IFNG_SIGNALING_ACTIVATES_MAPKS,8.0,8.0,1.0,True,gene_coverage,,,,
GSE96058,REACTOME_IL_6_TYPE_CYTOKINE_RECEPTOR_LIGAND_INTERACTIONS,17.0,17.0,1.0,True,gene_coverage,,,,
GSE96058,REACTOME_INHIBITION_OF_THE_PROTEOLYTIC_ACTIVITY_OF_APC_C_REQUIRED_FOR_THE_ONSET_OF_ANAPHASE_BY_MITOTIC_SPINDLE_CHECKPOINT_COMPONENTS,21.0,21.0,1.0,True,gene_coverage,,,,
GSE96058,REACTOME_INLA_MEDIATED_ENTRY_OF_LISTERIA_MONOCYTOGENES_INTO_HOST_CELLS,9.0,9.0,1.0,True,gene_coverage,,,,
GSE96058,REACTOME_INLB_MEDIATED_ENTRY_OF_LISTERIA_MONOCYTOGENES_INTO_HOST_CELL,15.0,15.0,1.0,True,gene_coverage,,,,
GSE96058,REACTOME_INNATE_IMMUNE_SYSTEM,1128.0,1038.0,0.9202127659574468,True,gene_coverage,,,,
GSE96058,REACTOME_INOSITOL_PHOSPHATE_METABOLISM,48.0,48.0,1.0,True,gene_coverage,,,,
GSE96058,REACTOME_INTEGRATION_OF_ENERGY_METABOLISM,108.0,108.0,1.0,True,gene_coverage,,,,
GSE96058,REACTOME_INTERACTIONS_OF_REV_WITH_HOST_CELLULAR_PROTEINS,37.0,35.0,0.9459459459459459,True,gene_coverage,,,,
GSE96058,REACTOME_INTERACTIONS_OF_VPR_WITH_HOST_CELLULAR_PROTEINS,37.0,35.0,0.9459459459459459,True,gene_coverage,,,,
GSE96058,REACTOME_INTERFERON_ALPHA_BETA_SIGNALING,78.0,78.0,1.0,True,gene_coverage,,,,
GSE96058,REACTOME_INTERFERON_GAMMA_SIGNALING,98.0,97.0,0.9897959183673469,True,gene_coverage,,,,
GSE96058,REACTOME_INTERFERON_SIGNALING,273.0,263.0,0.9633699633699634,True,gene_coverage,,,,
GSE96058,REACTOME_INTRINSIC_PATHWAY_FOR_APOPTOSIS,55.0,53.0,0.9636363636363636,True,gene_coverage,,,,
GSE96058,REACTOME_KERATAN_SULFATE_KERATIN_METABOLISM,36.0,35.0,0.9722222222222222,True,gene_coverage,,,,
GSE96058,REACTOME_KETONE_BODY_METABOLISM,10.0,10.0,1.0,True,gene_coverage,,,,
GSE96058,REACTOME_LINOLEIC_ACID_LA_METABOLISM,8.0,8.0,1.0,True,gene_coverage,,,,
GSE96058,REACTOME_LISTERIA_MONOCYTOGENES_ENTRY_INTO_HOST_CELLS,20.0,20.0,1.0,True,gene_coverage,,,,
GSE96058,REACTOME_MAP2K_AND_MAPK_ACTIVATION,40.0,40.0,1.0,True,gene_coverage,,,,
GSE96058,REACTOME_MAP3K8_TPL2_DEPENDENT_MAPK1_3_ACTIVATION,16.0,16.0,1.0,True,gene_coverage,,,,
GSE96058,REACTOME_MAPK1_ERK2_ACTIVATION,9.0,9.0,1.0,True,gene_coverage,,,,
GSE96058,REACTOME_MAPK3_ERK1_ACTIVATION,10.0,10.0,1.0,True,gene_coverage,,,,
GSE96058,REACTOME_MAPK6_MAPK4_SIGNALING,93.0,91.0,0.978494623655914,True,gene_coverage,,,,
GSE96058,REACTOME_MAPK_FAMILY_SIGNALING_CASCADES,327.0,324.0,0.9908256880733946,True,gene_coverage,,,,
GSE96058,REACTOME_MAPK_TARGETS_NUCLEAR_EVENTS_MEDIATED_BY_MAP_KINASES,31.0,31.0,1.0,True,gene_coverage,,,,
GSE96058,REACTOME_MASTL_FACILITATES_MITOTIC_PROGRESSION,10.0,10.0,1.0,True,gene_coverage,,,,
GSE96058,REACTOME_METABOLISM_OF_AMINE_DERIVED_HORMONES,18.0,18.0,1.0,True,gene_coverage,,,,
GSE96058,REACTOME_METABOLISM_OF_AMINO_ACIDS_AND_DERIVATIVES,366.0,348.0,0.9508196721311475,True,gene_coverage,,,,
GSE96058,REACTOME_METABOLISM_OF_ANGIOTENSINOGEN_TO_ANGIOTENSINS,17.0,17.0,1.0,True,gene_coverage,,,,
GSE96058,REACTOME_METABOLISM_OF_CARBOHYDRATES,288.0,283.0,0.9826388888888888,True,gene_coverage,,,,
GSE96058,REACTOME_METABOLISM_OF_COFACTORS,25.0,23.0,0.92,True,gene_coverage,,,,
GSE96058,REACTOME_METABOLISM_OF_FAT_SOLUBLE_VITAMINS,48.0,47.0,0.9791666666666666,True,gene_coverage,,,,
GSE96058,REACTOME_METABOLISM_OF_FOLATE_AND_PTERINES,17.0,16.0,0.9411764705882353,True,gene_coverage,,,,
GSE96058,REACTOME_METABOLISM_OF_INGESTED_SEMET_SEC_MESEC_INTO_H2SE,8.0,8.0,1.0,True,gene_coverage,,,,
GSE96058,REACTOME_METABOLISM_OF_LIPIDS,757.0,726.0,0.9590488771466315,True,gene_coverage,,,,
GSE96058,REACTOME_METABOLISM_OF_NITRIC_OXIDE_NOS3_ACTIVATION_AND_REGULATION,14.0,14.0,1.0,True,gene_coverage,,,,
GSE96058,REACTOME_METABOLISM_OF_NUCLEOTIDES,97.0,94.0,0.9690721649484536,True,gene_coverage,,,,
GSE96058,REACTOME_METABOLISM_OF_POLYAMINES,59.0,57.0,0.9661016949152542,True,gene_coverage,,,,
GSE96058,REACTOME_METABOLISM_OF_PORPHYRINS,27.0,27.0,1.0,True,gene_coverage,,,,
GSE96058,REACTOME_METABOLISM_OF_RNA,724.0,696.0,0.9613259668508287,True,gene_coverage,,,,
GSE96058,REACTOME_METABOLISM_OF_STEROIDS,154.0,151.0,0.9805194805194806,True,gene_coverage,,,,
GSE96058,REACTOME_METABOLISM_OF_STEROID_HORMONES,36.0,34.0,0.9444444444444444,True,gene_coverage,,,,
GSE96058,REACTOME_METABOLISM_OF_VITAMINS_AND_COFACTORS,198.0,189.0,0.9545454545454546,True,gene_coverage,,,,
GSE96058,REACTOME_METABOLISM_OF_WATER_SOLUBLE_VITAMINS_AND_COFACTORS,127.0,121.0,0.952755905511811,True,gene_coverage,,,,
GSE96058,REACTOME_MET_ACTIVATES_PI3K_AKT_SIGNALING,6.0,6.0,1.0,True,gene_coverage,,,,
GSE96058,REACTOME_MISMATCH_REPAIR,15.0,15.0,1.0,True,gene_coverage,,,,
GSE96058,REACTOME_MITOCHONDRIAL_FATTY_ACID_BETA_OXIDATION,37.0,35.0,0.9459459459459459,True,gene_coverage,,,,
GSE96058,REACTOME_MITOCHONDRIAL_FATTY_ACID_BETA_OXIDATION_OF_SATURATED_FATTY_ACIDS,11.0,10.0,0.9090909090909091,True,gene_coverage,,,,
GSE96058,REACTOME_MITOCHONDRIAL_FATTY_ACID_BETA_OXIDATION_OF_UNSATURATED_FATTY_ACIDS,6.0,6.0,1.0,True,gene_coverage,,,,
GSE96058,REACTOME_MITOTIC_G1_PHASE_AND_G1_S_TRANSITION,149.0,148.0,0.9932885906040269,True,gene_coverage,,,,
GSE96058,REACTOME_MITOTIC_G2_G2_M_PHASES,200.0,197.0,0.985,True,gene_coverage,,,,
GSE96058,REACTOME_MITOTIC_METAPHASE_AND_ANAPHASE,236.0,229.0,0.9703389830508474,True,gene_coverage,,,,
GSE96058,REACTOME_MITOTIC_PROMETAPHASE,204.0,197.0,0.9656862745098039,True,gene_coverage,,,,
GSE96058,REACTOME_MITOTIC_PROPHASE,142.0,79.0,0.5563380281690141,True,gene_coverage,,,,
GSE96058,REACTOME_MITOTIC_SPINDLE_CHECKPOINT,111.0,107.0,0.963963963963964,True,gene_coverage,,,,
GSE96058,REACTOME_MITOTIC_TELOPHASE_CYTOKINESIS,13.0,13.0,1.0,True,gene_coverage,,,,
GSE96058,REACTOME_MODULATION_BY_MTB_OF_HOST_IMMUNE_SYSTEM,7.0,7.0,1.0,True,gene_coverage,,,,
GSE96058,REACTOME_NEGATIVE_FEEDBACK_REGULATION_OF_MAPK_PATHWAY,6.0,6.0,1.0,True,gene_coverage,,,,
GSE96058,REACTOME_NEGATIVE_REGULATION_OF_MAPK_PATHWAY,43.0,43.0,1.0,True,gene_coverage,,,,
GSE96058,REACTOME_NEGATIVE_REGULATION_OF_THE_PI3K_AKT_NETWORK,118.0,118.0,1.0,True,gene_coverage,,,,
GSE96058,REACTOME_NICOTINATE_METABOLISM,31.0,28.0,0.9032258064516129,True,gene_coverage,,,,
GSE96058,REACTOME_NONHOMOLOGOUS_END_JOINING_NHEJ,68.0,30.0,0.4411764705882353,True,gene_coverage,,,,
GSE96058,REACTOME_NUCLEAR_SIGNALING_BY_ERBB4,32.0,32.0,1.0,True,gene_coverage,,,,
GSE96058,REACTOME_NUCLEOTIDE_EXCISION_REPAIR,108.0,108.0,1.0,True,gene_coverage,,,,
GSE96058,REACTOME_ONCOGENIC_MAPK_SIGNALING,82.0,80.0,0.975609756097561,True,gene_coverage,,,,
GSE96058,REACTOME_OXIDATIVE_STRESS_INDUCED_SENESCENCE,125.0,64.0,0.512,True,gene_coverage,,,,
GSE96058,REACTOME_P130CAS_LINKAGE_TO_MAPK_SIGNALING_FOR_INTEGRINS,15.0,15.0,1.0,True,gene_coverage,,,,
GSE96058,REACTOME_P38MAPK_EVENTS,13.0,13.0,1.0,True,gene_coverage,,,,
GSE96058,REACTOME_P75NTR_NEGATIVELY_REGULATES_CELL_CYCLE_VIA_SC1,6.0,6.0,1.0,True,gene_coverage,,,,
GSE96058,REACTOME_PEPTIDE_HORMONE_METABOLISM,88.0,85.0,0.9659090909090909,True,gene_coverage,,,,
GSE96058,REACTOME_PEROXISOMAL_LIPID_METABOLISM,29.0,29.0,1.0,True,gene_coverage,,,,
GSE96058,REACTOME_PHENYLALANINE_AND_TYROSINE_METABOLISM,11.0,10.0,0.9090909090909091,True,gene_coverage,,,,
GSE96058,REACTOME_PHENYLALANINE_METABOLISM,6.0,5.0,0.8333333333333334,True,gene_coverage,,,,
GSE96058,REACTOME_PHOSPHOLIPID_METABOLISM,211.0,199.0,0.943127962085308,True,gene_coverage,,,,
GSE96058,REACTOME_PI3K_AKT_ACTIVATION,9.0,9.0,1.0,True,gene_coverage,,,,
GSE96058,REACTOME_PI3K_AKT_SIGNALING_IN_CANCER,110.0,109.0,0.990909090909091,True,gene_coverage,,,,
GSE96058,REACTOME_PI3K_EVENTS_IN_ERBB2_SIGNALING,16.0,16.0,1.0,True,gene_coverage,,,,
GSE96058,REACTOME_PI3K_EVENTS_IN_ERBB4_SIGNALING,10.0,10.0,1.0,True,gene_coverage,,,,
GSE96058,REACTOME_PI5P_REGULATES_TP53_ACETYLATION,9.0,8.0,0.8888888888888888,True,gene_coverage,,,,
GSE96058,REACTOME_PI_METABOLISM,84.0,83.0,0.9880952380952381,True,gene_coverage,,,,
GSE96058,REACTOME_PLATELET_ADHESION_TO_EXPOSED_COLLAGEN,16.0,15.0,0.9375,True,gene_coverage,,,,
GSE96058,REACTOME_POSTMITOTIC_NUCLEAR_PORE_COMPLEX_NPC_REFORMATION,27.0,26.0,0.9629629629629629,True,gene_coverage,,,,
GSE96058,REACTOME_PTK6_REGULATES_CELL_CYCLE,6.0,6.0,1.0,True,gene_coverage,,,,
GSE96058,REACTOME_PYRUVATE_METABOLISM,49.0,49.0,1.0,True,gene_coverage,,,,
GSE96058,REACTOME_RAF_INDEPENDENT_MAPK1_3_ACTIVATION,23.0,23.0,1.0,True,gene_coverage,,,,
GSE96058,REACTOME_RECRUITMENT_OF_MITOTIC_CENTROSOME_PROTEINS_AND_COMPLEXES,81.0,80.0,0.9876543209876543,True,gene_coverage,,,,
GSE96058,REACTOME_RECRUITMENT_OF_NUMA_TO_MITOTIC_CENTROSOMES,95.0,93.0,0.9789473684210527,True,gene_coverage,,,,
GSE96058,REACTOME_REGULATION_OF_GENE_EXPRESSION_BY_HYPOXIA_INDUCIBLE_FACTOR,11.0,11.0,1.0,True,gene_coverage,,,,
GSE96058,REACTOME_REGULATION_OF_GLYCOLYSIS_BY_FRUCTOSE_2_6_BISPHOSPHATE_METABOLISM,12.0,12.0,1.0,True,gene_coverage,,,,
GSE96058,REACTOME_REGULATION_OF_INNATE_IMMUNE_RESPONSES_TO_CYTOSOLIC_DNA,15.0,14.0,0.9333333333333333,True,gene_coverage,,,,
GSE96058,REACTOME_REGULATION_OF_LIPID_METABOLISM_BY_PPARALPHA,118.0,117.0,0.9915254237288136,True,gene_coverage,,,,
GSE96058,REACTOME_REGULATION_OF_MITF_M_DEPENDENT_GENES_INVOLVED_IN_APOPTOSIS,19.0,19.0,1.0,True,gene_coverage,,,,
GSE96058,REACTOME_REGULATION_OF_MITF_M_DEPENDENT_GENES_INVOLVED_IN_CELL_CYCLE_AND_PROLIFERATION,17.0,17.0,1.0,True,gene_coverage,,,,
GSE96058,REACTOME_REGULATION_OF_PYRUVATE_METABOLISM,33.0,33.0,1.0,True,gene_coverage,,,,
GSE96058,REACTOME_REGULATION_OF_TP53_ACTIVITY,160.0,157.0,0.98125,True,gene_coverage,,,,
GSE96058,REACTOME_REGULATION_OF_TP53_ACTIVITY_THROUGH_ACETYLATION,30.0,29.0,0.9666666666666667,True,gene_coverage,,,,
GSE96058,REACTOME_REGULATION_OF_TP53_ACTIVITY_THROUGH_ASSOCIATION_WITH_CO_FACTORS,14.0,14.0,1.0,True,gene_coverage,,,,
GSE96058,REACTOME_REGULATION_OF_TP53_ACTIVITY_THROUGH_METHYLATION,19.0,18.0,0.9473684210526315,True,gene_coverage,,,,
GSE96058,REACTOME_REGULATION_OF_TP53_ACTIVITY_THROUGH_PHOSPHORYLATION,92.0,91.0,0.9891304347826086,True,gene_coverage,,,,
GSE96058,REACTOME_REGULATION_OF_TP53_EXPRESSION_AND_DEGRADATION,37.0,37.0,1.0,True,gene_coverage,,,,
GSE96058,REACTOME_RUNX1_REGULATES_ESTROGEN_RECEPTOR_MEDIATED_TRANSCRIPTION,6.0,6.0,1.0,True,gene_coverage,,,,
GSE96058,REACTOME_RUNX3_REGULATES_IMMUNE_RESPONSE_AND_CELL_MIGRATION,6.0,6.0,1.0,True,gene_coverage,,,,
GSE96058,REACTOME_SARS_COV_1_ACTIVATES_MODULATES_INNATE_IMMUNE_RESPONSES,41.0,37.0,0.9024390243902439,True,gene_coverage,,,,
GSE96058,REACTOME_SARS_COV_2_ACTIVATES_MODULATES_INNATE_AND_ADAPTIVE_IMMUNE_RESPONSES,126.0,120.0,0.9523809523809523,True,gene_coverage,,,,
GSE96058,REACTOME_SELENOAMINO_ACID_METABOLISM,118.0,108.0,0.9152542372881356,True,gene_coverage,,,,
GSE96058,REACTOME_SHC1_EVENTS_IN_ERBB2_SIGNALING,22.0,22.0,1.0,True,gene_coverage,,,,
GSE96058,REACTOME_SHC1_EVENTS_IN_ERBB4_SIGNALING,14.0,14.0,1.0,True,gene_coverage,,,,
GSE96058,REACTOME_SIALIC_ACID_METABOLISM,33.0,33.0,1.0,True,gene_coverage,,,,
GSE96058,REACTOME_SIGNALING_BY_ERBB2,50.0,49.0,0.98,True,gene_coverage,,,,
GSE96058,REACTOME_SIGNALING_BY_ERBB2_ECD_MUTANTS,16.0,15.0,0.9375,True,gene_coverage,,,,
GSE96058,REACTOME_SIGNALING_BY_ERBB2_IN_CANCER,26.0,25.0,0.9615384615384616,True,gene_coverage,,,,
GSE96058,REACTOME_SIGNALING_BY_ERBB4,58.0,58.0,1.0,True,gene_coverage,,,,
GSE96058,REACTOME_SIGNALING_BY_MAPK_MUTANTS,7.0,7.0,1.0,True,gene_coverage,,,,
GSE96058,REACTOME_SIGNALING_BY_THE_B_CELL_RECEPTOR_BCR,166.0,111.0,0.6686746987951807,True,gene_coverage,,,,
GSE96058,REACTOME_SPHINGOLIPID_METABOLISM,107.0,101.0,0.9439252336448598,True,gene_coverage,,,,
GSE96058,REACTOME_STING_MEDIATED_INDUCTION_OF_HOST_IMMUNE_RESPONSES,16.0,13.0,0.8125,True,gene_coverage,,,,
GSE96058,REACTOME_SULFUR_AMINO_ACID_METABOLISM,28.0,27.0,0.9642857142857143,True,gene_coverage,,,,
GSE96058,REACTOME_SUMOYLATION_OF_IMMUNE_RESPONSE_PROTEINS,12.0,12.0,1.0,True,gene_coverage,,,,
GSE96058,REACTOME_SUPPRESSION_OF_APOPTOSIS,7.0,7.0,1.0,True,gene_coverage,,,,
GSE96058,REACTOME_SURFACTANT_METABOLISM,30.0,28.0,0.9333333333333333,True,gene_coverage,,,,
GSE96058,REACTOME_SYNTHESIS_OF_VERY_LONG_CHAIN_FATTY_ACYL_COAS,24.0,20.0,0.8333333333333334,True,gene_coverage,,,,
GSE96058,REACTOME_TFAP2_AP_2_FAMILY_REGULATES_TRANSCRIPTION_OF_CELL_CYCLE_FACTORS,5.0,5.0,1.0,True,gene_coverage,,,,
GSE96058,REACTOME_THE_FATTY_ACID_CYCLING_MODEL,5.0,5.0,1.0,True,gene_coverage,,,,
GSE96058,REACTOME_TP53_REGULATES_METABOLIC_GENES,84.0,80.0,0.9523809523809523,True,gene_coverage,,,,
GSE96058,REACTOME_TP53_REGULATES_TRANSCRIPTION_OF_ADDITIONAL_CELL_CYCLE_GENES_WHOSE_EXACT_ROLE_IN_THE_P53_PATHWAY_REMAIN_UNCERTAIN,21.0,20.0,0.9523809523809523,True,gene_coverage,,,,
GSE96058,REACTOME_TP53_REGULATES_TRANSCRIPTION_OF_CASPASE_ACTIVATORS_AND_CASPASES,12.0,11.0,0.9166666666666666,True,gene_coverage,,,,
GSE96058,REACTOME_TP53_REGULATES_TRANSCRIPTION_OF_CELL_CYCLE_GENES,49.0,48.0,0.9795918367346939,True,gene_coverage,,,,
GSE96058,REACTOME_TP53_REGULATES_TRANSCRIPTION_OF_CELL_DEATH_GENES,44.0,42.0,0.9545454545454546,True,gene_coverage,,,,
GSE96058,REACTOME_TP53_REGULATES_TRANSCRIPTION_OF_DEATH_RECEPTORS_AND_LIGANDS,12.0,12.0,1.0,True,gene_coverage,,,,
GSE96058,REACTOME_TP53_REGULATES_TRANSCRIPTION_OF_DNA_REPAIR_GENES,62.0,58.0,0.9354838709677419,True,gene_coverage,,,,
GSE96058,REACTOME_TP53_REGULATES_TRANSCRIPTION_OF_GENES_INVOLVED_IN_CYTOCHROME_C_RELEASE,20.0,19.0,0.95,True,gene_coverage,,,,
GSE96058,REACTOME_TP53_REGULATES_TRANSCRIPTION_OF_GENES_INVOLVED_IN_G1_CELL_CYCLE_ARREST,14.0,14.0,1.0,True,gene_coverage,,,,
GSE96058,REACTOME_TP53_REGULATES_TRANSCRIPTION_OF_GENES_INVOLVED_IN_G2_CELL_CYCLE_ARREST,18.0,18.0,1.0,True,gene_coverage,,,,
GSE96058,REACTOME_TP53_REGULATES_TRANSCRIPTION_OF_SEVERAL_ADDITIONAL_CELL_DEATH_GENES_WHOSE_SPECIFIC_ROLES_IN_P53_DEPENDENT_APOPTOSIS_REMAIN_UNCERTAIN,14.0,14.0,1.0,True,gene_coverage,,,,
GSE96058,REACTOME_TRANSCRIPTIONAL_REGULATION_BY_TP53,360.0,346.0,0.9611111111111111,True,gene_coverage,,,,
GSE96058,REACTOME_TRANSCRIPTION_COUPLED_NUCLEOTIDE_EXCISION_REPAIR_TC_NER,76.0,76.0,1.0,True,gene_coverage,,,,
GSE96058,REACTOME_TRANSPORT_OF_FATTY_ACIDS,8.0,8.0,1.0,True,gene_coverage,,,,
GSE96058,REACTOME_TRIGLYCERIDE_METABOLISM,38.0,37.0,0.9736842105263158,True,gene_coverage,,,,
GSE96058,REACTOME_VITAMIN_B1_THIAMIN_METABOLISM,5.0,5.0,1.0,True,gene_coverage,,,,
GSE96058,REACTOME_VITAMIN_B2_RIBOFLAVIN_METABOLISM,7.0,7.0,1.0,True,gene_coverage,,,,
GSE96058,REACTOME_VITAMIN_B5_PANTOTHENATE_METABOLISM,20.0,20.0,1.0,True,gene_coverage,,,,
GSE96058,REACTOME_VITAMIN_C_ASCORBATE_METABOLISM,8.0,8.0,1.0,True,gene_coverage,,,,
GSE96058,REACTOME_VITAMIN_D_CALCIFEROL_METABOLISM,12.0,12.0,1.0,True,gene_coverage,,,,
GSE96058,,,,,,aggregation,Pathway_Immune,HALLMARK_INTERFERON_GAMMA_RESPONSE;HALLMARK_INTERFERON_ALPHA_RESPONSE;HALLMARK_INFLAMMATORY_RESPONSE;HALLMARK_ALLOGRAFT_REJECTION;HALLMARK_COMPLEMENT,HALLMARK_INTERFERON_GAMMA_RESPONSE;HALLMARK_INTERFERON_ALPHA_RESPONSE;HALLMARK_INFLAMMATORY_RESPONSE;HALLMARK_ALLOGRAFT_REJECTION;HALLMARK_COMPLEMENT,5.0
GSE96058,,,,,,aggregation,Pathway_Proliferation,HALLMARK_E2F_TARGETS;HALLMARK_G2M_CHECKPOINT;HALLMARK_MYC_TARGETS_V1;HALLMARK_MYC_TARGETS_V2;HALLMARK_MITOTIC_SPINDLE,HALLMARK_E2F_TARGETS;HALLMARK_G2M_CHECKPOINT;HALLMARK_MYC_TARGETS_V1;HALLMARK_MYC_TARGETS_V2;HALLMARK_MITOTIC_SPINDLE,5.0
GSE96058,,,,,,aggregation,Pathway_DNA_Repair,HALLMARK_DNA_REPAIR;REACTOME_HDR_THROUGH_HOMOLOGOUS_RECOMBINATION_HRR;REACTOME_NUCLEOTIDE_EXCISION_REPAIR;REACTOME_MISMATCH_REPAIR;KEGG_MEDICUS_REFERENCE_HOMOLOGOUS_RECOMBINATION;KEGG_MEDICUS_REFERENCE_MISMATCH_REPAIR,HALLMARK_DNA_REPAIR;REACTOME_HDR_THROUGH_HOMOLOGOUS_RECOMBINATION_HRR;REACTOME_NUCLEOTIDE_EXCISION_REPAIR;REACTOME_MISMATCH_REPAIR;KEGG_MEDICUS_REFERENCE_HOMOLOGOUS_RECOMBINATION;KEGG_MEDICUS_REFERENCE_MISMATCH_REPAIR,6.0
GSE96058,,,,,,aggregation,Pathway_Metabolism,HALLMARK_OXIDATIVE_PHOSPHORYLATION;HALLMARK_GLYCOLYSIS;HALLMARK_FATTY_ACID_METABOLISM;KEGG_MEDICUS_REFERENCE_GLYCOLYSIS,HALLMARK_OXIDATIVE_PHOSPHORYLATION;HALLMARK_GLYCOLYSIS;HALLMARK_FATTY_ACID_METABOLISM;KEGG_MEDICUS_REFERENCE_GLYCOLYSIS,4.0
GSE96058,,,,,,aggregation,Pathway_Stromal_EMT,HALLMARK_EPITHELIAL_MESENCHYMAL_TRANSITION;HALLMARK_ANGIOGENESIS;HALLMARK_HEDGEHOG_SIGNALING,HALLMARK_EPITHELIAL_MESENCHYMAL_TRANSITION;HALLMARK_ANGIOGENESIS;HALLMARK_HEDGEHOG_SIGNALING,3.0
GSE96058,,,,,,aggregation,Pathway_Apoptosis_Stress,HALLMARK_APOPTOSIS;HALLMARK_P53_PATHWAY;HALLMARK_HYPOXIA,HALLMARK_APOPTOSIS;HALLMARK_P53_PATHWAY;HALLMARK_HYPOXIA,3.0
GSE96058,,,,,,aggregation,Pathway_Hormone,HALLMARK_ESTROGEN_RESPONSE_EARLY;HALLMARK_ESTROGEN_RESPONSE_LATE;HALLMARK_ANDROGEN_RESPONSE,HALLMARK_ESTROGEN_RESPONSE_EARLY;HALLMARK_ESTROGEN_RESPONSE_LATE;HALLMARK_ANDROGEN_RESPONSE,3.0
METABRIC,HALLMARK_ADIPOGENESIS,200.0,198.0,0.99,True,gene_coverage,,,,
METABRIC,HALLMARK_ALLOGRAFT_REJECTION,200.0,199.0,0.995,True,gene_coverage,,,,
METABRIC,HALLMARK_ANDROGEN_RESPONSE,101.0,101.0,1.0,True,gene_coverage,,,,
METABRIC,HALLMARK_ANGIOGENESIS,36.0,36.0,1.0,True,gene_coverage,,,,
METABRIC,HALLMARK_APICAL_JUNCTION,200.0,197.0,0.985,True,gene_coverage,,,,
METABRIC,HALLMARK_APICAL_SURFACE,44.0,44.0,1.0,True,gene_coverage,,,,
METABRIC,HALLMARK_APOPTOSIS,161.0,160.0,0.9937888198757764,True,gene_coverage,,,,
METABRIC,HALLMARK_BILE_ACID_METABOLISM,112.0,112.0,1.0,True,gene_coverage,,,,
METABRIC,HALLMARK_CHOLESTEROL_HOMEOSTASIS,74.0,74.0,1.0,True,gene_coverage,,,,
METABRIC,HALLMARK_COAGULATION,138.0,137.0,0.9927536231884058,True,gene_coverage,,,,
METABRIC,HALLMARK_COMPLEMENT,200.0,195.0,0.975,True,gene_coverage,,,,
METABRIC,HALLMARK_DNA_REPAIR,150.0,148.0,0.9866666666666667,True,gene_coverage,,,,
METABRIC,HALLMARK_E2F_TARGETS,200.0,199.0,0.995,True,gene_coverage,,,,
METABRIC,HALLMARK_EPITHELIAL_MESENCHYMAL_TRANSITION,200.0,200.0,1.0,True,gene_coverage,,,,
METABRIC,HALLMARK_ESTROGEN_RESPONSE_EARLY,200.0,194.0,0.97,True,gene_coverage,,,,
METABRIC,HALLMARK_ESTROGEN_RESPONSE_LATE,200.0,195.0,0.975,True,gene_coverage,,,,
METABRIC,HALLMARK_FATTY_ACID_METABOLISM,158.0,156.0,0.9873417721518988,True,gene_coverage,,,,
METABRIC,HALLMARK_G2M_CHECKPOINT,200.0,200.0,1.0,True,gene_coverage,,,,
METABRIC,HALLMARK_GLYCOLYSIS,200.0,198.0,0.99,True,gene_coverage,,,,
METABRIC,HALLMARK_HEDGEHOG_SIGNALING,36.0,36.0,1.0,True,gene_coverage,,,,
METABRIC,HALLMARK_HEME_METABOLISM,200.0,197.0,0.985,True,gene_coverage,,,,
METABRIC,HALLMARK_HYPOXIA,200.0,199.0,0.995,True,gene_coverage,,,,
METABRIC,HALLMARK_IL2_STAT5_SIGNALING,199.0,198.0,0.9949748743718593,True,gene_coverage,,,,
METABRIC,HALLMARK_IL6_JAK_STAT3_SIGNALING,87.0,87.0,1.0,True,gene_coverage,,,,
METABRIC,HALLMARK_INFLAMMATORY_RESPONSE,200.0,199.0,0.995,True,gene_coverage,,,,
METABRIC,HALLMARK_INTERFERON_ALPHA_RESPONSE,97.0,97.0,1.0,True,gene_coverage,,,,
METABRIC,HALLMARK_INTERFERON_GAMMA_RESPONSE,200.0,198.0,0.99,True,gene_coverage,,,,
METABRIC,HALLMARK_KRAS_SIGNALING_DN,200.0,199.0,0.995,True,gene_coverage,,,,
METABRIC,HALLMARK_KRAS_SIGNALING_UP,200.0,198.0,0.99,True,gene_coverage,,,,
METABRIC,HALLMARK_MITOTIC_SPINDLE,199.0,197.0,0.9899497487437185,True,gene_coverage,,,,
METABRIC,HALLMARK_MTORC1_SIGNALING,200.0,198.0,0.99,True,gene_coverage,,,,
METABRIC,HALLMARK_MYC_TARGETS_V1,200.0,198.0,0.99,True,gene_coverage,,,,
METABRIC,HALLMARK_MYC_TARGETS_V2,58.0,55.0,0.9482758620689655,True,gene_coverage,,,,
METABRIC,HALLMARK_MYOGENESIS,200.0,199.0,0.995,True,gene_coverage,,,,
METABRIC,HALLMARK_NOTCH_SIGNALING,32.0,32.0,1.0,True,gene_coverage,,,,
METABRIC,HALLMARK_OXIDATIVE_PHOSPHORYLATION,200.0,194.0,0.97,True,gene_coverage,,,,
METABRIC,HALLMARK_P53_PATHWAY,200.0,197.0,0.985,True,gene_coverage,,,,
METABRIC,HALLMARK_PANCREAS_BETA_CELLS,40.0,40.0,1.0,True,gene_coverage,,,,
METABRIC,HALLMARK_PEROXISOME,104.0,104.0,1.0,True,gene_coverage,,,,
METABRIC,HALLMARK_PI3K_AKT_MTOR_SIGNALING,105.0,104.0,0.9904761904761905,True,gene_coverage,,,,
METABRIC,HALLMARK_PROTEIN_SECRETION,96.0,96.0,1.0,True,gene_coverage,,,,
METABRIC,HALLMARK_REACTIVE_OXYGEN_SPECIES_PATHWAY,49.0,48.0,0.9795918367346939,True,gene_coverage,,,,
METABRIC,HALLMARK_SPERMATOGENESIS,135.0,134.0,0.9925925925925926,True,gene_coverage,,,,
METABRIC,HALLMARK_TGF_BETA_SIGNALING,54.0,53.0,0.9814814814814815,True,gene_coverage,,,,
METABRIC,HALLMARK_TNFA_SIGNALING_VIA_NFKB,200.0,199.0,0.995,True,gene_coverage,,,,
METABRIC,HALLMARK_UNFOLDED_PROTEIN_RESPONSE,113.0,112.0,0.9911504424778761,True,gene_coverage,,,,
METABRIC,HALLMARK_UV_RESPONSE_DN,144.0,144.0,1.0,True,gene_coverage,,,,
METABRIC,HALLMARK_UV_RESPONSE_UP,158.0,157.0,0.9936708860759493,True,gene_coverage,,,,
METABRIC,HALLMARK_WNT_BETA_CATENIN_SIGNALING,42.0,42.0,1.0,True,gene_coverage,,,,
METABRIC,HALLMARK_XENOBIOTIC_METABOLISM,200.0,198.0,0.99,True,gene_coverage,,,,
METABRIC,KEGG_MEDICUS_ENV_FACTOR_E2_TO_NUCLEAR_INITIATED_ESTROGEN_SIGNALING_PATHWAY,7.0,7.0,1.0,True,gene_coverage,,,,
METABRIC,KEGG_MEDICUS_ENV_FACTOR_NICOTINE_NNK_TO_PI3K_SIGNALING_PATHWAY,11.0,11.0,1.0,True,gene_coverage,,,,
METABRIC,KEGG_MEDICUS_ENV_FACTOR_NNK_NNN_TO_PI3K_SIGNALING_PATHWAY_N01339,11.0,11.0,1.0,True,gene_coverage,,,,
METABRIC,KEGG_MEDICUS_ENV_FACTOR_NNK_NNN_TO_PI3K_SIGNALING_PATHWAY_N01350,12.0,12.0,1.0,True,gene_coverage,,,,
METABRIC,KEGG_MEDICUS_PATHOGEN_EBV_EBNA1_TO_P53_MEDIATED_TRANSCRIPTION,10.0,10.0,1.0,True,gene_coverage,,,,
METABRIC,KEGG_MEDICUS_PATHOGEN_EBV_EBNA3C_TO_CELL_CYCLE_G1_S_N00483,9.0,9.0,1.0,True,gene_coverage,,,,
METABRIC,KEGG_MEDICUS_PATHOGEN_EBV_EBNA3C_TO_CELL_CYCLE_G1_S_N00484,5.0,5.0,1.0,True,gene_coverage,,,,
METABRIC,KEGG_MEDICUS_PATHOGEN_EBV_EBNA3C_TO_P27_CELL_CYCLE_G1_S_N00264,11.0,11.0,1.0,True,gene_coverage,,,,
METABRIC,KEGG_MEDICUS_PATHOGEN_EBV_EBNA3C_TO_P27_CELL_CYCLE_G1_S_N00482,9.0,9.0,1.0,True,gene_coverage,,,,
METABRIC,KEGG_MEDICUS_PATHOGEN_EBV_EBNA3C_TO_P53_MEDIATED_TRANSCRIPTION,10.0,10.0,1.0,True,gene_coverage,,,,
METABRIC,KEGG_MEDICUS_PATHOGEN_EBV_LMP1_TO_PI3K_SIGNALING_PATHWAY,5.0,5.0,1.0,True,gene_coverage,,,,
METABRIC,KEGG_MEDICUS_PATHOGEN_EBV_LMP2A_TO_PI3K_SIGNALING_PATHWAY,5.0,5.0,1.0,True,gene_coverage,,,,
METABRIC,KEGG_MEDICUS_PATHOGEN_ESCHERICHIA_TIR_TO_TLR2_4_MAPK_SIGNALING_PATHWAY,5.0,5.0,1.0,True,gene_coverage,,,,
METABRIC,KEGG_MEDICUS_PATHOGEN_HCMV_US28_TO_GNB_G_PI3K_NFKB_SIGNALING_PATHWAY,31.0,31.0,1.0,True,gene_coverage,,,,
METABRIC,KEGG_MEDICUS_PATHOGEN_HIV_GP120_TO_CXCR4_GNAI_PI3K_BAD_SIGNALING_PATHWAY,12.0,12.0,1.0,True,gene_coverage,,,,
METABRIC,KEGG_MEDICUS_PATHOGEN_HIV_VPR_TO_CDC25_CELL_CYCLE_G2M,11.0,11.0,1.0,True,gene_coverage,,,,
METABRIC,KEGG_MEDICUS_PATHOGEN_HIV_VPR_TO_WEE1_CELL_CYCLE_G2M,5.0,5.0,1.0,True,gene_coverage,,,,
METABRIC,KEGG_MEDICUS_PATHOGEN_HPV_E7_TO_CELL_CYCLE_G1_S,6.0,6.0,1.0,True,gene_coverage,,,,
METABRIC,KEGG_MEDICUS_PATHOGEN_HPV_E7_TO_P27_CELL_CYCLE_G1_S,7.0,7.0,1.0,True,gene_coverage,,,,
METABRIC,KEGG_MEDICUS_PATHOGEN_HTLV_1_TAX_TO_P21_CELL_CYCLE_G1_S_N00497,9.0,9.0,1.0,True,gene_coverage,,,,
METABRIC,KEGG_MEDICUS_PATHOGEN_HTLV_1_TAX_TO_P21_CELL_CYCLE_G1_S_N00498,8.0,8.0,1.0,True,gene_coverage,,,,
METABRIC,KEGG_MEDICUS_PATHOGEN_KSHV_VCYCLIN_TO_CELL_CYCLE_G1_S,6.0,6.0,1.0,True,gene_coverage,,,,
METABRIC,KEGG_MEDICUS_PATHOGEN_KSHV_VGPCR_TO_GNB_G_PI3K_AKT_SIGNALING_PATHWAY,24.0,24.0,1.0,True,gene_coverage,,,,
METABRIC,KEGG_MEDICUS_PATHOGEN_KSHV_VGPCR_TO_GNB_G_PI3K_JNK_SIGNALING_PATHWAY,29.0,29.0,1.0,True,gene_coverage,,,,
METABRIC,KEGG_MEDICUS_PATHOGEN_SHIGELLA_OSPF_TO_TLR2_4_MAPK_SIGNALING_PATHWAY,6.0,6.0,1.0,True,gene_coverage,,,,
METABRIC,KEGG_MEDICUS_PATHOGEN_YERSINIA_YOPP_J_TO_TLR2_4_MAPK_SIGNALING_PATHWAY,6.0,6.0,1.0,True,gene_coverage,,,,
METABRIC,KEGG_MEDICUS_REFERENCE_26S_PROTEASOME_MEDIATED_PROTEIN_DEGRADATION,39.0,39.0,1.0,True,gene_coverage,,,,
METABRIC,KEGG_MEDICUS_REFERENCE_ACH_CHRN_PI3K_SIGNALING_PATHWAY,7.0,7.0,1.0,True,gene_coverage,,,,
METABRIC,KEGG_MEDICUS_REFERENCE_ACH_CHRN_RAS_ERK_SIGNALING_PATHWAY,21.0,21.0,1.0,True,gene_coverage,,,,
METABRIC,KEGG_MEDICUS_REFERENCE_ACTH_CORTISOL_SIGNALING_PATHWAY,32.0,32.0,1.0,True,gene_coverage,,,,
METABRIC,KEGG_MEDICUS_REFERENCE_ACTIVATION_OF_PRC2.2_BY_UBIQUITINATION_OF_H2AK119,22.0,22.0,1.0,True,gene_coverage,,,,
METABRIC,KEGG_MEDICUS_REFERENCE_ACTIVATION_OF_PRC2.2_BY_UBIQUITINATION_OF_H2AK119_IN_GERMLINE_GENES,27.0,27.0,1.0,True,gene_coverage,,,,
METABRIC,KEGG_MEDICUS_REFERENCE_ACTIVIN_SIGNALING_PATHWAY,8.0,8.0,1.0,True,gene_coverage,,,,
METABRIC,KEGG_MEDICUS_REFERENCE_ADRB3_UCP1_SIGNALING_PATHWAY,35.0,35.0,1.0,True,gene_coverage,,,,
METABRIC,KEGG_MEDICUS_REFERENCE_AGE_RAGE_SIGNALING_PATHWAY,16.0,16.0,1.0,True,gene_coverage,,,,
METABRIC,KEGG_MEDICUS_REFERENCE_AHR_SIGNALING_PATHWAY,8.0,8.0,1.0,True,gene_coverage,,,,
METABRIC,KEGG_MEDICUS_REFERENCE_ALTERNATIVE_PATHWAY_OF_COMPLEMENT_CASCADE_C3B_BREAKDOWN,5.0,5.0,1.0,True,gene_coverage,,,,
METABRIC,KEGG_MEDICUS_REFERENCE_AMH_SIGNALING_PATHWAY,9.0,9.0,1.0,True,gene_coverage,,,,
METABRIC,KEGG_MEDICUS_REFERENCE_ANGII_AT1R_NOX2_SIGNALING_PATHWAY,8.0,8.0,1.0,True,gene_coverage,,,,
METABRIC,KEGG_MEDICUS_REFERENCE_ANGIOTENSIN_ALDOSTERONE_SIGNALING_PATHWAY,28.0,28.0,1.0,True,gene_coverage,,,,
METABRIC,KEGG_MEDICUS_REFERENCE_ANTEROGRADE_AXONAL_TRANSPORT,24.0,24.0,1.0,True,gene_coverage,,,,
METABRIC,KEGG_MEDICUS_REFERENCE_ANTIGEN_PROCESSING_AND_PRESENTATION_BY_MHC_CLASS_II_MOLECULES,15.0,14.0,0.9333333333333333,True,gene_coverage,,,,
METABRIC,KEGG_MEDICUS_REFERENCE_ANTIGEN_PROCESSING_AND_PRESENTATION_BY_MHC_CLASS_I_MOLECULES,12.0,12.0,1.0,True,gene_coverage,,,,
METABRIC,KEGG_MEDICUS_REFERENCE_ANXA2_S100A10_REGULATED_ACTIN_CYTOSKELETON,5.0,5.0,1.0,True,gene_coverage,,,,
METABRIC,KEGG_MEDICUS_REFERENCE_AREG_EGFR_PI3K_SIGNALING_PATHWAY,11.0,11.0,1.0,True,gene_coverage,,,,
METABRIC,KEGG_MEDICUS_REFERENCE_AREG_EGFR_RAS_ERK_SIGNALING_PATHWAY,15.0,15.0,1.0,True,gene_coverage,,,,
METABRIC,KEGG_MEDICUS_REFERENCE_ARL8_REGULATED_MICROTUBULE_PLUS_END_DIRECTED_TRANSPORT,35.0,34.0,0.9714285714285714,True,gene_coverage,,,,
METABRIC,KEGG_MEDICUS_REFERENCE_ARNO_ARF_ACTB_G_SIGNALING_PATHWAY,25.0,24.0,0.96,True,gene_coverage,,,,
METABRIC,KEGG_MEDICUS_REFERENCE_ASSEMBLY_AND_TRAFFICKING_OF_TELOMERASE,19.0,19.0,1.0,True,gene_coverage,,,,
METABRIC,KEGG_MEDICUS_REFERENCE_ATR_P21_CELL_CYCLE_G2_M,9.0,9.0,1.0,True,gene_coverage,,,,
METABRIC,KEGG_MEDICUS_REFERENCE_GLYCOLYSIS,25.0,25.0,1.0,True,gene_coverage,,,,
METABRIC,KEGG_MEDICUS_REFERENCE_HOMOLOGOUS_RECOMBINATION,33.0,33.0,1.0,True,gene_coverage,,,,
METABRIC,KEGG_MEDICUS_REFERENCE_MISMATCH_REPAIR,26.0,26.0,1.0,True,gene_coverage,,,,
METABRIC,REACTOME_ABERRANT_REGULATION_OF_MITOTIC_EXIT_IN_CANCER_DUE_TO_RB1_DEFECTS,20.0,20.0,1.0,True,gene_coverage,,,,
METABRIC,REACTOME_ABERRANT_REGULATION_OF_MITOTIC_G1_S_TRANSITION_IN_CANCER_DUE_TO_RB1_DEFECTS,17.0,17.0,1.0,True,gene_coverage,,,,
METABRIC,REACTOME_ACTIVATED_NTRK2_SIGNALS_THROUGH_PI3K,7.0,7.0,1.0,True,gene_coverage,,,,
METABRIC,REACTOME_ACTIVATED_NTRK3_SIGNALS_THROUGH_PI3K,6.0,6.0,1.0,True,gene_coverage,,,,
METABRIC,REACTOME_ACTIVATED_PKN1_STIMULATES_TRANSCRIPTION_OF_AR_ANDROGEN_RECEPTOR_REGULATED_GENES_KLK2_AND_KLK3,66.0,53.0,0.803030303030303,True,gene_coverage,,,,
METABRIC,REACTOME_ACTIVATED_TAK1_MEDIATES_P38_MAPK_ACTIVATION,23.0,23.0,1.0,True,gene_coverage,,,,
METABRIC,REACTOME_ACTIVATION_OF_RAS_IN_B_CELLS,5.0,5.0,1.0,True,gene_coverage,,,,
METABRIC,REACTOME_ADAPTIVE_IMMUNE_SYSTEM,828.0,754.0,0.9106280193236715,True,gene_coverage,,,,
METABRIC,REACTOME_ADORA2B_MEDIATED_ANTI_INFLAMMATORY_CYTOKINES_PRODUCTION,43.0,43.0,1.0,True,gene_coverage,,,,
METABRIC,REACTOME_ALPHA_LINOLENIC_OMEGA3_AND_LINOLEIC_OMEGA6_ACID_METABOLISM,13.0,13.0,1.0,True,gene_coverage,,,,
METABRIC,REACTOME_ANDROGEN_BIOSYNTHESIS,11.0,11.0,1.0,True,gene_coverage,,,,
METABRIC,REACTOME_ANTIGEN_ACTIVATES_B_CELL_RECEPTOR_BCR_LEADING_TO_GENERATION_OF_SECOND_MESSENGERS,86.0,30.0,0.3488372093023256,True,gene_coverage,,,,
METABRIC,REACTOME_APC_C_MEDIATED_DEGRADATION_OF_CELL_CYCLE_PROTEINS,88.0,88.0,1.0,True,gene_coverage,,,,
METABRIC,REACTOME_APOPTOSIS,179.0,179.0,1.0,True,gene_coverage,,,,
METABRIC,REACTOME_APOPTOSIS_INDUCED_DNA_FRAGMENTATION,13.0,13.0,1.0,True,gene_coverage,,,,
METABRIC,REACTOME_ARACHIDONIC_ACID_METABOLISM,59.0,58.0,0.9830508474576272,True,gene_coverage,,,,
METABRIC,REACTOME_ASPARTATE_AND_ASPARAGINE_METABOLISM,11.0,9.0,0.8181818181818182,True,gene_coverage,,,,
METABRIC,REACTOME_ASSEMBLY_OF_COLLAGEN_FIBRILS_AND_OTHER_MULTIMERIC_STRUCTURES,61.0,61.0,1.0,True,gene_coverage,,,,
METABRIC,REACTOME_BETA_OXIDATION_OF_VERY_LONG_CHAIN_FATTY_ACIDS,11.0,11.0,1.0,True,gene_coverage,,,,
METABRIC,REACTOME_BILE_ACID_AND_BILE_SALT_METABOLISM,44.0,44.0,1.0,True,gene_coverage,,,,
METABRIC,REACTOME_BIOTIN_TRANSPORT_AND_METABOLISM,11.0,11.0,1.0,True,gene_coverage,,,,
METABRIC,REACTOME_CARNITINE_METABOLISM,14.0,14.0,1.0,True,gene_coverage,,,,
METABRIC,REACTOME_CD28_DEPENDENT_PI3K_AKT_SIGNALING,22.0,22.0,1.0,True,gene_coverage,,,,
METABRIC,REACTOME_CELLULAR_RESPONSE_TO_HYPOXIA,75.0,75.0,1.0,True,gene_coverage,,,,
METABRIC,REACTOME_CELL_CYCLE,694.0,668.0,0.962536023054755,True,gene_coverage,,,,
METABRIC,REACTOME_CELL_CYCLE_CHECKPOINTS,291.0,281.0,0.9656357388316151,True,gene_coverage,,,,
METABRIC,REACTOME_CELL_CYCLE_MITOTIC,561.0,538.0,0.9590017825311943,True,gene_coverage,,,,
METABRIC,REACTOME_CELL_EXTRACELLULAR_MATRIX_INTERACTIONS,18.0,18.0,1.0,True,gene_coverage,,,,
METABRIC,REACTOME_CHONDROITIN_SULFATE_DERMATAN_SULFATE_METABOLISM,50.0,50.0,1.0,True,gene_coverage,,,,
METABRIC,REACTOME_COBALAMIN_CBL_METABOLISM,7.0,7.0,1.0,True,gene_coverage,,,,
METABRIC,REACTOME_COBALAMIN_CBL_VITAMIN_B12_TRANSPORT_AND_METABOLISM,22.0,21.0,0.9545454545454546,True,gene_coverage,,,,
METABRIC,REACTOME_COLLAGEN_BIOSYNTHESIS_AND_MODIFYING_ENZYMES,67.0,66.0,0.9850746268656716,True,gene_coverage,,,,
METABRIC,REACTOME_COLLAGEN_CHAIN_TRIMERIZATION,44.0,43.0,0.9772727272727273,True,gene_coverage,,,,
METABRIC,REACTOME_COLLAGEN_DEGRADATION,64.0,63.0,0.984375,True,gene_coverage,,,,
METABRIC,REACTOME_COLLAGEN_FORMATION,90.0,89.0,0.9888888888888889,True,gene_coverage,,,,
METABRIC,REACTOME_CONSTITUTIVE_SIGNALING_BY_ABERRANT_PI3K_IN_CANCER,83.0,83.0,1.0,True,gene_coverage,,,,
METABRIC,REACTOME_CONSTITUTIVE_SIGNALING_BY_OVEREXPRESSED_ERBB2,11.0,11.0,1.0,True,gene_coverage,,,,
METABRIC,REACTOME_CREATINE_METABOLISM,11.0,11.0,1.0,True,gene_coverage,,,,
METABRIC,REACTOME_CROSSLINKING_OF_COLLAGEN_FIBRILS,18.0,18.0,1.0,True,gene_coverage,,,,
METABRIC,REACTOME_CYTOKINE_SIGNALING_IN_IMMUNE_SYSTEM,789.0,775.0,0.982256020278834,True,gene_coverage,,,,
METABRIC,REACTOME_DDX58_IFIH1_MEDIATED_INDUCTION_OF_INTERFERON_ALPHA_BETA,82.0,80.0,0.975609756097561,True,gene_coverage,,,,
METABRIC,REACTOME_DEFECTIVE_INTRINSIC_PATHWAY_FOR_APOPTOSIS,25.0,25.0,1.0,True,gene_coverage,,,,
METABRIC,REACTOME_DEFECTS_IN_BIOTIN_BTN_METABOLISM,8.0,8.0,1.0,True,gene_coverage,,,,
METABRIC,REACTOME_DEFECTS_IN_COBALAMIN_B12_METABOLISM,14.0,14.0,1.0,True,gene_coverage,,,,
METABRIC,REACTOME_DEFECTS_IN_VITAMIN_AND_COFACTOR_METABOLISM,22.0,22.0,1.0,True,gene_coverage,,,,
METABRIC,REACTOME_DEFECTS_OF_PLATELET_ADHESION_TO_EXPOSED_COLLAGEN,8.0,7.0,0.875,True,gene_coverage,,,,
METABRIC,REACTOME_DEGRADATION_OF_THE_EXTRACELLULAR_MATRIX,140.0,137.0,0.9785714285714285,True,gene_coverage,,,,
METABRIC,REACTOME_DEX_H_BOX_HELICASES_ACTIVATE_TYPE_I_IFN_AND_INFLAMMATORY_CYTOKINES_PRODUCTION,7.0,7.0,1.0,True,gene_coverage,,,,
METABRIC,REACTOME_DISEASES_ASSOCIATED_WITH_GLYCOSAMINOGLYCAN_METABOLISM,41.0,41.0,1.0,True,gene_coverage,,,,
METABRIC,REACTOME_DISEASES_ASSOCIATED_WITH_SURFACTANT_METABOLISM,10.0,10.0,1.0,True,gene_coverage,,,,
METABRIC,REACTOME_DISEASES_OF_CARBOHYDRATE_METABOLISM,34.0,33.0,0.9705882352941176,True,gene_coverage,,,,
METABRIC,REACTOME_DISEASES_OF_DNA_REPAIR,51.0,51.0,1.0,True,gene_coverage,,,,
METABRIC,REACTOME_DISEASES_OF_IMMUNE_SYSTEM,32.0,32.0,1.0,True,gene_coverage,,,,
METABRIC,REACTOME_DISEASES_OF_METABOLISM,250.0,247.0,0.988,True,gene_coverage,,,,
METABRIC,REACTOME_DISEASES_OF_MISMATCH_REPAIR_MMR,5.0,5.0,1.0,True,gene_coverage,,,,
METABRIC,REACTOME_DISEASES_OF_MITOTIC_CELL_CYCLE,38.0,38.0,1.0,True,gene_coverage,,,,
METABRIC,REACTOME_DNA_REPAIR,332.0,317.0,0.9548192771084337,True,gene_coverage,,,,
METABRIC,REACTOME_DOWNREGULATION_OF_ERBB2_ERBB3_SIGNALING,13.0,13.0,1.0,True,gene_coverage,,,,
METABRIC,REACTOME_DOWNREGULATION_OF_ERBB2_SIGNALING,29.0,29.0,1.0,True,gene_coverage,,,,
METABRIC,REACTOME_DOWNREGULATION_OF_ERBB4_SIGNALING,9.0,9.0,1.0,True,gene_coverage,,,,
METABRIC,REACTOME_DOWNSTREAM_SIGNALING_EVENTS_OF_B_CELL_RECEPTOR_BCR,81.0,81.0,1.0,True,gene_coverage,,,,
METABRIC,REACTOME_ENHANCED_BINDING_OF_GP1BA_VARIANT_TO_VWF_MULTIMER_COLLAGEN,7.0,6.0,0.8571428571428571,True,gene_coverage,,,,
METABRIC,REACTOME_ERBB2_ACTIVATES_PTK6_SIGNALING,13.0,13.0,1.0,True,gene_coverage,,,,
METABRIC,REACTOME_ERBB2_REGULATES_CELL_MOTILITY,15.0,15.0,1.0,True,gene_coverage,,,,
METABRIC,REACTOME_ERK_MAPK_TARGETS,22.0,22.0,1.0,True,gene_coverage,,,,
METABRIC,REACTOME_ERYTHROPOIETIN_ACTIVATES_PHOSPHOINOSITIDE_3_KINASE_PI3K,12.0,12.0,1.0,True,gene_coverage,,,,
METABRIC,REACTOME_ESTROGEN_BIOSYNTHESIS,6.0,6.0,1.0,True,gene_coverage,,,,
METABRIC,REACTOME_ESTROGEN_DEPENDENT_GENE_EXPRESSION,149.0,135.0,0.9060402684563759,True,gene_coverage,,,,
METABRIC,REACTOME_ESTROGEN_DEPENDENT_NUCLEAR_EVENTS_DOWNSTREAM_OF_ESR_MEMBRANE_SIGNALING,24.0,24.0,1.0,True,gene_coverage,,,,
METABRIC,REACTOME_ESTROGEN_STIMULATED_SIGNALING_THROUGH_PRKCZ,6.0,6.0,1.0,True,gene_coverage,,,,
METABRIC,REACTOME_EVASION_BY_RSV_OF_HOST_INTERFERON_RESPONSES,35.0,33.0,0.9428571428571428,True,gene_coverage,,,,
METABRIC,REACTOME_EXTRACELLULAR_MATRIX_ORGANIZATION,300.0,296.0,0.9866666666666667,True,gene_coverage,,,,
METABRIC,REACTOME_EXTRA_NUCLEAR_ESTROGEN_SIGNALING,75.0,75.0,1.0,True,gene_coverage,,,,
METABRIC,REACTOME_FATTY_ACIDS,15.0,15.0,1.0,True,gene_coverage,,,,
METABRIC,REACTOME_FATTY_ACIDS_BOUND_TO_GPR40_FFAR1_REGULATE_INSULIN_SECRETION,8.0,8.0,1.0,True,gene_coverage,,,,
METABRIC,REACTOME_FATTY_ACID_METABOLISM,176.0,171.0,0.9715909090909091,True,gene_coverage,,,,
METABRIC,REACTOME_FATTY_ACYL_COA_BIOSYNTHESIS,37.0,35.0,0.9459459459459459,True,gene_coverage,,,,
METABRIC,REACTOME_FCERI_MEDIATED_MAPK_ACTIVATION,87.0,32.0,0.367816091954023,True,gene_coverage,,,,
METABRIC,REACTOME_FICOLINS_BIND_TO_REPETITIVE_CARBOHYDRATE_STRUCTURES_ON_THE_TARGET_CELL_SURFACE,5.0,5.0,1.0,True,gene_coverage,,,,
METABRIC,REACTOME_FOXO_MEDIATED_TRANSCRIPTION_OF_CELL_CYCLE_GENES,17.0,17.0,1.0,True,gene_coverage,,,,
METABRIC,REACTOME_FOXO_MEDIATED_TRANSCRIPTION_OF_OXIDATIVE_STRESS_METABOLIC_AND_NEURONAL_GENES,30.0,28.0,0.9333333333333333,True,gene_coverage,,,,
METABRIC,REACTOME_FREE_FATTY_ACIDS_REGULATE_INSULIN_SECRETION,11.0,11.0,1.0,True,gene_coverage,,,,
METABRIC,REACTOME_FREE_FATTY_ACID_RECEPTORS,5.0,5.0,1.0,True,gene_coverage,,,,
METABRIC,REACTOME_FRUCTOSE_METABOLISM,7.0,7.0,1.0,True,gene_coverage,,,,
METABRIC,REACTOME_GAP_FILLING_DNA_REPAIR_SYNTHESIS_AND_LIGATION_IN_GG_NER,25.0,25.0,1.0,True,gene_coverage,,,,
METABRIC,REACTOME_GASTRIN_CREB_SIGNALLING_PATHWAY_VIA_PKC_AND_MAPK,18.0,18.0,1.0,True,gene_coverage,,,,
METABRIC,REACTOME_GLOBAL_GENOME_NUCLEOTIDE_EXCISION_REPAIR_GG_NER,84.0,84.0,1.0,True,gene_coverage,,,,
METABRIC,REACTOME_GLUCOSE_METABOLISM,85.0,83.0,0.9764705882352941,True,gene_coverage,,,,
METABRIC,REACTOME_GLUTAMATE_AND_GLUTAMINE_METABOLISM,14.0,14.0,1.0,True,gene_coverage,,,,
METABRIC,REACTOME_GLYCOGEN_METABOLISM,25.0,25.0,1.0,True,gene_coverage,,,,
METABRIC,REACTOME_GLYCOSAMINOGLYCAN_METABOLISM,126.0,126.0,1.0,True,gene_coverage,,,,
METABRIC,REACTOME_GLYCOSPHINGOLIPID_METABOLISM,58.0,57.0,0.9827586206896551,True,gene_coverage,,,,
METABRIC,REACTOME_GLYOXYLATE_METABOLISM_AND_GLYCINE_DEGRADATION,19.0,19.0,1.0,True,gene_coverage,,,,
METABRIC,REACTOME_GRB2_EVENTS_IN_ERBB2_SIGNALING,16.0,16.0,1.0,True,gene_coverage,,,,
METABRIC,REACTOME_GRB2_SOS_PROVIDES_LINKAGE_TO_MAPK_SIGNALING_FOR_INTEGRINS,15.0,15.0,1.0,True,gene_coverage,,,,
METABRIC,REACTOME_GRB7_EVENTS_IN_ERBB2_SIGNALING,5.0,5.0,1.0,True,gene_coverage,,,,
METABRIC,REACTOME_G_BETA_GAMMA_SIGNALLING_THROUGH_PI3KGAMMA,25.0,25.0,1.0,True,gene_coverage,,,,
METABRIC,REACTOME_HDR_THROUGH_HOMOLOGOUS_RECOMBINATION_HRR,70.0,68.0,0.9714285714285714,True,gene_coverage,,,,
METABRIC,REACTOME_HEPARAN_SULFATE_HEPARIN_HS_GAG_METABOLISM,57.0,57.0,1.0,True,gene_coverage,,,,
METABRIC,REACTOME_HOMOLOGOUS_DNA_PAIRING_AND_STRAND_EXCHANGE,43.0,43.0,1.0,True,gene_coverage,,,,
METABRIC,REACTOME_HYALURONAN_METABOLISM,17.0,17.0,1.0,True,gene_coverage,,,,
METABRIC,REACTOME_IFNG_SIGNALING_ACTIVATES_MAPKS,8.0,8.0,1.0,True,gene_coverage,,,,
METABRIC,REACTOME_IL_6_TYPE_CYTOKINE_RECEPTOR_LIGAND_INTERACTIONS,17.0,17.0,1.0,True,gene_coverage,,,,
METABRIC,REACTOME_INHIBITION_OF_THE_PROTEOLYTIC_ACTIVITY_OF_APC_C_REQUIRED_FOR_THE_ONSET_OF_ANAPHASE_BY_MITOTIC_SPINDLE_CHECKPOINT_COMPONENTS,21.0,21.0,1.0,True,gene_coverage,,,,
METABRIC,REACTOME_INLA_MEDIATED_ENTRY_OF_LISTERIA_MONOCYTOGENES_INTO_HOST_CELLS,9.0,9.0,1.0,True,gene_coverage,,,,
METABRIC,REACTOME_INLB_MEDIATED_ENTRY_OF_LISTERIA_MONOCYTOGENES_INTO_HOST_CELL,15.0,15.0,1.0,True,gene_coverage,,,,
METABRIC,REACTOME_INNATE_IMMUNE_SYSTEM,1128.0,1040.0,0.9219858156028369,True,gene_coverage,,,,
METABRIC,REACTOME_INOSITOL_PHOSPHATE_METABOLISM,48.0,48.0,1.0,True,gene_coverage,,,,
METABRIC,REACTOME_INTEGRATION_OF_ENERGY_METABOLISM,108.0,108.0,1.0,True,gene_coverage,,,,
METABRIC,REACTOME_INTERACTIONS_OF_REV_WITH_HOST_CELLULAR_PROTEINS,37.0,36.0,0.972972972972973,True,gene_coverage,,,,
METABRIC,REACTOME_INTERACTIONS_OF_VPR_WITH_HOST_CELLULAR_PROTEINS,37.0,35.0,0.9459459459459459,True,gene_coverage,,,,
METABRIC,REACTOME_INTERFERON_ALPHA_BETA_SIGNALING,78.0,77.0,0.9871794871794872,True,gene_coverage,,,,
METABRIC,REACTOME_INTERFERON_GAMMA_SIGNALING,98.0,96.0,0.9795918367346939,True,gene_coverage,,,,
METABRIC,REACTOME_INTERFERON_SIGNALING,273.0,266.0,0.9743589743589743,True,gene_coverage,,,,
METABRIC,REACTOME_INTRINSIC_PATHWAY_FOR_APOPTOSIS,55.0,55.0,1.0,True,gene_coverage,,,,
METABRIC,REACTOME_KERATAN_SULFATE_KERATIN_METABOLISM,36.0,36.0,1.0,True,gene_coverage,,,,
METABRIC,REACTOME_KETONE_BODY_METABOLISM,10.0,10.0,1.0,True,gene_coverage,,,,
METABRIC,REACTOME_LINOLEIC_ACID_LA_METABOLISM,8.0,8.0,1.0,True,gene_coverage,,,,
METABRIC,REACTOME_LISTERIA_MONOCYTOGENES_ENTRY_INTO_HOST_CELLS,20.0,20.0,1.0,True,gene_coverage,,,,
METABRIC,REACTOME_MAP2K_AND_MAPK_ACTIVATION,40.0,40.0,1.0,True,gene_coverage,,,,
METABRIC,REACTOME_MAP3K8_TPL2_DEPENDENT_MAPK1_3_ACTIVATION,16.0,16.0,1.0,True,gene_coverage,,,,
METABRIC,REACTOME_MAPK1_ERK2_ACTIVATION,9.0,9.0,1.0,True,gene_coverage,,,,
METABRIC,REACTOME_MAPK3_ERK1_ACTIVATION,10.0,10.0,1.0,True,gene_coverage,,,,
METABRIC,REACTOME_MAPK6_MAPK4_SIGNALING,93.0,91.0,0.978494623655914,True,gene_coverage,,,,
METABRIC,REACTOME_MAPK_FAMILY_SIGNALING_CASCADES,327.0,324.0,0.9908256880733946,True,gene_coverage,,,,
METABRIC,REACTOME_MAPK_TARGETS_NUCLEAR_EVENTS_MEDIATED_BY_MAP_KINASES,31.0,31.0,1.0,True,gene_coverage,,,,
METABRIC,REACTOME_MASTL_FACILITATES_MITOTIC_PROGRESSION,10.0,10.0,1.0,True,gene_coverage,,,,
METABRIC,REACTOME_METABOLISM_OF_AMINE_DERIVED_HORMONES,18.0,18.0,1.0,True,gene_coverage,,,,
METABRIC,REACTOME_METABOLISM_OF_AMINO_ACIDS_AND_DERIVATIVES,366.0,361.0,0.9863387978142076,True,gene_coverage,,,,
METABRIC,REACTOME_METABOLISM_OF_ANGIOTENSINOGEN_TO_ANGIOTENSINS,17.0,17.0,1.0,True,gene_coverage,,,,
METABRIC,REACTOME_METABOLISM_OF_CARBOHYDRATES,288.0,285.0,0.9895833333333334,True,gene_coverage,,,,
METABRIC,REACTOME_METABOLISM_OF_COFACTORS,25.0,24.0,0.96,True,gene_coverage,,,,
METABRIC,REACTOME_METABOLISM_OF_FAT_SOLUBLE_VITAMINS,48.0,48.0,1.0,True,gene_coverage,,,,
METABRIC,REACTOME_METABOLISM_OF_FOLATE_AND_PTERINES,17.0,17.0,1.0,True,gene_coverage,,,,
METABRIC,REACTOME_METABOLISM_OF_INGESTED_SEMET_SEC_MESEC_INTO_H2SE,8.0,8.0,1.0,True,gene_coverage,,,,
METABRIC,REACTOME_METABOLISM_OF_LIPIDS,757.0,745.0,0.9841479524438573,True,gene_coverage,,,,
METABRIC,REACTOME_METABOLISM_OF_NITRIC_OXIDE_NOS3_ACTIVATION_AND_REGULATION,14.0,14.0,1.0,True,gene_coverage,,,,
METABRIC,REACTOME_METABOLISM_OF_NUCLEOTIDES,97.0,96.0,0.9896907216494846,True,gene_coverage,,,,
METABRIC,REACTOME_METABOLISM_OF_POLYAMINES,59.0,58.0,0.9830508474576272,True,gene_coverage,,,,
METABRIC,REACTOME_METABOLISM_OF_PORPHYRINS,27.0,26.0,0.9629629629629629,True,gene_coverage,,,,
METABRIC,REACTOME_METABOLISM_OF_RNA,724.0,712.0,0.9834254143646409,True,gene_coverage,,,,
METABRIC,REACTOME_METABOLISM_OF_STEROIDS,154.0,154.0,1.0,True,gene_coverage,,,,
METABRIC,REACTOME_METABOLISM_OF_STEROID_HORMONES,36.0,36.0,1.0,True,gene_coverage,,,,
METABRIC,REACTOME_METABOLISM_OF_VITAMINS_AND_COFACTORS,198.0,195.0,0.9848484848484849,True,gene_coverage,,,,
METABRIC,REACTOME_METABOLISM_OF_WATER_SOLUBLE_VITAMINS_AND_COFACTORS,127.0,125.0,0.984251968503937,True,gene_coverage,,,,
METABRIC,REACTOME_MET_ACTIVATES_PI3K_AKT_SIGNALING,6.0,6.0,1.0,True,gene_coverage,,,,
METABRIC,REACTOME_MISMATCH_REPAIR,15.0,15.0,1.0,True,gene_coverage,,,,
METABRIC,REACTOME_MITOCHONDRIAL_FATTY_ACID_BETA_OXIDATION,37.0,36.0,0.972972972972973,True,gene_coverage,,,,
METABRIC,REACTOME_MITOCHONDRIAL_FATTY_ACID_BETA_OXIDATION_OF_SATURATED_FATTY_ACIDS,11.0,10.0,0.9090909090909091,True,gene_coverage,,,,
METABRIC,REACTOME_MITOCHONDRIAL_FATTY_ACID_BETA_OXIDATION_OF_UNSATURATED_FATTY_ACIDS,6.0,6.0,1.0,True,gene_coverage,,,,
METABRIC,REACTOME_MITOTIC_G1_PHASE_AND_G1_S_TRANSITION,149.0,149.0,1.0,True,gene_coverage,,,,
METABRIC,REACTOME_MITOTIC_G2_G2_M_PHASES,200.0,195.0,0.975,True,gene_coverage,,,,
METABRIC,REACTOME_MITOTIC_METAPHASE_AND_ANAPHASE,236.0,231.0,0.9788135593220338,True,gene_coverage,,,,
METABRIC,REACTOME_MITOTIC_PROMETAPHASE,204.0,196.0,0.9607843137254902,True,gene_coverage,,,,
METABRIC,REACTOME_MITOTIC_PROPHASE,142.0,128.0,0.9014084507042254,True,gene_coverage,,,,
METABRIC,REACTOME_MITOTIC_SPINDLE_CHECKPOINT,111.0,108.0,0.972972972972973,True,gene_coverage,,,,
METABRIC,REACTOME_MITOTIC_TELOPHASE_CYTOKINESIS,13.0,13.0,1.0,True,gene_coverage,,,,
METABRIC,REACTOME_MODULATION_BY_MTB_OF_HOST_IMMUNE_SYSTEM,7.0,7.0,1.0,True,gene_coverage,,,,
METABRIC,REACTOME_NEGATIVE_FEEDBACK_REGULATION_OF_MAPK_PATHWAY,6.0,6.0,1.0,True,gene_coverage,,,,
METABRIC,REACTOME_NEGATIVE_REGULATION_OF_MAPK_PATHWAY,43.0,43.0,1.0,True,gene_coverage,,,,
METABRIC,REACTOME_NEGATIVE_REGULATION_OF_THE_PI3K_AKT_NETWORK,118.0,118.0,1.0,True,gene_coverage,,,,
METABRIC,REACTOME_NICOTINATE_METABOLISM,31.0,30.0,0.967741935483871,True,gene_coverage,,,,
METABRIC,REACTOME_NONHOMOLOGOUS_END_JOINING_NHEJ,68.0,61.0,0.8970588235294118,True,gene_coverage,,,,
METABRIC,REACTOME_NUCLEAR_SIGNALING_BY_ERBB4,32.0,32.0,1.0,True,gene_coverage,,,,
METABRIC,REACTOME_NUCLEOTIDE_EXCISION_REPAIR,108.0,107.0,0.9907407407407407,True,gene_coverage,,,,
METABRIC,REACTOME_ONCOGENIC_MAPK_SIGNALING,82.0,80.0,0.975609756097561,True,gene_coverage,,,,
METABRIC,REACTOME_OXIDATIVE_STRESS_INDUCED_SENESCENCE,125.0,110.0,0.88,True,gene_coverage,,,,
METABRIC,REACTOME_P130CAS_LINKAGE_TO_MAPK_SIGNALING_FOR_INTEGRINS,15.0,15.0,1.0,True,gene_coverage,,,,
METABRIC,REACTOME_P38MAPK_EVENTS,13.0,13.0,1.0,True,gene_coverage,,,,
METABRIC,REACTOME_P75NTR_NEGATIVELY_REGULATES_CELL_CYCLE_VIA_SC1,6.0,6.0,1.0,True,gene_coverage,,,,
METABRIC,REACTOME_PEPTIDE_HORMONE_METABOLISM,88.0,85.0,0.9659090909090909,True,gene_coverage,,,,
METABRIC,REACTOME_PEROXISOMAL_LIPID_METABOLISM,29.0,28.0,0.9655172413793104,True,gene_coverage,,,,
METABRIC,REACTOME_PHENYLALANINE_AND_TYROSINE_METABOLISM,11.0,11.0,1.0,True,gene_coverage,,,,
METABRIC,REACTOME_PHENYLALANINE_METABOLISM,6.0,6.0,1.0,True,gene_coverage,,,,
METABRIC,REACTOME_PHOSPHOLIPID_METABOLISM,211.0,208.0,0.985781990521327,True,gene_coverage,,,,
METABRIC,REACTOME_PI3K_AKT_ACTIVATION,9.0,9.0,1.0,True,gene_coverage,,,,
METABRIC,REACTOME_PI3K_AKT_SIGNALING_IN_CANCER,110.0,109.0,0.990909090909091,True,gene_coverage,,,,
METABRIC,REACTOME_PI3K_EVENTS_IN_ERBB2_SIGNALING,16.0,16.0,1.0,True,gene_coverage,,,,
METABRIC,REACTOME_PI3K_EVENTS_IN_ERBB4_SIGNALING,10.0,10.0,1.0,True,gene_coverage,,,,
METABRIC,REACTOME_PI5P_REGULATES_TP53_ACETYLATION,9.0,9.0,1.0,True,gene_coverage,,,,
METABRIC,REACTOME_PI_METABOLISM,84.0,84.0,1.0,True,gene_coverage,,,,
METABRIC,REACTOME_PLATELET_ADHESION_TO_EXPOSED_COLLAGEN,16.0,15.0,0.9375,True,gene_coverage,,,,
METABRIC,REACTOME_POSTMITOTIC_NUCLEAR_PORE_COMPLEX_NPC_REFORMATION,27.0,26.0,0.9629629629629629,True,gene_coverage,,,,
METABRIC,REACTOME_PTK6_REGULATES_CELL_CYCLE,6.0,6.0,1.0,True,gene_coverage,,,,
METABRIC,REACTOME_PYRUVATE_METABOLISM,49.0,49.0,1.0,True,gene_coverage,,,,
METABRIC,REACTOME_RAF_INDEPENDENT_MAPK1_3_ACTIVATION,23.0,23.0,1.0,True,gene_coverage,,,,
METABRIC,REACTOME_RECRUITMENT_OF_MITOTIC_CENTROSOME_PROTEINS_AND_COMPLEXES,81.0,78.0,0.9629629629629629,True,gene_coverage,,,,
METABRIC,REACTOME_RECRUITMENT_OF_NUMA_TO_MITOTIC_CENTROSOMES,95.0,91.0,0.9578947368421052,True,gene_coverage,,,,
METABRIC,REACTOME_REGULATION_OF_GENE_EXPRESSION_BY_HYPOXIA_INDUCIBLE_FACTOR,11.0,11.0,1.0,True,gene_coverage,,,,
METABRIC,REACTOME_REGULATION_OF_GLYCOLYSIS_BY_FRUCTOSE_2_6_BISPHOSPHATE_METABOLISM,12.0,12.0,1.0,True,gene_coverage,,,,
METABRIC,REACTOME_REGULATION_OF_INNATE_IMMUNE_RESPONSES_TO_CYTOSOLIC_DNA,15.0,15.0,1.0,True,gene_coverage,,,,
METABRIC,REACTOME_REGULATION_OF_LIPID_METABOLISM_BY_PPARALPHA,118.0,117.0,0.9915254237288136,True,gene_coverage,,,,
METABRIC,REACTOME_REGULATION_OF_MITF_M_DEPENDENT_GENES_INVOLVED_IN_APOPTOSIS,19.0,18.0,0.9473684210526315,True,gene_coverage,,,,
METABRIC,REACTOME_REGULATION_OF_MITF_M_DEPENDENT_GENES_INVOLVED_IN_CELL_CYCLE_AND_PROLIFERATION,17.0,17.0,1.0,True,gene_coverage,,,,
METABRIC,REACTOME_REGULATION_OF_PYRUVATE_METABOLISM,33.0,33.0,1.0,True,gene_coverage,,,,
METABRIC,REACTOME_REGULATION_OF_TP53_ACTIVITY,160.0,160.0,1.0,True,gene_coverage,,,,
METABRIC,REACTOME_REGULATION_OF_TP53_ACTIVITY_THROUGH_ACETYLATION,30.0,30.0,1.0,True,gene_coverage,,,,
METABRIC,REACTOME_REGULATION_OF_TP53_ACTIVITY_THROUGH_ASSOCIATION_WITH_CO_FACTORS,14.0,14.0,1.0,True,gene_coverage,,,,
METABRIC,REACTOME_REGULATION_OF_TP53_ACTIVITY_THROUGH_METHYLATION,19.0,19.0,1.0,True,gene_coverage,,,,
METABRIC,REACTOME_REGULATION_OF_TP53_ACTIVITY_THROUGH_PHOSPHORYLATION,92.0,92.0,1.0,True,gene_coverage,,,,
METABRIC,REACTOME_REGULATION_OF_TP53_EXPRESSION_AND_DEGRADATION,37.0,37.0,1.0,True,gene_coverage,,,,
METABRIC,REACTOME_RUNX1_REGULATES_ESTROGEN_RECEPTOR_MEDIATED_TRANSCRIPTION,6.0,6.0,1.0,True,gene_coverage,,,,
METABRIC,REACTOME_RUNX3_REGULATES_IMMUNE_RESPONSE_AND_CELL_MIGRATION,6.0,6.0,1.0,True,gene_coverage,,,,
METABRIC,REACTOME_SARS_COV_1_ACTIVATES_MODULATES_INNATE_IMMUNE_RESPONSES,41.0,39.0,0.9512195121951219,True,gene_coverage,,,,
METABRIC,REACTOME_SARS_COV_2_ACTIVATES_MODULATES_INNATE_AND_ADAPTIVE_IMMUNE_RESPONSES,126.0,123.0,0.9761904761904762,True,gene_coverage,,,,
METABRIC,REACTOME_SELENOAMINO_ACID_METABOLISM,118.0,118.0,1.0,True,gene_coverage,,,,
METABRIC,REACTOME_SHC1_EVENTS_IN_ERBB2_SIGNALING,22.0,22.0,1.0,True,gene_coverage,,,,
METABRIC,REACTOME_SHC1_EVENTS_IN_ERBB4_SIGNALING,14.0,14.0,1.0,True,gene_coverage,,,,
METABRIC,REACTOME_SIALIC_ACID_METABOLISM,33.0,33.0,1.0,True,gene_coverage,,,,
METABRIC,REACTOME_SIGNALING_BY_ERBB2,50.0,50.0,1.0,True,gene_coverage,,,,
METABRIC,REACTOME_SIGNALING_BY_ERBB2_ECD_MUTANTS,16.0,16.0,1.0,True,gene_coverage,,,,
METABRIC,REACTOME_SIGNALING_BY_ERBB2_IN_CANCER,26.0,26.0,1.0,True,gene_coverage,,,,
METABRIC,REACTOME_SIGNALING_BY_ERBB4,58.0,58.0,1.0,True,gene_coverage,,,,
METABRIC,REACTOME_SIGNALING_BY_MAPK_MUTANTS,7.0,7.0,1.0,True,gene_coverage,,,,
METABRIC,REACTOME_SIGNALING_BY_THE_B_CELL_RECEPTOR_BCR,166.0,110.0,0.6626506024096386,True,gene_coverage,,,,
METABRIC,REACTOME_SPHINGOLIPID_METABOLISM,107.0,105.0,0.9813084112149533,True,gene_coverage,,,,
METABRIC,REACTOME_STING_MEDIATED_INDUCTION_OF_HOST_IMMUNE_RESPONSES,16.0,16.0,1.0,True,gene_coverage,,,,
METABRIC,REACTOME_SULFUR_AMINO_ACID_METABOLISM,28.0,27.0,0.9642857142857143,True,gene_coverage,,,,
METABRIC,REACTOME_SUMOYLATION_OF_IMMUNE_RESPONSE_PROTEINS,12.0,12.0,1.0,True,gene_coverage,,,,
METABRIC,REACTOME_SUPPRESSION_OF_APOPTOSIS,7.0,7.0,1.0,True,gene_coverage,,,,
METABRIC,REACTOME_SURFACTANT_METABOLISM,30.0,30.0,1.0,True,gene_coverage,,,,
METABRIC,REACTOME_SYNTHESIS_OF_VERY_LONG_CHAIN_FATTY_ACYL_COAS,24.0,23.0,0.9583333333333334,True,gene_coverage,,,,
METABRIC,REACTOME_TFAP2_AP_2_FAMILY_REGULATES_TRANSCRIPTION_OF_CELL_CYCLE_FACTORS,5.0,5.0,1.0,True,gene_coverage,,,,
METABRIC,REACTOME_THE_FATTY_ACID_CYCLING_MODEL,5.0,5.0,1.0,True,gene_coverage,,,,
METABRIC,REACTOME_TP53_REGULATES_METABOLIC_GENES,84.0,79.0,0.9404761904761905,True,gene_coverage,,,,
METABRIC,REACTOME_TP53_REGULATES_TRANSCRIPTION_OF_ADDITIONAL_CELL_CYCLE_GENES_WHOSE_EXACT_ROLE_IN_THE_P53_PATHWAY_REMAIN_UNCERTAIN,21.0,21.0,1.0,True,gene_coverage,,,,
METABRIC,REACTOME_TP53_REGULATES_TRANSCRIPTION_OF_CASPASE_ACTIVATORS_AND_CASPASES,12.0,12.0,1.0,True,gene_coverage,,,,
METABRIC,REACTOME_TP53_REGULATES_TRANSCRIPTION_OF_CELL_CYCLE_GENES,49.0,49.0,1.0,True,gene_coverage,,,,
METABRIC,REACTOME_TP53_REGULATES_TRANSCRIPTION_OF_CELL_DEATH_GENES,44.0,44.0,1.0,True,gene_coverage,,,,
METABRIC,REACTOME_TP53_REGULATES_TRANSCRIPTION_OF_DEATH_RECEPTORS_AND_LIGANDS,12.0,12.0,1.0,True,gene_coverage,,,,
METABRIC,REACTOME_TP53_REGULATES_TRANSCRIPTION_OF_DNA_REPAIR_GENES,62.0,61.0,0.9838709677419355,True,gene_coverage,,,,
METABRIC,REACTOME_TP53_REGULATES_TRANSCRIPTION_OF_GENES_INVOLVED_IN_CYTOCHROME_C_RELEASE,20.0,20.0,1.0,True,gene_coverage,,,,
METABRIC,REACTOME_TP53_REGULATES_TRANSCRIPTION_OF_GENES_INVOLVED_IN_G1_CELL_CYCLE_ARREST,14.0,14.0,1.0,True,gene_coverage,,,,
METABRIC,REACTOME_TP53_REGULATES_TRANSCRIPTION_OF_GENES_INVOLVED_IN_G2_CELL_CYCLE_ARREST,18.0,18.0,1.0,True,gene_coverage,,,,
METABRIC,REACTOME_TP53_REGULATES_TRANSCRIPTION_OF_SEVERAL_ADDITIONAL_CELL_DEATH_GENES_WHOSE_SPECIFIC_ROLES_IN_P53_DEPENDENT_APOPTOSIS_REMAIN_UNCERTAIN,14.0,14.0,1.0,True,gene_coverage,,,,
METABRIC,REACTOME_TRANSCRIPTIONAL_REGULATION_BY_TP53,360.0,354.0,0.9833333333333333,True,gene_coverage,,,,
METABRIC,REACTOME_TRANSCRIPTION_COUPLED_NUCLEOTIDE_EXCISION_REPAIR_TC_NER,76.0,75.0,0.9868421052631579,True,gene_coverage,,,,
METABRIC,REACTOME_TRANSPORT_OF_FATTY_ACIDS,8.0,8.0,1.0,True,gene_coverage,,,,
METABRIC,REACTOME_TRIGLYCERIDE_METABOLISM,38.0,37.0,0.9736842105263158,True,gene_coverage,,,,
METABRIC,REACTOME_VITAMIN_B1_THIAMIN_METABOLISM,5.0,5.0,1.0,True,gene_coverage,,,,
METABRIC,REACTOME_VITAMIN_B2_RIBOFLAVIN_METABOLISM,7.0,7.0,1.0,True,gene_coverage,,,,
METABRIC,REACTOME_VITAMIN_B5_PANTOTHENATE_METABOLISM,20.0,20.0,1.0,True,gene_coverage,,,,
METABRIC,REACTOME_VITAMIN_C_ASCORBATE_METABOLISM,8.0,8.0,1.0,True,gene_coverage,,,,
METABRIC,REACTOME_VITAMIN_D_CALCIFEROL_METABOLISM,12.0,12.0,1.0,True,gene_coverage,,,,
METABRIC,,,,,,aggregation,Pathway_Immune,HALLMARK_INTERFERON_GAMMA_RESPONSE;HALLMARK_INTERFERON_ALPHA_RESPONSE;HALLMARK_INFLAMMATORY_RESPONSE;HALLMARK_ALLOGRAFT_REJECTION;HALLMARK_COMPLEMENT,HALLMARK_INTERFERON_GAMMA_RESPONSE;HALLMARK_INTERFERON_ALPHA_RESPONSE;HALLMARK_INFLAMMATORY_RESPONSE;HALLMARK_ALLOGRAFT_REJECTION;HALLMARK_COMPLEMENT,5.0
METABRIC,,,,,,aggregation,Pathway_Proliferation,HALLMARK_E2F_TARGETS;HALLMARK_G2M_CHECKPOINT;HALLMARK_MYC_TARGETS_V1;HALLMARK_MYC_TARGETS_V2;HALLMARK_MITOTIC_SPINDLE,HALLMARK_E2F_TARGETS;HALLMARK_G2M_CHECKPOINT;HALLMARK_MYC_TARGETS_V1;HALLMARK_MYC_TARGETS_V2;HALLMARK_MITOTIC_SPINDLE,5.0
METABRIC,,,,,,aggregation,Pathway_DNA_Repair,HALLMARK_DNA_REPAIR;REACTOME_HDR_THROUGH_HOMOLOGOUS_RECOMBINATION_HRR;REACTOME_NUCLEOTIDE_EXCISION_REPAIR;REACTOME_MISMATCH_REPAIR;KEGG_MEDICUS_REFERENCE_HOMOLOGOUS_RECOMBINATION;KEGG_MEDICUS_REFERENCE_MISMATCH_REPAIR,HALLMARK_DNA_REPAIR;REACTOME_HDR_THROUGH_HOMOLOGOUS_RECOMBINATION_HRR;REACTOME_NUCLEOTIDE_EXCISION_REPAIR;REACTOME_MISMATCH_REPAIR;KEGG_MEDICUS_REFERENCE_HOMOLOGOUS_RECOMBINATION;KEGG_MEDICUS_REFERENCE_MISMATCH_REPAIR,6.0
METABRIC,,,,,,aggregation,Pathway_Metabolism,HALLMARK_OXIDATIVE_PHOSPHORYLATION;HALLMARK_GLYCOLYSIS;HALLMARK_FATTY_ACID_METABOLISM;KEGG_MEDICUS_REFERENCE_GLYCOLYSIS,HALLMARK_OXIDATIVE_PHOSPHORYLATION;HALLMARK_GLYCOLYSIS;HALLMARK_FATTY_ACID_METABOLISM;KEGG_MEDICUS_REFERENCE_GLYCOLYSIS,4.0
METABRIC,,,,,,aggregation,Pathway_Stromal_EMT,HALLMARK_EPITHELIAL_MESENCHYMAL_TRANSITION;HALLMARK_ANGIOGENESIS;HALLMARK_HEDGEHOG_SIGNALING,HALLMARK_EPITHELIAL_MESENCHYMAL_TRANSITION;HALLMARK_ANGIOGENESIS;HALLMARK_HEDGEHOG_SIGNALING,3.0
METABRIC,,,,,,aggregation,Pathway_Apoptosis_Stress,HALLMARK_APOPTOSIS;HALLMARK_P53_PATHWAY;HALLMARK_HYPOXIA,HALLMARK_APOPTOSIS;HALLMARK_P53_PATHWAY;HALLMARK_HYPOXIA,3.0
METABRIC,,,,,,aggregation,Pathway_Hormone,HALLMARK_ESTROGEN_RESPONSE_EARLY;HALLMARK_ESTROGEN_RESPONSE_LATE;HALLMARK_ANDROGEN_RESPONSE,HALLMARK_ESTROGEN_RESPONSE_EARLY;HALLMARK_ESTROGEN_RESPONSE_LATE;HALLMARK_ANDROGEN_RESPONSE,3.0
GSE20685,HALLMARK_ADIPOGENESIS,200.0,191.0,0.955,True,gene_coverage,,,,
GSE20685,HALLMARK_ALLOGRAFT_REJECTION,200.0,193.0,0.965,True,gene_coverage,,,,
GSE20685,HALLMARK_ANDROGEN_RESPONSE,101.0,95.0,0.9405940594059405,True,gene_coverage,,,,
GSE20685,HALLMARK_ANGIOGENESIS,36.0,35.0,0.9722222222222222,True,gene_coverage,,,,
GSE20685,HALLMARK_APICAL_JUNCTION,200.0,190.0,0.95,True,gene_coverage,,,,
GSE20685,HALLMARK_APICAL_SURFACE,44.0,43.0,0.9772727272727273,True,gene_coverage,,,,
GSE20685,HALLMARK_APOPTOSIS,161.0,160.0,0.9937888198757764,True,gene_coverage,,,,
GSE20685,HALLMARK_BILE_ACID_METABOLISM,112.0,109.0,0.9732142857142857,True,gene_coverage,,,,
GSE20685,HALLMARK_CHOLESTEROL_HOMEOSTASIS,74.0,71.0,0.9594594594594594,True,gene_coverage,,,,
GSE20685,HALLMARK_COAGULATION,138.0,136.0,0.9855072463768116,True,gene_coverage,,,,
GSE20685,HALLMARK_COMPLEMENT,200.0,196.0,0.98,True,gene_coverage,,,,
GSE20685,HALLMARK_DNA_REPAIR,150.0,143.0,0.9533333333333334,True,gene_coverage,,,,
GSE20685,HALLMARK_E2F_TARGETS,200.0,191.0,0.955,True,gene_coverage,,,,
GSE20685,HALLMARK_EPITHELIAL_MESENCHYMAL_TRANSITION,200.0,196.0,0.98,True,gene_coverage,,,,
GSE20685,HALLMARK_ESTROGEN_RESPONSE_EARLY,200.0,192.0,0.96,True,gene_coverage,,,,
GSE20685,HALLMARK_ESTROGEN_RESPONSE_LATE,200.0,195.0,0.975,True,gene_coverage,,,,
GSE20685,HALLMARK_FATTY_ACID_METABOLISM,158.0,153.0,0.9683544303797469,True,gene_coverage,,,,
GSE20685,HALLMARK_G2M_CHECKPOINT,200.0,187.0,0.935,True,gene_coverage,,,,
GSE20685,HALLMARK_GLYCOLYSIS,200.0,195.0,0.975,True,gene_coverage,,,,
GSE20685,HALLMARK_HEDGEHOG_SIGNALING,36.0,36.0,1.0,True,gene_coverage,,,,
GSE20685,HALLMARK_HEME_METABOLISM,200.0,190.0,0.95,True,gene_coverage,,,,
GSE20685,HALLMARK_HYPOXIA,200.0,194.0,0.97,True,gene_coverage,,,,
GSE20685,HALLMARK_IL2_STAT5_SIGNALING,199.0,195.0,0.9798994974874372,True,gene_coverage,,,,
GSE20685,HALLMARK_IL6_JAK_STAT3_SIGNALING,87.0,87.0,1.0,True,gene_coverage,,,,
GSE20685,HALLMARK_INFLAMMATORY_RESPONSE,200.0,199.0,0.995,True,gene_coverage,,,,
GSE20685,HALLMARK_INTERFERON_ALPHA_RESPONSE,97.0,92.0,0.9484536082474226,True,gene_coverage,,,,
GSE20685,HALLMARK_INTERFERON_GAMMA_RESPONSE,200.0,193.0,0.965,True,gene_coverage,,,,
GSE20685,HALLMARK_KRAS_SIGNALING_DN,200.0,192.0,0.96,True,gene_coverage,,,,
GSE20685,HALLMARK_KRAS_SIGNALING_UP,200.0,196.0,0.98,True,gene_coverage,,,,
GSE20685,HALLMARK_MITOTIC_SPINDLE,199.0,198.0,0.9949748743718593,True,gene_coverage,,,,
GSE20685,HALLMARK_MTORC1_SIGNALING,200.0,189.0,0.945,True,gene_coverage,,,,
GSE20685,HALLMARK_MYC_TARGETS_V1,200.0,185.0,0.925,True,gene_coverage,,,,
GSE20685,HALLMARK_MYC_TARGETS_V2,58.0,55.0,0.9482758620689655,True,gene_coverage,,,,
GSE20685,HALLMARK_MYOGENESIS,200.0,196.0,0.98,True,gene_coverage,,,,
GSE20685,HALLMARK_NOTCH_SIGNALING,32.0,31.0,0.96875,True,gene_coverage,,,,
GSE20685,HALLMARK_OXIDATIVE_PHOSPHORYLATION,200.0,181.0,0.905,True,gene_coverage,,,,
GSE20685,HALLMARK_P53_PATHWAY,200.0,190.0,0.95,True,gene_coverage,,,,
GSE20685,HALLMARK_PANCREAS_BETA_CELLS,40.0,40.0,1.0,True,gene_coverage,,,,
GSE20685,HALLMARK_PEROXISOME,104.0,101.0,0.9711538461538461,True,gene_coverage,,,,
GSE20685,HALLMARK_PI3K_AKT_MTOR_SIGNALING,105.0,104.0,0.9904761904761905,True,gene_coverage,,,,
GSE20685,HALLMARK_PROTEIN_SECRETION,96.0,95.0,0.9895833333333334,True,gene_coverage,,,,
GSE20685,HALLMARK_REACTIVE_OXYGEN_SPECIES_PATHWAY,49.0,48.0,0.9795918367346939,True,gene_coverage,,,,
GSE20685,HALLMARK_SPERMATOGENESIS,135.0,131.0,0.9703703703703703,True,gene_coverage,,,,
GSE20685,HALLMARK_TGF_BETA_SIGNALING,54.0,52.0,0.9629629629629629,True,gene_coverage,,,,
GSE20685,HALLMARK_TNFA_SIGNALING_VIA_NFKB,200.0,194.0,0.97,True,gene_coverage,,,,
GSE20685,HALLMARK_UNFOLDED_PROTEIN_RESPONSE,113.0,104.0,0.9203539823008849,True,gene_coverage,,,,
GSE20685,HALLMARK_UV_RESPONSE_DN,144.0,137.0,0.9513888888888888,True,gene_coverage,,,,
GSE20685,HALLMARK_UV_RESPONSE_UP,158.0,154.0,0.9746835443037974,True,gene_coverage,,,,
GSE20685,HALLMARK_WNT_BETA_CATENIN_SIGNALING,42.0,41.0,0.9761904761904762,True,gene_coverage,,,,
GSE20685,HALLMARK_XENOBIOTIC_METABOLISM,200.0,193.0,0.965,True,gene_coverage,,,,
GSE20685,KEGG_MEDICUS_ENV_FACTOR_E2_TO_NUCLEAR_INITIATED_ESTROGEN_SIGNALING_PATHWAY,7.0,7.0,1.0,True,gene_coverage,,,,
GSE20685,KEGG_MEDICUS_ENV_FACTOR_NICOTINE_NNK_TO_PI3K_SIGNALING_PATHWAY,11.0,11.0,1.0,True,gene_coverage,,,,
GSE20685,KEGG_MEDICUS_ENV_FACTOR_NNK_NNN_TO_PI3K_SIGNALING_PATHWAY_N01339,11.0,10.0,0.9090909090909091,True,gene_coverage,,,,
GSE20685,KEGG_MEDICUS_ENV_FACTOR_NNK_NNN_TO_PI3K_SIGNALING_PATHWAY_N01350,12.0,12.0,1.0,True,gene_coverage,,,,
GSE20685,KEGG_MEDICUS_PATHOGEN_EBV_EBNA1_TO_P53_MEDIATED_TRANSCRIPTION,10.0,10.0,1.0,True,gene_coverage,,,,
GSE20685,KEGG_MEDICUS_PATHOGEN_EBV_EBNA3C_TO_CELL_CYCLE_G1_S_N00483,9.0,9.0,1.0,True,gene_coverage,,,,
GSE20685,KEGG_MEDICUS_PATHOGEN_EBV_EBNA3C_TO_CELL_CYCLE_G1_S_N00484,5.0,5.0,1.0,True,gene_coverage,,,,
GSE20685,KEGG_MEDICUS_PATHOGEN_EBV_EBNA3C_TO_P27_CELL_CYCLE_G1_S_N00264,11.0,11.0,1.0,True,gene_coverage,,,,
GSE20685,KEGG_MEDICUS_PATHOGEN_EBV_EBNA3C_TO_P27_CELL_CYCLE_G1_S_N00482,9.0,9.0,1.0,True,gene_coverage,,,,
GSE20685,KEGG_MEDICUS_PATHOGEN_EBV_EBNA3C_TO_P53_MEDIATED_TRANSCRIPTION,10.0,10.0,1.0,True,gene_coverage,,,,
GSE20685,KEGG_MEDICUS_PATHOGEN_EBV_LMP1_TO_PI3K_SIGNALING_PATHWAY,5.0,5.0,1.0,True,gene_coverage,,,,
GSE20685,KEGG_MEDICUS_PATHOGEN_EBV_LMP2A_TO_PI3K_SIGNALING_PATHWAY,5.0,5.0,1.0,True,gene_coverage,,,,
GSE20685,KEGG_MEDICUS_PATHOGEN_ESCHERICHIA_TIR_TO_TLR2_4_MAPK_SIGNALING_PATHWAY,5.0,5.0,1.0,True,gene_coverage,,,,
GSE20685,KEGG_MEDICUS_PATHOGEN_HCMV_US28_TO_GNB_G_PI3K_NFKB_SIGNALING_PATHWAY,31.0,31.0,1.0,True,gene_coverage,,,,
GSE20685,KEGG_MEDICUS_PATHOGEN_HIV_GP120_TO_CXCR4_GNAI_PI3K_BAD_SIGNALING_PATHWAY,12.0,12.0,1.0,True,gene_coverage,,,,
GSE20685,KEGG_MEDICUS_PATHOGEN_HIV_VPR_TO_CDC25_CELL_CYCLE_G2M,11.0,11.0,1.0,True,gene_coverage,,,,
GSE20685,KEGG_MEDICUS_PATHOGEN_HIV_VPR_TO_WEE1_CELL_CYCLE_G2M,5.0,5.0,1.0,True,gene_coverage,,,,
GSE20685,KEGG_MEDICUS_PATHOGEN_HPV_E7_TO_CELL_CYCLE_G1_S,6.0,6.0,1.0,True,gene_coverage,,,,
GSE20685,KEGG_MEDICUS_PATHOGEN_HPV_E7_TO_P27_CELL_CYCLE_G1_S,7.0,7.0,1.0,True,gene_coverage,,,,
GSE20685,KEGG_MEDICUS_PATHOGEN_HTLV_1_TAX_TO_P21_CELL_CYCLE_G1_S_N00497,9.0,9.0,1.0,True,gene_coverage,,,,
GSE20685,KEGG_MEDICUS_PATHOGEN_HTLV_1_TAX_TO_P21_CELL_CYCLE_G1_S_N00498,8.0,8.0,1.0,True,gene_coverage,,,,
GSE20685,KEGG_MEDICUS_PATHOGEN_KSHV_VCYCLIN_TO_CELL_CYCLE_G1_S,6.0,6.0,1.0,True,gene_coverage,,,,
GSE20685,KEGG_MEDICUS_PATHOGEN_KSHV_VGPCR_TO_GNB_G_PI3K_AKT_SIGNALING_PATHWAY,24.0,24.0,1.0,True,gene_coverage,,,,
GSE20685,KEGG_MEDICUS_PATHOGEN_KSHV_VGPCR_TO_GNB_G_PI3K_JNK_SIGNALING_PATHWAY,29.0,29.0,1.0,True,gene_coverage,,,,
GSE20685,KEGG_MEDICUS_PATHOGEN_SHIGELLA_OSPF_TO_TLR2_4_MAPK_SIGNALING_PATHWAY,6.0,6.0,1.0,True,gene_coverage,,,,
GSE20685,KEGG_MEDICUS_PATHOGEN_YERSINIA_YOPP_J_TO_TLR2_4_MAPK_SIGNALING_PATHWAY,6.0,5.0,0.8333333333333334,True,gene_coverage,,,,
GSE20685,KEGG_MEDICUS_REFERENCE_26S_PROTEASOME_MEDIATED_PROTEIN_DEGRADATION,39.0,37.0,0.9487179487179487,True,gene_coverage,,,,
GSE20685,KEGG_MEDICUS_REFERENCE_ACH_CHRN_PI3K_SIGNALING_PATHWAY,7.0,6.0,0.8571428571428571,True,gene_coverage,,,,
GSE20685,KEGG_MEDICUS_REFERENCE_ACH_CHRN_RAS_ERK_SIGNALING_PATHWAY,21.0,20.0,0.9523809523809523,True,gene_coverage,,,,
GSE20685,KEGG_MEDICUS_REFERENCE_ACTH_CORTISOL_SIGNALING_PATHWAY,32.0,32.0,1.0,True,gene_coverage,,,,
GSE20685,KEGG_MEDICUS_REFERENCE_ACTIVATION_OF_PRC2.2_BY_UBIQUITINATION_OF_H2AK119,22.0,20.0,0.9090909090909091,True,gene_coverage,,,,
GSE20685,KEGG_MEDICUS_REFERENCE_ACTIVATION_OF_PRC2.2_BY_UBIQUITINATION_OF_H2AK119_IN_GERMLINE_GENES,27.0,25.0,0.9259259259259259,True,gene_coverage,,,,
GSE20685,KEGG_MEDICUS_REFERENCE_ACTIVIN_SIGNALING_PATHWAY,8.0,8.0,1.0,True,gene_coverage,,,,
GSE20685,KEGG_MEDICUS_REFERENCE_ADRB3_UCP1_SIGNALING_PATHWAY,35.0,34.0,0.9714285714285714,True,gene_coverage,,,,
GSE20685,KEGG_MEDICUS_REFERENCE_AGE_RAGE_SIGNALING_PATHWAY,16.0,16.0,1.0,True,gene_coverage,,,,
GSE20685,KEGG_MEDICUS_REFERENCE_AHR_SIGNALING_PATHWAY,8.0,8.0,1.0,True,gene_coverage,,,,
GSE20685,KEGG_MEDICUS_REFERENCE_ALTERNATIVE_PATHWAY_OF_COMPLEMENT_CASCADE_C3B_BREAKDOWN,5.0,5.0,1.0,True,gene_coverage,,,,
GSE20685,KEGG_MEDICUS_REFERENCE_AMH_SIGNALING_PATHWAY,9.0,8.0,0.8888888888888888,True,gene_coverage,,,,
GSE20685,KEGG_MEDICUS_REFERENCE_ANGII_AT1R_NOX2_SIGNALING_PATHWAY,8.0,8.0,1.0,True,gene_coverage,,,,
GSE20685,KEGG_MEDICUS_REFERENCE_ANGIOTENSIN_ALDOSTERONE_SIGNALING_PATHWAY,28.0,26.0,0.9285714285714286,True,gene_coverage,,,,
GSE20685,KEGG_MEDICUS_REFERENCE_ANTEROGRADE_AXONAL_TRANSPORT,24.0,20.0,0.8333333333333334,True,gene_coverage,,,,
GSE20685,KEGG_MEDICUS_REFERENCE_ANTIGEN_PROCESSING_AND_PRESENTATION_BY_MHC_CLASS_II_MOLECULES,15.0,12.0,0.8,True,gene_coverage,,,,
GSE20685,KEGG_MEDICUS_REFERENCE_ANTIGEN_PROCESSING_AND_PRESENTATION_BY_MHC_CLASS_I_MOLECULES,12.0,12.0,1.0,True,gene_coverage,,,,
GSE20685,KEGG_MEDICUS_REFERENCE_ANXA2_S100A10_REGULATED_ACTIN_CYTOSKELETON,5.0,4.0,0.8,False,gene_coverage,,,,
GSE20685,KEGG_MEDICUS_REFERENCE_AREG_EGFR_PI3K_SIGNALING_PATHWAY,11.0,11.0,1.0,True,gene_coverage,,,,
GSE20685,KEGG_MEDICUS_REFERENCE_AREG_EGFR_RAS_ERK_SIGNALING_PATHWAY,15.0,15.0,1.0,True,gene_coverage,,,,
GSE20685,KEGG_MEDICUS_REFERENCE_ARL8_REGULATED_MICROTUBULE_PLUS_END_DIRECTED_TRANSPORT,35.0,31.0,0.8857142857142857,True,gene_coverage,,,,
GSE20685,KEGG_MEDICUS_REFERENCE_ARNO_ARF_ACTB_G_SIGNALING_PATHWAY,25.0,24.0,0.96,True,gene_coverage,,,,
GSE20685,KEGG_MEDICUS_REFERENCE_ASSEMBLY_AND_TRAFFICKING_OF_TELOMERASE,19.0,15.0,0.7894736842105263,True,gene_coverage,,,,
GSE20685,KEGG_MEDICUS_REFERENCE_ATR_P21_CELL_CYCLE_G2_M,9.0,9.0,1.0,True,gene_coverage,,,,
GSE20685,KEGG_MEDICUS_REFERENCE_GLYCOLYSIS,25.0,23.0,0.92,True,gene_coverage,,,,
GSE20685,KEGG_MEDICUS_REFERENCE_HOMOLOGOUS_RECOMBINATION,33.0,32.0,0.9696969696969697,True,gene_coverage,,,,
GSE20685,KEGG_MEDICUS_REFERENCE_MISMATCH_REPAIR,26.0,25.0,0.9615384615384616,True,gene_coverage,,,,
GSE20685,REACTOME_ABERRANT_REGULATION_OF_MITOTIC_EXIT_IN_CANCER_DUE_TO_RB1_DEFECTS,20.0,19.0,0.95,True,gene_coverage,,,,
GSE20685,REACTOME_ABERRANT_REGULATION_OF_MITOTIC_G1_S_TRANSITION_IN_CANCER_DUE_TO_RB1_DEFECTS,17.0,17.0,1.0,True,gene_coverage,,,,
GSE20685,REACTOME_ACTIVATED_NTRK2_SIGNALS_THROUGH_PI3K,7.0,6.0,0.8571428571428571,True,gene_coverage,,,,
GSE20685,REACTOME_ACTIVATED_NTRK3_SIGNALS_THROUGH_PI3K,6.0,6.0,1.0,True,gene_coverage,,,,
GSE20685,REACTOME_ACTIVATED_PKN1_STIMULATES_TRANSCRIPTION_OF_AR_ANDROGEN_RECEPTOR_REGULATED_GENES_KLK2_AND_KLK3,66.0,7.0,0.10606060606060606,True,gene_coverage,,,,
GSE20685,REACTOME_ACTIVATED_TAK1_MEDIATES_P38_MAPK_ACTIVATION,23.0,21.0,0.9130434782608695,True,gene_coverage,,,,
GSE20685,REACTOME_ACTIVATION_OF_RAS_IN_B_CELLS,5.0,5.0,1.0,True,gene_coverage,,,,
GSE20685,REACTOME_ADAPTIVE_IMMUNE_SYSTEM,828.0,733.0,0.8852657004830918,True,gene_coverage,,,,
GSE20685,REACTOME_ADORA2B_MEDIATED_ANTI_INFLAMMATORY_CYTOKINES_PRODUCTION,43.0,43.0,1.0,True,gene_coverage,,,,
GSE20685,REACTOME_ALPHA_LINOLENIC_OMEGA3_AND_LINOLEIC_OMEGA6_ACID_METABOLISM,13.0,11.0,0.8461538461538461,True,gene_coverage,,,,
GSE20685,REACTOME_ANDROGEN_BIOSYNTHESIS,11.0,10.0,0.9090909090909091,True,gene_coverage,,,,
GSE20685,REACTOME_ANTIGEN_ACTIVATES_B_CELL_RECEPTOR_BCR_LEADING_TO_GENERATION_OF_SECOND_MESSENGERS,86.0,35.0,0.4069767441860465,True,gene_coverage,,,,
GSE20685,REACTOME_APC_C_MEDIATED_DEGRADATION_OF_CELL_CYCLE_PROTEINS,88.0,83.0,0.9431818181818182,True,gene_coverage,,,,
GSE20685,REACTOME_APOPTOSIS,179.0,164.0,0.9162011173184358,True,gene_coverage,,,,
GSE20685,REACTOME_APOPTOSIS_INDUCED_DNA_FRAGMENTATION,13.0,7.0,0.5384615384615384,True,gene_coverage,,,,
GSE20685,REACTOME_ARACHIDONIC_ACID_METABOLISM,59.0,56.0,0.9491525423728814,True,gene_coverage,,,,
GSE20685,REACTOME_ASPARTATE_AND_ASPARAGINE_METABOLISM,11.0,11.0,1.0,True,gene_coverage,,,,
GSE20685,REACTOME_ASSEMBLY_OF_COLLAGEN_FIBRILS_AND_OTHER_MULTIMERIC_STRUCTURES,61.0,61.0,1.0,True,gene_coverage,,,,
GSE20685,REACTOME_BETA_OXIDATION_OF_VERY_LONG_CHAIN_FATTY_ACIDS,11.0,11.0,1.0,True,gene_coverage,,,,
GSE20685,REACTOME_BILE_ACID_AND_BILE_SALT_METABOLISM,44.0,43.0,0.9772727272727273,True,gene_coverage,,,,
GSE20685,REACTOME_BIOTIN_TRANSPORT_AND_METABOLISM,11.0,11.0,1.0,True,gene_coverage,,,,
GSE20685,REACTOME_CARNITINE_METABOLISM,14.0,13.0,0.9285714285714286,True,gene_coverage,,,,
GSE20685,REACTOME_CD28_DEPENDENT_PI3K_AKT_SIGNALING,22.0,22.0,1.0,True,gene_coverage,,,,
GSE20685,REACTOME_CELLULAR_RESPONSE_TO_HYPOXIA,75.0,69.0,0.92,True,gene_coverage,,,,
GSE20685,REACTOME_CELL_CYCLE,694.0,602.0,0.8674351585014409,True,gene_coverage,,,,
GSE20685,REACTOME_CELL_CYCLE_CHECKPOINTS,291.0,244.0,0.8384879725085911,True,gene_coverage,,,,
GSE20685,REACTOME_CELL_CYCLE_MITOTIC,561.0,480.0,0.8556149732620321,True,gene_coverage,,,,
GSE20685,REACTOME_CELL_EXTRACELLULAR_MATRIX_INTERACTIONS,18.0,17.0,0.9444444444444444,True,gene_coverage,,,,
GSE20685,REACTOME_CHONDROITIN_SULFATE_DERMATAN_SULFATE_METABOLISM,50.0,50.0,1.0,True,gene_coverage,,,,
GSE20685,REACTOME_COBALAMIN_CBL_METABOLISM,7.0,6.0,0.8571428571428571,True,gene_coverage,,,,
GSE20685,REACTOME_COBALAMIN_CBL_VITAMIN_B12_TRANSPORT_AND_METABOLISM,22.0,18.0,0.8181818181818182,True,gene_coverage,,,,
GSE20685,REACTOME_COLLAGEN_BIOSYNTHESIS_AND_MODIFYING_ENZYMES,67.0,67.0,1.0,True,gene_coverage,,,,
GSE20685,REACTOME_COLLAGEN_CHAIN_TRIMERIZATION,44.0,44.0,1.0,True,gene_coverage,,,,
GSE20685,REACTOME_COLLAGEN_DEGRADATION,64.0,64.0,1.0,True,gene_coverage,,,,
GSE20685,REACTOME_COLLAGEN_FORMATION,90.0,90.0,1.0,True,gene_coverage,,,,
GSE20685,REACTOME_CONSTITUTIVE_SIGNALING_BY_ABERRANT_PI3K_IN_CANCER,83.0,81.0,0.9759036144578314,True,gene_coverage,,,,
GSE20685,REACTOME_CONSTITUTIVE_SIGNALING_BY_OVEREXPRESSED_ERBB2,11.0,11.0,1.0,True,gene_coverage,,,,
GSE20685,REACTOME_CREATINE_METABOLISM,11.0,9.0,0.8181818181818182,True,gene_coverage,,,,
GSE20685,REACTOME_CROSSLINKING_OF_COLLAGEN_FIBRILS,18.0,18.0,1.0,True,gene_coverage,,,,
GSE20685,REACTOME_CYTOKINE_SIGNALING_IN_IMMUNE_SYSTEM,789.0,730.0,0.9252217997465145,True,gene_coverage,,,,
GSE20685,REACTOME_DDX58_IFIH1_MEDIATED_INDUCTION_OF_INTERFERON_ALPHA_BETA,82.0,77.0,0.9390243902439024,True,gene_coverage,,,,
GSE20685,REACTOME_DEFECTIVE_INTRINSIC_PATHWAY_FOR_APOPTOSIS,25.0,25.0,1.0,True,gene_coverage,,,,
GSE20685,REACTOME_DEFECTS_IN_BIOTIN_BTN_METABOLISM,8.0,8.0,1.0,True,gene_coverage,,,,
GSE20685,REACTOME_DEFECTS_IN_COBALAMIN_B12_METABOLISM,14.0,12.0,0.8571428571428571,True,gene_coverage,,,,
GSE20685,REACTOME_DEFECTS_IN_VITAMIN_AND_COFACTOR_METABOLISM,22.0,20.0,0.9090909090909091,True,gene_coverage,,,,
GSE20685,REACTOME_DEFECTS_OF_PLATELET_ADHESION_TO_EXPOSED_COLLAGEN,8.0,7.0,0.875,True,gene_coverage,,,,
GSE20685,REACTOME_DEGRADATION_OF_THE_EXTRACELLULAR_MATRIX,140.0,138.0,0.9857142857142858,True,gene_coverage,,,,
GSE20685,REACTOME_DEX_H_BOX_HELICASES_ACTIVATE_TYPE_I_IFN_AND_INFLAMMATORY_CYTOKINES_PRODUCTION,7.0,7.0,1.0,True,gene_coverage,,,,
GSE20685,REACTOME_DISEASES_ASSOCIATED_WITH_GLYCOSAMINOGLYCAN_METABOLISM,41.0,41.0,1.0,True,gene_coverage,,,,
GSE20685,REACTOME_DISEASES_ASSOCIATED_WITH_SURFACTANT_METABOLISM,10.0,8.0,0.8,True,gene_coverage,,,,
GSE20685,REACTOME_DISEASES_OF_CARBOHYDRATE_METABOLISM,34.0,31.0,0.9117647058823529,True,gene_coverage,,,,
GSE20685,REACTOME_DISEASES_OF_DNA_REPAIR,51.0,46.0,0.9019607843137255,True,gene_coverage,,,,
GSE20685,REACTOME_DISEASES_OF_IMMUNE_SYSTEM,32.0,32.0,1.0,True,gene_coverage,,,,
GSE20685,REACTOME_DISEASES_OF_METABOLISM,250.0,233.0,0.932,True,gene_coverage,,,,
GSE20685,REACTOME_DISEASES_OF_MISMATCH_REPAIR_MMR,5.0,4.0,0.8,False,gene_coverage,,,,
GSE20685,REACTOME_DISEASES_OF_MITOTIC_CELL_CYCLE,38.0,37.0,0.9736842105263158,True,gene_coverage,,,,
GSE20685,REACTOME_DNA_REPAIR,332.0,267.0,0.8042168674698795,True,gene_coverage,,,,
GSE20685,REACTOME_DOWNREGULATION_OF_ERBB2_ERBB3_SIGNALING,13.0,13.0,1.0,True,gene_coverage,,,,
GSE20685,REACTOME_DOWNREGULATION_OF_ERBB2_SIGNALING,29.0,29.0,1.0,True,gene_coverage,,,,
GSE20685,REACTOME_DOWNREGULATION_OF_ERBB4_SIGNALING,9.0,9.0,1.0,True,gene_coverage,,,,
GSE20685,REACTOME_DOWNSTREAM_SIGNALING_EVENTS_OF_B_CELL_RECEPTOR_BCR,81.0,76.0,0.9382716049382716,True,gene_coverage,,,,
GSE20685,REACTOME_ENHANCED_BINDING_OF_GP1BA_VARIANT_TO_VWF_MULTIMER_COLLAGEN,7.0,6.0,0.8571428571428571,True,gene_coverage,,,,
GSE20685,REACTOME_ERBB2_ACTIVATES_PTK6_SIGNALING,13.0,13.0,1.0,True,gene_coverage,,,,
GSE20685,REACTOME_ERBB2_REGULATES_CELL_MOTILITY,15.0,14.0,0.9333333333333333,True,gene_coverage,,,,
GSE20685,REACTOME_ERK_MAPK_TARGETS,22.0,22.0,1.0,True,gene_coverage,,,,
GSE20685,REACTOME_ERYTHROPOIETIN_ACTIVATES_PHOSPHOINOSITIDE_3_KINASE_PI3K,12.0,12.0,1.0,True,gene_coverage,,,,
GSE20685,REACTOME_ESTROGEN_BIOSYNTHESIS,6.0,5.0,0.8333333333333334,True,gene_coverage,,,,
GSE20685,REACTOME_ESTROGEN_DEPENDENT_GENE_EXPRESSION,149.0,89.0,0.5973154362416108,True,gene_coverage,,,,
GSE20685,REACTOME_ESTROGEN_DEPENDENT_NUCLEAR_EVENTS_DOWNSTREAM_OF_ESR_MEMBRANE_SIGNALING,24.0,23.0,0.9583333333333334,True,gene_coverage,,,,
GSE20685,REACTOME_ESTROGEN_STIMULATED_SIGNALING_THROUGH_PRKCZ,6.0,6.0,1.0,True,gene_coverage,,,,
GSE20685,REACTOME_EVASION_BY_RSV_OF_HOST_INTERFERON_RESPONSES,35.0,30.0,0.8571428571428571,True,gene_coverage,,,,
GSE20685,REACTOME_EXTRACELLULAR_MATRIX_ORGANIZATION,300.0,294.0,0.98,True,gene_coverage,,,,
GSE20685,REACTOME_EXTRA_NUCLEAR_ESTROGEN_SIGNALING,75.0,74.0,0.9866666666666667,True,gene_coverage,,,,
GSE20685,REACTOME_FATTY_ACIDS,15.0,14.0,0.9333333333333333,True,gene_coverage,,,,
GSE20685,REACTOME_FATTY_ACIDS_BOUND_TO_GPR40_FFAR1_REGULATE_INSULIN_SECRETION,8.0,8.0,1.0,True,gene_coverage,,,,
GSE20685,REACTOME_FATTY_ACID_METABOLISM,176.0,162.0,0.9204545454545454,True,gene_coverage,,,,
GSE20685,REACTOME_FATTY_ACYL_COA_BIOSYNTHESIS,37.0,34.0,0.918918918918919,True,gene_coverage,,,,
GSE20685,REACTOME_FCERI_MEDIATED_MAPK_ACTIVATION,87.0,35.0,0.40229885057471265,True,gene_coverage,,,,
GSE20685,REACTOME_FICOLINS_BIND_TO_REPETITIVE_CARBOHYDRATE_STRUCTURES_ON_THE_TARGET_CELL_SURFACE,5.0,5.0,1.0,True,gene_coverage,,,,
GSE20685,REACTOME_FOXO_MEDIATED_TRANSCRIPTION_OF_CELL_CYCLE_GENES,17.0,17.0,1.0,True,gene_coverage,,,,
GSE20685,REACTOME_FOXO_MEDIATED_TRANSCRIPTION_OF_OXIDATIVE_STRESS_METABOLIC_AND_NEURONAL_GENES,30.0,29.0,0.9666666666666667,True,gene_coverage,,,,
GSE20685,REACTOME_FREE_FATTY_ACIDS_REGULATE_INSULIN_SECRETION,11.0,11.0,1.0,True,gene_coverage,,,,
GSE20685,REACTOME_FREE_FATTY_ACID_RECEPTORS,5.0,4.0,0.8,False,gene_coverage,,,,
GSE20685,REACTOME_FRUCTOSE_METABOLISM,7.0,7.0,1.0,True,gene_coverage,,,,
GSE20685,REACTOME_GAP_FILLING_DNA_REPAIR_SYNTHESIS_AND_LIGATION_IN_GG_NER,25.0,25.0,1.0,True,gene_coverage,,,,
GSE20685,REACTOME_GASTRIN_CREB_SIGNALLING_PATHWAY_VIA_PKC_AND_MAPK,18.0,18.0,1.0,True,gene_coverage,,,,
GSE20685,REACTOME_GLOBAL_GENOME_NUCLEOTIDE_EXCISION_REPAIR_GG_NER,84.0,82.0,0.9761904761904762,True,gene_coverage,,,,
GSE20685,REACTOME_GLUCOSE_METABOLISM,85.0,82.0,0.9647058823529412,True,gene_coverage,,,,
GSE20685,REACTOME_GLUTAMATE_AND_GLUTAMINE_METABOLISM,14.0,12.0,0.8571428571428571,True,gene_coverage,,,,
GSE20685,REACTOME_GLYCOGEN_METABOLISM,25.0,24.0,0.96,True,gene_coverage,,,,
GSE20685,REACTOME_GLYCOSAMINOGLYCAN_METABOLISM,126.0,124.0,0.9841269841269841,True,gene_coverage,,,,
GSE20685,REACTOME_GLYCOSPHINGOLIPID_METABOLISM,58.0,52.0,0.896551724137931,True,gene_coverage,,,,
GSE20685,REACTOME_GLYOXYLATE_METABOLISM_AND_GLYCINE_DEGRADATION,19.0,18.0,0.9473684210526315,True,gene_coverage,,,,
GSE20685,REACTOME_GRB2_EVENTS_IN_ERBB2_SIGNALING,16.0,16.0,1.0,True,gene_coverage,,,,
GSE20685,REACTOME_GRB2_SOS_PROVIDES_LINKAGE_TO_MAPK_SIGNALING_FOR_INTEGRINS,15.0,15.0,1.0,True,gene_coverage,,,,
GSE20685,REACTOME_GRB7_EVENTS_IN_ERBB2_SIGNALING,5.0,5.0,1.0,True,gene_coverage,,,,
GSE20685,REACTOME_G_BETA_GAMMA_SIGNALLING_THROUGH_PI3KGAMMA,25.0,25.0,1.0,True,gene_coverage,,,,
GSE20685,REACTOME_HDR_THROUGH_HOMOLOGOUS_RECOMBINATION_HRR,70.0,64.0,0.9142857142857143,True,gene_coverage,,,,
GSE20685,REACTOME_HEPARAN_SULFATE_HEPARIN_HS_GAG_METABOLISM,57.0,56.0,0.9824561403508771,True,gene_coverage,,,,
GSE20685,REACTOME_HOMOLOGOUS_DNA_PAIRING_AND_STRAND_EXCHANGE,43.0,40.0,0.9302325581395349,True,gene_coverage,,,,
GSE20685,REACTOME_HYALURONAN_METABOLISM,17.0,17.0,1.0,True,gene_coverage,,,,
GSE20685,REACTOME_IFNG_SIGNALING_ACTIVATES_MAPKS,8.0,8.0,1.0,True,gene_coverage,,,,
GSE20685,REACTOME_IL_6_TYPE_CYTOKINE_RECEPTOR_LIGAND_INTERACTIONS,17.0,16.0,0.9411764705882353,True,gene_coverage,,,,
GSE20685,REACTOME_INHIBITION_OF_THE_PROTEOLYTIC_ACTIVITY_OF_APC_C_REQUIRED_FOR_THE_ONSET_OF_ANAPHASE_BY_MITOTIC_SPINDLE_CHECKPOINT_COMPONENTS,21.0,20.0,0.9523809523809523,True,gene_coverage,,,,
GSE20685,REACTOME_INLA_MEDIATED_ENTRY_OF_LISTERIA_MONOCYTOGENES_INTO_HOST_CELLS,9.0,8.0,0.8888888888888888,True,gene_coverage,,,,
GSE20685,REACTOME_INLB_MEDIATED_ENTRY_OF_LISTERIA_MONOCYTOGENES_INTO_HOST_CELL,15.0,15.0,1.0,True,gene_coverage,,,,
GSE20685,REACTOME_INNATE_IMMUNE_SYSTEM,1128.0,984.0,0.8723404255319149,True,gene_coverage,,,,
GSE20685,REACTOME_INOSITOL_PHOSPHATE_METABOLISM,48.0,48.0,1.0,True,gene_coverage,,,,
GSE20685,REACTOME_INTEGRATION_OF_ENERGY_METABOLISM,108.0,107.0,0.9907407407407407,True,gene_coverage,,,,
GSE20685,REACTOME_INTERACTIONS_OF_REV_WITH_HOST_CELLULAR_PROTEINS,37.0,36.0,0.972972972972973,True,gene_coverage,,,,
GSE20685,REACTOME_INTERACTIONS_OF_VPR_WITH_HOST_CELLULAR_PROTEINS,37.0,36.0,0.972972972972973,True,gene_coverage,,,,
GSE20685,REACTOME_INTERFERON_ALPHA_BETA_SIGNALING,78.0,75.0,0.9615384615384616,True,gene_coverage,,,,
GSE20685,REACTOME_INTERFERON_GAMMA_SIGNALING,98.0,89.0,0.9081632653061225,True,gene_coverage,,,,
GSE20685,REACTOME_INTERFERON_SIGNALING,273.0,247.0,0.9047619047619048,True,gene_coverage,,,,
GSE20685,REACTOME_INTRINSIC_PATHWAY_FOR_APOPTOSIS,55.0,52.0,0.9454545454545454,True,gene_coverage,,,,
GSE20685,REACTOME_KERATAN_SULFATE_KERATIN_METABOLISM,36.0,35.0,0.9722222222222222,True,gene_coverage,,,,
GSE20685,REACTOME_KETONE_BODY_METABOLISM,10.0,10.0,1.0,True,gene_coverage,,,,
GSE20685,REACTOME_LINOLEIC_ACID_LA_METABOLISM,8.0,6.0,0.75,True,gene_coverage,,,,
GSE20685,REACTOME_LISTERIA_MONOCYTOGENES_ENTRY_INTO_HOST_CELLS,20.0,19.0,0.95,True,gene_coverage,,,,
GSE20685,REACTOME_MAP2K_AND_MAPK_ACTIVATION,40.0,39.0,0.975,True,gene_coverage,,,,
GSE20685,REACTOME_MAP3K8_TPL2_DEPENDENT_MAPK1_3_ACTIVATION,16.0,16.0,1.0,True,gene_coverage,,,,
GSE20685,REACTOME_MAPK1_ERK2_ACTIVATION,9.0,9.0,1.0,True,gene_coverage,,,,
GSE20685,REACTOME_MAPK3_ERK1_ACTIVATION,10.0,10.0,1.0,True,gene_coverage,,,,
GSE20685,REACTOME_MAPK6_MAPK4_SIGNALING,93.0,86.0,0.9247311827956989,True,gene_coverage,,,,
GSE20685,REACTOME_MAPK_FAMILY_SIGNALING_CASCADES,327.0,314.0,0.9602446483180428,True,gene_coverage,,,,
GSE20685,REACTOME_MAPK_TARGETS_NUCLEAR_EVENTS_MEDIATED_BY_MAP_KINASES,31.0,31.0,1.0,True,gene_coverage,,,,
GSE20685,REACTOME_MASTL_FACILITATES_MITOTIC_PROGRESSION,10.0,10.0,1.0,True,gene_coverage,,,,
GSE20685,REACTOME_METABOLISM_OF_AMINE_DERIVED_HORMONES,18.0,18.0,1.0,True,gene_coverage,,,,
GSE20685,REACTOME_METABOLISM_OF_AMINO_ACIDS_AND_DERIVATIVES,366.0,325.0,0.8879781420765027,True,gene_coverage,,,,
GSE20685,REACTOME_METABOLISM_OF_ANGIOTENSINOGEN_TO_ANGIOTENSINS,17.0,16.0,0.9411764705882353,True,gene_coverage,,,,
GSE20685,REACTOME_METABOLISM_OF_CARBOHYDRATES,288.0,280.0,0.9722222222222222,True,gene_coverage,,,,
GSE20685,REACTOME_METABOLISM_OF_COFACTORS,25.0,25.0,1.0,True,gene_coverage,,,,
GSE20685,REACTOME_METABOLISM_OF_FAT_SOLUBLE_VITAMINS,48.0,48.0,1.0,True,gene_coverage,,,,
GSE20685,REACTOME_METABOLISM_OF_FOLATE_AND_PTERINES,17.0,16.0,0.9411764705882353,True,gene_coverage,,,,
GSE20685,REACTOME_METABOLISM_OF_INGESTED_SEMET_SEC_MESEC_INTO_H2SE,8.0,8.0,1.0,True,gene_coverage,,,,
GSE20685,REACTOME_METABOLISM_OF_LIPIDS,757.0,699.0,0.9233817701453104,True,gene_coverage,,,,
GSE20685,REACTOME_METABOLISM_OF_NITRIC_OXIDE_NOS3_ACTIVATION_AND_REGULATION,14.0,14.0,1.0,True,gene_coverage,,,,
GSE20685,REACTOME_METABOLISM_OF_NUCLEOTIDES,97.0,90.0,0.9278350515463918,True,gene_coverage,,,,
GSE20685,REACTOME_METABOLISM_OF_POLYAMINES,59.0,55.0,0.9322033898305084,True,gene_coverage,,,,
GSE20685,REACTOME_METABOLISM_OF_PORPHYRINS,27.0,26.0,0.9629629629629629,True,gene_coverage,,,,
GSE20685,REACTOME_METABOLISM_OF_RNA,724.0,654.0,0.9033149171270718,True,gene_coverage,,,,
GSE20685,REACTOME_METABOLISM_OF_STEROIDS,154.0,147.0,0.9545454545454546,True,gene_coverage,,,,
GSE20685,REACTOME_METABOLISM_OF_STEROID_HORMONES,36.0,32.0,0.8888888888888888,True,gene_coverage,,,,
GSE20685,REACTOME_METABOLISM_OF_VITAMINS_AND_COFACTORS,198.0,192.0,0.9696969696969697,True,gene_coverage,,,,
GSE20685,REACTOME_METABOLISM_OF_WATER_SOLUBLE_VITAMINS_AND_COFACTORS,127.0,121.0,0.952755905511811,True,gene_coverage,,,,
GSE20685,REACTOME_MET_ACTIVATES_PI3K_AKT_SIGNALING,6.0,6.0,1.0,True,gene_coverage,,,,
GSE20685,REACTOME_MISMATCH_REPAIR,15.0,14.0,0.9333333333333333,True,gene_coverage,,,,
GSE20685,REACTOME_MITOCHONDRIAL_FATTY_ACID_BETA_OXIDATION,37.0,31.0,0.8378378378378378,True,gene_coverage,,,,
GSE20685,REACTOME_MITOCHONDRIAL_FATTY_ACID_BETA_OXIDATION_OF_SATURATED_FATTY_ACIDS,11.0,10.0,0.9090909090909091,True,gene_coverage,,,,
GSE20685,REACTOME_MITOCHONDRIAL_FATTY_ACID_BETA_OXIDATION_OF_UNSATURATED_FATTY_ACIDS,6.0,6.0,1.0,True,gene_coverage,,,,
GSE20685,REACTOME_MITOTIC_G1_PHASE_AND_G1_S_TRANSITION,149.0,146.0,0.9798657718120806,True,gene_coverage,,,,
GSE20685,REACTOME_MITOTIC_G2_G2_M_PHASES,200.0,186.0,0.93,True,gene_coverage,,,,
GSE20685,REACTOME_MITOTIC_METAPHASE_AND_ANAPHASE,236.0,222.0,0.940677966101695,True,gene_coverage,,,,
GSE20685,REACTOME_MITOTIC_PROMETAPHASE,204.0,193.0,0.946078431372549,True,gene_coverage,,,,
GSE20685,REACTOME_MITOTIC_PROPHASE,142.0,81.0,0.5704225352112676,True,gene_coverage,,,,
GSE20685,REACTOME_MITOTIC_SPINDLE_CHECKPOINT,111.0,108.0,0.972972972972973,True,gene_coverage,,,,
GSE20685,REACTOME_MITOTIC_TELOPHASE_CYTOKINESIS,13.0,13.0,1.0,True,gene_coverage,,,,
GSE20685,REACTOME_MODULATION_BY_MTB_OF_HOST_IMMUNE_SYSTEM,7.0,7.0,1.0,True,gene_coverage,,,,
GSE20685,REACTOME_NEGATIVE_FEEDBACK_REGULATION_OF_MAPK_PATHWAY,6.0,6.0,1.0,True,gene_coverage,,,,
GSE20685,REACTOME_NEGATIVE_REGULATION_OF_MAPK_PATHWAY,43.0,42.0,0.9767441860465116,True,gene_coverage,,,,
GSE20685,REACTOME_NEGATIVE_REGULATION_OF_THE_PI3K_AKT_NETWORK,118.0,116.0,0.9830508474576272,True,gene_coverage,,,,
GSE20685,REACTOME_NICOTINATE_METABOLISM,31.0,31.0,1.0,True,gene_coverage,,,,
GSE20685,REACTOME_NONHOMOLOGOUS_END_JOINING_NHEJ,68.0,29.0,0.4264705882352941,True,gene_coverage,,,,
GSE20685,REACTOME_NUCLEAR_SIGNALING_BY_ERBB4,32.0,31.0,0.96875,True,gene_coverage,,,,
GSE20685,REACTOME_NUCLEOTIDE_EXCISION_REPAIR,108.0,106.0,0.9814814814814815,True,gene_coverage,,,,
GSE20685,REACTOME_ONCOGENIC_MAPK_SIGNALING,82.0,78.0,0.9512195121951219,True,gene_coverage,,,,
GSE20685,REACTOME_OXIDATIVE_STRESS_INDUCED_SENESCENCE,125.0,62.0,0.496,True,gene_coverage,,,,
GSE20685,REACTOME_P130CAS_LINKAGE_TO_MAPK_SIGNALING_FOR_INTEGRINS,15.0,15.0,1.0,True,gene_coverage,,,,
GSE20685,REACTOME_P38MAPK_EVENTS,13.0,13.0,1.0,True,gene_coverage,,,,
GSE20685,REACTOME_P75NTR_NEGATIVELY_REGULATES_CELL_CYCLE_VIA_SC1,6.0,6.0,1.0,True,gene_coverage,,,,
GSE20685,REACTOME_PEPTIDE_HORMONE_METABOLISM,88.0,80.0,0.9090909090909091,True,gene_coverage,,,,
GSE20685,REACTOME_PEROXISOMAL_LIPID_METABOLISM,29.0,29.0,1.0,True,gene_coverage,,,,
GSE20685,REACTOME_PHENYLALANINE_AND_TYROSINE_METABOLISM,11.0,10.0,0.9090909090909091,True,gene_coverage,,,,
GSE20685,REACTOME_PHENYLALANINE_METABOLISM,6.0,5.0,0.8333333333333334,True,gene_coverage,,,,
GSE20685,REACTOME_PHOSPHOLIPID_METABOLISM,211.0,193.0,0.9146919431279621,True,gene_coverage,,,,
GSE20685,REACTOME_PI3K_AKT_ACTIVATION,9.0,9.0,1.0,True,gene_coverage,,,,
GSE20685,REACTOME_PI3K_AKT_SIGNALING_IN_CANCER,110.0,108.0,0.9818181818181818,True,gene_coverage,,,,
GSE20685,REACTOME_PI3K_EVENTS_IN_ERBB2_SIGNALING,16.0,16.0,1.0,True,gene_coverage,,,,
GSE20685,REACTOME_PI3K_EVENTS_IN_ERBB4_SIGNALING,10.0,10.0,1.0,True,gene_coverage,,,,
GSE20685,REACTOME_PI5P_REGULATES_TP53_ACETYLATION,9.0,8.0,0.8888888888888888,True,gene_coverage,,,,
GSE20685,REACTOME_PI_METABOLISM,84.0,79.0,0.9404761904761905,True,gene_coverage,,,,
GSE20685,REACTOME_PLATELET_ADHESION_TO_EXPOSED_COLLAGEN,16.0,15.0,0.9375,True,gene_coverage,,,,
GSE20685,REACTOME_POSTMITOTIC_NUCLEAR_PORE_COMPLEX_NPC_REFORMATION,27.0,27.0,1.0,True,gene_coverage,,,,
GSE20685,REACTOME_PTK6_REGULATES_CELL_CYCLE,6.0,6.0,1.0,True,gene_coverage,,,,
GSE20685,REACTOME_PYRUVATE_METABOLISM,49.0,48.0,0.9795918367346939,True,gene_coverage,,,,
GSE20685,REACTOME_RAF_INDEPENDENT_MAPK1_3_ACTIVATION,23.0,22.0,0.9565217391304348,True,gene_coverage,,,,
GSE20685,REACTOME_RECRUITMENT_OF_MITOTIC_CENTROSOME_PROTEINS_AND_COMPLEXES,81.0,76.0,0.9382716049382716,True,gene_coverage,,,,
GSE20685,REACTOME_RECRUITMENT_OF_NUMA_TO_MITOTIC_CENTROSOMES,95.0,87.0,0.9157894736842105,True,gene_coverage,,,,
GSE20685,REACTOME_REGULATION_OF_GENE_EXPRESSION_BY_HYPOXIA_INDUCIBLE_FACTOR,11.0,11.0,1.0,True,gene_coverage,,,,
GSE20685,REACTOME_REGULATION_OF_GLYCOLYSIS_BY_FRUCTOSE_2_6_BISPHOSPHATE_METABOLISM,12.0,12.0,1.0,True,gene_coverage,,,,
GSE20685,REACTOME_REGULATION_OF_INNATE_IMMUNE_RESPONSES_TO_CYTOSOLIC_DNA,15.0,13.0,0.8666666666666667,True,gene_coverage,,,,
GSE20685,REACTOME_REGULATION_OF_LIPID_METABOLISM_BY_PPARALPHA,118.0,112.0,0.9491525423728814,True,gene_coverage,,,,
GSE20685,REACTOME_REGULATION_OF_MITF_M_DEPENDENT_GENES_INVOLVED_IN_APOPTOSIS,19.0,18.0,0.9473684210526315,True,gene_coverage,,,,
GSE20685,REACTOME_REGULATION_OF_MITF_M_DEPENDENT_GENES_INVOLVED_IN_CELL_CYCLE_AND_PROLIFERATION,17.0,17.0,1.0,True,gene_coverage,,,,
GSE20685,REACTOME_REGULATION_OF_PYRUVATE_METABOLISM,33.0,33.0,1.0,True,gene_coverage,,,,
GSE20685,REACTOME_REGULATION_OF_TP53_ACTIVITY,160.0,156.0,0.975,True,gene_coverage,,,,
GSE20685,REACTOME_REGULATION_OF_TP53_ACTIVITY_THROUGH_ACETYLATION,30.0,29.0,0.9666666666666667,True,gene_coverage,,,,
GSE20685,REACTOME_REGULATION_OF_TP53_ACTIVITY_THROUGH_ASSOCIATION_WITH_CO_FACTORS,14.0,14.0,1.0,True,gene_coverage,,,,
GSE20685,REACTOME_REGULATION_OF_TP53_ACTIVITY_THROUGH_METHYLATION,19.0,19.0,1.0,True,gene_coverage,,,,
GSE20685,REACTOME_REGULATION_OF_TP53_ACTIVITY_THROUGH_PHOSPHORYLATION,92.0,89.0,0.967391304347826,True,gene_coverage,,,,
GSE20685,REACTOME_REGULATION_OF_TP53_EXPRESSION_AND_DEGRADATION,37.0,37.0,1.0,True,gene_coverage,,,,
GSE20685,REACTOME_RUNX1_REGULATES_ESTROGEN_RECEPTOR_MEDIATED_TRANSCRIPTION,6.0,5.0,0.8333333333333334,True,gene_coverage,,,,
GSE20685,REACTOME_RUNX3_REGULATES_IMMUNE_RESPONSE_AND_CELL_MIGRATION,6.0,6.0,1.0,True,gene_coverage,,,,
GSE20685,REACTOME_SARS_COV_1_ACTIVATES_MODULATES_INNATE_IMMUNE_RESPONSES,41.0,36.0,0.8780487804878049,True,gene_coverage,,,,
GSE20685,REACTOME_SARS_COV_2_ACTIVATES_MODULATES_INNATE_AND_ADAPTIVE_IMMUNE_RESPONSES,126.0,120.0,0.9523809523809523,True,gene_coverage,,,,
GSE20685,REACTOME_SELENOAMINO_ACID_METABOLISM,118.0,90.0,0.7627118644067796,True,gene_coverage,,,,
GSE20685,REACTOME_SHC1_EVENTS_IN_ERBB2_SIGNALING,22.0,22.0,1.0,True,gene_coverage,,,,
GSE20685,REACTOME_SHC1_EVENTS_IN_ERBB4_SIGNALING,14.0,14.0,1.0,True,gene_coverage,,,,
GSE20685,REACTOME_SIALIC_ACID_METABOLISM,33.0,31.0,0.9393939393939394,True,gene_coverage,,,,
GSE20685,REACTOME_SIGNALING_BY_ERBB2,50.0,49.0,0.98,True,gene_coverage,,,,
GSE20685,REACTOME_SIGNALING_BY_ERBB2_ECD_MUTANTS,16.0,16.0,1.0,True,gene_coverage,,,,
GSE20685,REACTOME_SIGNALING_BY_ERBB2_IN_CANCER,26.0,26.0,1.0,True,gene_coverage,,,,
GSE20685,REACTOME_SIGNALING_BY_ERBB4,58.0,57.0,0.9827586206896551,True,gene_coverage,,,,
GSE20685,REACTOME_SIGNALING_BY_MAPK_MUTANTS,7.0,6.0,0.8571428571428571,True,gene_coverage,,,,
GSE20685,REACTOME_SIGNALING_BY_THE_B_CELL_RECEPTOR_BCR,166.0,110.0,0.6626506024096386,True,gene_coverage,,,,
GSE20685,REACTOME_SPHINGOLIPID_METABOLISM,107.0,98.0,0.9158878504672897,True,gene_coverage,,,,
GSE20685,REACTOME_STING_MEDIATED_INDUCTION_OF_HOST_IMMUNE_RESPONSES,16.0,12.0,0.75,True,gene_coverage,,,,
GSE20685,REACTOME_SULFUR_AMINO_ACID_METABOLISM,28.0,27.0,0.9642857142857143,True,gene_coverage,,,,
GSE20685,REACTOME_SUMOYLATION_OF_IMMUNE_RESPONSE_PROTEINS,12.0,12.0,1.0,True,gene_coverage,,,,
GSE20685,REACTOME_SUPPRESSION_OF_APOPTOSIS,7.0,7.0,1.0,True,gene_coverage,,,,
GSE20685,REACTOME_SURFACTANT_METABOLISM,30.0,23.0,0.7666666666666667,True,gene_coverage,,,,
GSE20685,REACTOME_SYNTHESIS_OF_VERY_LONG_CHAIN_FATTY_ACYL_COAS,24.0,23.0,0.9583333333333334,True,gene_coverage,,,,
GSE20685,REACTOME_TFAP2_AP_2_FAMILY_REGULATES_TRANSCRIPTION_OF_CELL_CYCLE_FACTORS,5.0,5.0,1.0,True,gene_coverage,,,,
GSE20685,REACTOME_THE_FATTY_ACID_CYCLING_MODEL,5.0,5.0,1.0,True,gene_coverage,,,,
GSE20685,REACTOME_TP53_REGULATES_METABOLIC_GENES,84.0,80.0,0.9523809523809523,True,gene_coverage,,,,
GSE20685,REACTOME_TP53_REGULATES_TRANSCRIPTION_OF_ADDITIONAL_CELL_CYCLE_GENES_WHOSE_EXACT_ROLE_IN_THE_P53_PATHWAY_REMAIN_UNCERTAIN,21.0,21.0,1.0,True,gene_coverage,,,,
GSE20685,REACTOME_TP53_REGULATES_TRANSCRIPTION_OF_CASPASE_ACTIVATORS_AND_CASPASES,12.0,12.0,1.0,True,gene_coverage,,,,
GSE20685,REACTOME_TP53_REGULATES_TRANSCRIPTION_OF_CELL_CYCLE_GENES,49.0,49.0,1.0,True,gene_coverage,,,,
GSE20685,REACTOME_TP53_REGULATES_TRANSCRIPTION_OF_CELL_DEATH_GENES,44.0,43.0,0.9772727272727273,True,gene_coverage,,,,
GSE20685,REACTOME_TP53_REGULATES_TRANSCRIPTION_OF_DEATH_RECEPTORS_AND_LIGANDS,12.0,12.0,1.0,True,gene_coverage,,,,
GSE20685,REACTOME_TP53_REGULATES_TRANSCRIPTION_OF_DNA_REPAIR_GENES,62.0,54.0,0.8709677419354839,True,gene_coverage,,,,
GSE20685,REACTOME_TP53_REGULATES_TRANSCRIPTION_OF_GENES_INVOLVED_IN_CYTOCHROME_C_RELEASE,20.0,19.0,0.95,True,gene_coverage,,,,
GSE20685,REACTOME_TP53_REGULATES_TRANSCRIPTION_OF_GENES_INVOLVED_IN_G1_CELL_CYCLE_ARREST,14.0,14.0,1.0,True,gene_coverage,,,,
GSE20685,REACTOME_TP53_REGULATES_TRANSCRIPTION_OF_GENES_INVOLVED_IN_G2_CELL_CYCLE_ARREST,18.0,18.0,1.0,True,gene_coverage,,,,
GSE20685,REACTOME_TP53_REGULATES_TRANSCRIPTION_OF_SEVERAL_ADDITIONAL_CELL_DEATH_GENES_WHOSE_SPECIFIC_ROLES_IN_P53_DEPENDENT_APOPTOSIS_REMAIN_UNCERTAIN,14.0,14.0,1.0,True,gene_coverage,,,,
GSE20685,REACTOME_TRANSCRIPTIONAL_REGULATION_BY_TP53,360.0,343.0,0.9527777777777777,True,gene_coverage,,,,
GSE20685,REACTOME_TRANSCRIPTION_COUPLED_NUCLEOTIDE_EXCISION_REPAIR_TC_NER,76.0,75.0,0.9868421052631579,True,gene_coverage,,,,
GSE20685,REACTOME_TRANSPORT_OF_FATTY_ACIDS,8.0,7.0,0.875,True,gene_coverage,,,,
GSE20685,REACTOME_TRIGLYCERIDE_METABOLISM,38.0,34.0,0.8947368421052632,True,gene_coverage,,,,
GSE20685,REACTOME_VITAMIN_B1_THIAMIN_METABOLISM,5.0,5.0,1.0,True,gene_coverage,,,,
GSE20685,REACTOME_VITAMIN_B2_RIBOFLAVIN_METABOLISM,7.0,7.0,1.0,True,gene_coverage,,,,
GSE20685,REACTOME_VITAMIN_B5_PANTOTHENATE_METABOLISM,20.0,19.0,0.95,True,gene_coverage,,,,
GSE20685,REACTOME_VITAMIN_C_ASCORBATE_METABOLISM,8.0,8.0,1.0,True,gene_coverage,,,,
GSE20685,REACTOME_VITAMIN_D_CALCIFEROL_METABOLISM,12.0,11.0,0.9166666666666666,True,gene_coverage,,,,
GSE20685,,,,,,aggregation,Pathway_Immune,HALLMARK_INTERFERON_GAMMA_RESPONSE;HALLMARK_INTERFERON_ALPHA_RESPONSE;HALLMARK_INFLAMMATORY_RESPONSE;HALLMARK_ALLOGRAFT_REJECTION;HALLMARK_COMPLEMENT,HALLMARK_INTERFERON_GAMMA_RESPONSE;HALLMARK_INTERFERON_ALPHA_RESPONSE;HALLMARK_INFLAMMATORY_RESPONSE;HALLMARK_ALLOGRAFT_REJECTION;HALLMARK_COMPLEMENT,5.0
GSE20685,,,,,,aggregation,Pathway_Proliferation,HALLMARK_E2F_TARGETS;HALLMARK_G2M_CHECKPOINT;HALLMARK_MYC_TARGETS_V1;HALLMARK_MYC_TARGETS_V2;HALLMARK_MITOTIC_SPINDLE,HALLMARK_E2F_TARGETS;HALLMARK_G2M_CHECKPOINT;HALLMARK_MYC_TARGETS_V1;HALLMARK_MYC_TARGETS_V2;HALLMARK_MITOTIC_SPINDLE,5.0
GSE20685,,,,,,aggregation,Pathway_DNA_Repair,HALLMARK_DNA_REPAIR;REACTOME_HDR_THROUGH_HOMOLOGOUS_RECOMBINATION_HRR;REACTOME_NUCLEOTIDE_EXCISION_REPAIR;REACTOME_MISMATCH_REPAIR;KEGG_MEDICUS_REFERENCE_HOMOLOGOUS_RECOMBINATION;KEGG_MEDICUS_REFERENCE_MISMATCH_REPAIR,HALLMARK_DNA_REPAIR;REACTOME_HDR_THROUGH_HOMOLOGOUS_RECOMBINATION_HRR;REACTOME_NUCLEOTIDE_EXCISION_REPAIR;REACTOME_MISMATCH_REPAIR;KEGG_MEDICUS_REFERENCE_HOMOLOGOUS_RECOMBINATION;KEGG_MEDICUS_REFERENCE_MISMATCH_REPAIR,6.0
GSE20685,,,,,,aggregation,Pathway_Metabolism,HALLMARK_OXIDATIVE_PHOSPHORYLATION;HALLMARK_GLYCOLYSIS;HALLMARK_FATTY_ACID_METABOLISM;KEGG_MEDICUS_REFERENCE_GLYCOLYSIS,HALLMARK_OXIDATIVE_PHOSPHORYLATION;HALLMARK_GLYCOLYSIS;HALLMARK_FATTY_ACID_METABOLISM;KEGG_MEDICUS_REFERENCE_GLYCOLYSIS,4.0
GSE20685,,,,,,aggregation,Pathway_Stromal_EMT,HALLMARK_EPITHELIAL_MESENCHYMAL_TRANSITION;HALLMARK_ANGIOGENESIS;HALLMARK_HEDGEHOG_SIGNALING,HALLMARK_EPITHELIAL_MESENCHYMAL_TRANSITION;HALLMARK_ANGIOGENESIS;HALLMARK_HEDGEHOG_SIGNALING,3.0
GSE20685,,,,,,aggregation,Pathway_Apoptosis_Stress,HALLMARK_APOPTOSIS;HALLMARK_P53_PATHWAY;HALLMARK_HYPOXIA,HALLMARK_APOPTOSIS;HALLMARK_P53_PATHWAY;HALLMARK_HYPOXIA,3.0
GSE20685,,,,,,aggregation,Pathway_Hormone,HALLMARK_ESTROGEN_RESPONSE_EARLY;HALLMARK_ESTROGEN_RESPONSE_LATE;HALLMARK_ANDROGEN_RESPONSE,HALLMARK_ESTROGEN_RESPONSE_EARLY;HALLMARK_ESTROGEN_RESPONSE_LATE;HALLMARK_ANDROGEN_RESPONSE,3.0
